--
-- PostgreSQL database dump
--

-- Dumped from database version 14.5 (Homebrew)
-- Dumped by pg_dump version 14.4

-- Started on 2022-10-08 00:28:05 -03

SET statement_timeout = 0;
SET lock_timeout = 0;
SET idle_in_transaction_session_timeout = 0;
SET client_encoding = 'UTF8';
SET standard_conforming_strings = on;
SELECT pg_catalog.set_config('search_path', '', false);
SET check_function_bodies = false;
SET xmloption = content;
SET client_min_messages = warning;
SET row_security = off;

DROP DATABASE IF EXISTS voluntariadotbd;
--
-- TOC entry 3667 (class 1262 OID 25530)
-- Name: voluntariadotbd; Type: DATABASE; Schema: -; Owner: postgres
--

CREATE DATABASE voluntariadotbd WITH TEMPLATE = template0 ENCODING = 'UTF8';


ALTER DATABASE voluntariadotbd OWNER TO postgres;

\connect voluntariadotbd

SET statement_timeout = 0;
SET lock_timeout = 0;
SET idle_in_transaction_session_timeout = 0;
SET client_encoding = 'UTF8';
SET standard_conforming_strings = on;
SELECT pg_catalog.set_config('search_path', '', false);
SET check_function_bodies = false;
SET xmloption = content;
SET client_min_messages = warning;
SET row_security = off;

--
-- TOC entry 232 (class 1255 OID 25709)
-- Name: process_log(); Type: FUNCTION; Schema: public; Owner: postgres
--

CREATE FUNCTION public.process_log() RETURNS trigger
    LANGUAGE plpgsql
    AS $$
    BEGIN
        IF (TG_OP = 'UPDATE') THEN
			IF(new.flg_participa = 1) THEN
            	INSERT INTO public.log (id_voluntario, id_tarea, accion, fecha)
                	SELECT new.id_voluntario, new.id_tarea, 'cancelar', now();
			ELSIF(new.flg_participa = 2) THEN
				INSERT INTO public.log (id_voluntario, id_tarea, accion, fecha)
					SELECT new.id_voluntario, new.id_tarea, 'aceptar', now();
			ELSIF(new.flg_participa = 3) THEN
				INSERT INTO public.log (id_voluntario, id_tarea, accion, fecha)
					SELECT new.id_voluntario, new.id_tarea, 'rechazar', now();
			ELSIF(new.flg_participa = 4) THEN
				INSERT INTO public.log (id_voluntario, id_tarea, accion, fecha)
					SELECT new.id_voluntario, new.id_tarea, 'terminar', now();
			END IF;
		END IF;
        RETURN NULL; -- result is ignored since this is an AFTER trigger
    END;
$$;


ALTER FUNCTION public.process_log() OWNER TO postgres;

SET default_tablespace = '';

SET default_table_access_method = heap;

--
-- TOC entry 209 (class 1259 OID 25531)
-- Name: eme_habilidad; Type: TABLE; Schema: public; Owner: postgres
--

CREATE TABLE public.eme_habilidad (
    id integer NOT NULL,
    id_emergencia integer,
    id_habilidad integer
);


ALTER TABLE public.eme_habilidad OWNER TO postgres;

ALTER TABLE public.eme_habilidad ALTER COLUMN id ADD GENERATED ALWAYS AS IDENTITY (
    SEQUENCE NAME public.eme_habilidad_id_seq
    START WITH 20
    INCREMENT BY 1
    NO MINVALUE
    NO MAXVALUE
    CACHE 1
);

--
-- TOC entry 210 (class 1259 OID 25534)
-- Name: emergencia; Type: TABLE; Schema: public; Owner: postgres
--

CREATE TABLE public.emergencia (
    id integer NOT NULL,
    nombre character varying(100),
    descrip character varying(400),
    finicio date,
    ffin date,
    id_institucion integer
);


ALTER TABLE public.emergencia OWNER TO postgres;

ALTER TABLE public.emergencia ALTER COLUMN id ADD GENERATED ALWAYS AS IDENTITY (
    SEQUENCE NAME public.emergencia_id_seq
    START WITH 6
    INCREMENT BY 1
    NO MINVALUE
    NO MAXVALUE
    CACHE 1
);

--
-- TOC entry 211 (class 1259 OID 25539)
-- Name: estado_tarea; Type: TABLE; Schema: public; Owner: postgres
--

CREATE TABLE public.estado_tarea (
    id integer NOT NULL,
    descrip character varying(20)
);


ALTER TABLE public.estado_tarea OWNER TO postgres;

ALTER TABLE public.estado_tarea ALTER COLUMN id ADD GENERATED ALWAYS AS IDENTITY (
    SEQUENCE NAME public.estado_tarea_id_seq
    START WITH 4
    INCREMENT BY 1
    NO MINVALUE
    NO MAXVALUE
    CACHE 1
);

--
-- TOC entry 212 (class 1259 OID 25542)
-- Name: habilidad; Type: TABLE; Schema: public; Owner: postgres
--

CREATE TABLE public.habilidad (
    id integer NOT NULL,
    descrip character varying(100)
);


ALTER TABLE public.habilidad OWNER TO postgres;

ALTER TABLE public.habilidad ALTER COLUMN id ADD GENERATED ALWAYS AS IDENTITY (
    SEQUENCE NAME public.habilidad_id_seq
    START WITH 20
    INCREMENT BY 1
    NO MINVALUE
    NO MAXVALUE
    CACHE 1
);

--
-- TOC entry 213 (class 1259 OID 25545)
-- Name: institucion; Type: TABLE; Schema: public; Owner: postgres
--

CREATE TABLE public.institucion (
    id integer NOT NULL,
    nombre character varying(100),
    descrip character varying(400)
);


ALTER TABLE public.institucion OWNER TO postgres;

ALTER TABLE public.institucion ALTER COLUMN id ADD GENERATED ALWAYS AS IDENTITY (
    SEQUENCE NAME public.institucion_id_seq
    START WITH 6
    INCREMENT BY 1
    NO MINVALUE
    NO MAXVALUE
    CACHE 1
);

--
-- TOC entry 220 (class 1259 OID 25641)
-- Name: log; Type: TABLE; Schema: public; Owner: postgres
--

CREATE TABLE public.log (
    id integer NOT NULL,
    id_voluntario integer,
    id_tarea integer,
    accion character varying(10),
    fecha date
);


ALTER TABLE public.log OWNER TO postgres;

--
-- TOC entry 219 (class 1259 OID 25640)
-- Name: log_id_seq; Type: SEQUENCE; Schema: public; Owner: postgres
--

ALTER TABLE public.log ALTER COLUMN id ADD GENERATED ALWAYS AS IDENTITY (
    SEQUENCE NAME public.log_id_seq
    START WITH 7
    INCREMENT BY 1
    NO MINVALUE
    NO MAXVALUE
    CACHE 1
);


--
-- TOC entry 214 (class 1259 OID 25550)
-- Name: ranking; Type: TABLE; Schema: public; Owner: postgres
--

CREATE TABLE public.ranking (
    id integer NOT NULL,
    id_voluntario integer,
    id_tarea integer,
    puntaje integer,
    flg_invitado integer,
    flg_participa integer
);


ALTER TABLE public.ranking OWNER TO postgres;

ALTER TABLE public.ranking ALTER COLUMN id ADD GENERATED ALWAYS AS IDENTITY (
    SEQUENCE NAME public.ranking_id_seq
    START WITH 2000
    INCREMENT BY 1
    NO MINVALUE
    NO MAXVALUE
    CACHE 1
);

--
-- TOC entry 3668 (class 0 OID 0)
-- Dependencies: 214
-- Name: TABLE ranking; Type: COMMENT; Schema: public; Owner: postgres
--

COMMENT ON TABLE public.ranking IS 'los flgInvitado, flgParticipa 1 si la respuesta es si, 2 si la respuesta es no';


--
-- TOC entry 215 (class 1259 OID 25553)
-- Name: tarea; Type: TABLE; Schema: public; Owner: postgres
--

CREATE TABLE public.tarea (
    id integer NOT NULL,
    nombre character varying(60),
    descrip character varying(300),
    cant_vol_requeridos integer,
    cant_vol_inscritos integer,
    id_emergencia integer,
    finicio date,
    ffin date,
    id_estado integer
);


ALTER TABLE public.tarea OWNER TO postgres;

ALTER TABLE public.tarea ALTER COLUMN id ADD GENERATED ALWAYS AS IDENTITY (
    SEQUENCE NAME public.tarea_id_seq
    START WITH 200
    INCREMENT BY 1
    NO MINVALUE
    NO MAXVALUE
    CACHE 1
);

--
-- TOC entry 216 (class 1259 OID 25556)
-- Name: tarea_habilidad; Type: TABLE; Schema: public; Owner: postgres
--

CREATE TABLE public.tarea_habilidad (
    id integer NOT NULL,
    id_emehab integer,
    id_tarea integer
);


ALTER TABLE public.tarea_habilidad OWNER TO postgres;

ALTER TABLE public.tarea_habilidad ALTER COLUMN id ADD GENERATED ALWAYS AS IDENTITY (
    SEQUENCE NAME public.tarea_habilidad_id_seq
    START WITH 200
    INCREMENT BY 1
    NO MINVALUE
    NO MAXVALUE
    CACHE 1
);

--
-- TOC entry 217 (class 1259 OID 25559)
-- Name: vol_habilidad; Type: TABLE; Schema: public; Owner: postgres
--

CREATE TABLE public.vol_habilidad (
    id integer NOT NULL,
    id_voluntario integer,
    id_habilidad integer
);


ALTER TABLE public.vol_habilidad OWNER TO postgres;

ALTER TABLE public.vol_habilidad ALTER COLUMN id ADD GENERATED ALWAYS AS IDENTITY (
    SEQUENCE NAME public.vol_habilidad_id_seq
    START WITH 21000
    INCREMENT BY 1
    NO MINVALUE
    NO MAXVALUE
    CACHE 1
);

--
-- TOC entry 218 (class 1259 OID 25562)
-- Name: voluntario; Type: TABLE; Schema: public; Owner: postgres
--

CREATE TABLE public.voluntario (
    id integer NOT NULL,
    nombre character varying(100),
    fnacimiento date
);


ALTER TABLE public.voluntario OWNER TO postgres;

ALTER TABLE public.voluntario ALTER COLUMN id ADD GENERATED ALWAYS AS IDENTITY (
    SEQUENCE NAME public.voluntario_id_seq
    START WITH 1100
    INCREMENT BY 1
    NO MINVALUE
    NO MAXVALUE
    CACHE 1
);

--
-- TOC entry 3650 (class 0 OID 25531)
-- Dependencies: 209
-- Data for Name: eme_habilidad; Type: TABLE DATA; Schema: public; Owner: postgres
--

COPY public.eme_habilidad (id, id_emergencia, id_habilidad) FROM stdin;
0	0	19
1	3	12
2	1	5
3	2	3
4	1	19
5	3	19
6	0	15
7	5	18
8	3	11
9	1	4
10	2	8
11	2	0
12	4	5
13	5	16
14	5	4
15	4	9
16	5	9
17	4	3
18	3	7
19	3	12
\.


--
-- TOC entry 3651 (class 0 OID 25534)
-- Dependencies: 210
-- Data for Name: emergencia; Type: TABLE DATA; Schema: public; Owner: postgres
--

COPY public.emergencia (id, nombre, descrip, finicio, ffin, id_institucion) FROM stdin;
0	emergencia_0	descrip_0	1994-02-24	2014-08-06	0
1	emergencia_1	descrip_1	1993-09-10	2001-05-12	0
2	emergencia_2	descrip_2	1990-07-26	2006-10-16	4
3	emergencia_3	descrip_3	1996-06-16	2019-04-28	1
4	emergencia_4	descrip_4	1997-08-14	2007-06-08	1
5	emergencia_5	descrip_5	1991-10-27	2005-07-12	0
\.


--
-- TOC entry 3652 (class 0 OID 25539)
-- Dependencies: 211
-- Data for Name: estado_tarea; Type: TABLE DATA; Schema: public; Owner: postgres
--

COPY public.estado_tarea (id, descrip) FROM stdin;
0	pendiente
1	aceptado
2	rechazado
3	jajaxd
\.


--
-- TOC entry 3653 (class 0 OID 25542)
-- Dependencies: 212
-- Data for Name: habilidad; Type: TABLE DATA; Schema: public; Owner: postgres
--

COPY public.habilidad (id, descrip) FROM stdin;
0	Habilidad_0
1	Habilidad_1
2	Habilidad_2
3	Habilidad_3
4	Habilidad_4
5	Habilidad_5
6	Habilidad_6
7	Habilidad_7
8	Habilidad_8
9	Habilidad_9
10	Habilidad_10
11	Habilidad_11
12	Habilidad_12
13	Habilidad_13
14	Habilidad_14
15	Habilidad_15
16	Habilidad_16
17	Habilidad_17
18	Habilidad_18
19	Habilidad_19
\.


--
-- TOC entry 3654 (class 0 OID 25545)
-- Dependencies: 213
-- Data for Name: institucion; Type: TABLE DATA; Schema: public; Owner: postgres
--

COPY public.institucion (id, nombre, descrip) FROM stdin;
0	institucion_0	descrip_0
1	institucion_1	descrip_1
2	institucion_2	descrip_2
3	institucion_3	descrip_3
4	institucion_4	descrip_4
5	institucion_5	descrip_5
\.


--
-- TOC entry 3661 (class 0 OID 25641)
-- Dependencies: 220
-- Data for Name: log; Type: TABLE DATA; Schema: public; Owner: postgres
--

COPY public.log (id, id_voluntario, id_tarea, accion, fecha) FROM stdin;
\.


--
-- TOC entry 3655 (class 0 OID 25550)
-- Dependencies: 214
-- Data for Name: ranking; Type: TABLE DATA; Schema: public; Owner: postgres
--

COPY public.ranking (id, id_voluntario, id_tarea, puntaje, flg_invitado, flg_participa) FROM stdin;
0	741	92	8	1	0
5	285	55	41	1	2
2	953	38	55	1	1
3	348	43	63	1	1
4	90	16	3	1	1
6	801	9	20	1	1
7	767	53	29	1	1
8	499	49	90	1	1
9	598	65	68	1	1
10	993	6	55	1	1
11	645	31	19	1	1
12	757	7	60	1	1
13	597	6	74	1	1
14	801	6	41	1	1
15	3	82	59	1	1
16	853	49	13	1	1
17	673	43	75	1	1
18	925	0	34	1	1
19	734	56	26	1	1
20	960	44	84	1	1
21	164	42	28	1	1
22	75	78	82	1	1
23	331	54	15	1	1
24	253	71	95	1	1
25	982	8	28	1	1
26	162	16	73	1	1
27	930	94	60	1	1
28	977	68	18	1	1
29	268	52	65	1	1
30	10	25	82	1	1
31	861	41	99	1	1
32	49	88	83	1	1
33	817	82	39	1	1
34	35	81	42	1	1
35	101	27	27	1	1
36	411	55	60	1	1
37	763	13	17	1	1
38	575	54	17	1	1
39	292	14	48	1	1
40	61	45	93	1	1
41	332	26	98	1	1
42	512	46	25	1	1
43	166	46	80	1	1
44	23	4	65	1	1
45	940	86	20	1	1
46	840	28	81	1	1
47	442	80	17	1	1
48	691	81	39	1	1
49	978	74	34	1	1
50	453	82	0	1	1
51	948	20	84	1	1
52	191	45	73	1	1
53	339	28	43	1	1
54	897	18	94	1	1
55	487	56	76	1	1
56	298	50	65	1	1
57	432	36	16	1	1
58	551	19	34	1	1
59	397	33	30	1	1
60	229	26	15	1	1
61	747	97	55	1	1
62	337	17	26	1	1
63	633	31	64	1	1
64	11	34	65	1	1
65	90	2	91	1	1
66	132	37	6	1	1
67	926	23	20	1	1
68	942	72	33	1	1
69	378	45	51	1	1
70	847	24	93	1	1
71	558	61	76	1	1
72	391	71	37	1	1
73	764	24	20	1	1
74	870	17	58	1	1
75	691	42	27	1	1
76	799	31	96	1	1
77	44	47	11	1	1
78	780	30	42	1	1
79	736	16	34	1	1
80	760	22	87	1	1
81	235	44	6	1	1
82	510	26	87	1	1
83	934	48	22	1	1
84	755	23	76	1	1
85	163	95	96	1	1
86	208	46	6	1	1
87	400	20	70	1	1
88	112	14	17	1	1
89	587	24	53	1	1
90	914	72	2	1	1
91	988	40	0	1	1
92	756	83	54	1	1
93	198	24	58	1	1
94	120	40	21	1	1
95	398	32	51	1	1
96	561	62	7	1	1
97	456	71	56	1	1
98	299	53	44	1	1
99	373	37	78	1	1
100	855	15	75	1	1
101	80	51	80	1	1
102	509	29	42	1	1
103	2	40	44	1	1
104	958	53	96	1	1
105	504	14	18	1	1
106	893	88	7	1	1
107	241	0	83	1	1
108	441	98	46	1	1
109	972	54	88	1	1
110	722	28	99	1	1
111	78	80	47	1	1
112	627	12	62	1	1
113	657	15	73	1	1
114	666	55	1	1	1
115	253	83	37	1	1
116	816	88	49	1	1
117	183	0	4	1	1
118	461	9	47	1	1
119	376	59	4	1	1
120	662	81	44	1	1
121	384	53	67	1	1
122	584	39	7	1	1
123	162	94	4	1	1
124	896	81	88	1	1
125	536	88	68	1	1
126	171	51	94	1	1
127	187	11	92	1	1
128	771	16	96	1	1
129	988	18	5	1	1
130	783	90	28	1	1
131	741	44	72	1	1
132	334	11	73	1	1
133	662	39	52	1	1
134	119	22	24	1	1
135	861	87	91	1	1
136	984	35	61	1	1
137	985	38	71	1	1
138	738	4	69	1	1
139	428	15	47	1	1
140	800	60	77	1	1
141	783	78	52	1	1
142	603	55	16	1	1
143	75	62	66	1	1
144	79	80	6	1	1
145	469	68	66	1	1
146	563	89	34	1	1
147	949	34	91	1	1
148	746	28	23	1	1
149	653	29	17	1	1
150	257	12	30	1	1
151	360	68	38	1	1
152	267	86	85	1	1
153	681	86	59	1	1
154	145	40	50	1	1
155	633	56	57	1	1
156	599	55	58	1	1
157	961	80	54	1	1
158	381	40	77	1	1
159	328	1	75	1	1
160	109	78	79	1	1
161	254	48	15	1	1
162	5	5	97	1	1
163	215	14	87	1	1
164	723	34	20	1	1
165	519	43	13	1	1
166	761	22	33	1	1
167	3	96	11	1	1
168	164	76	57	1	1
169	478	88	73	1	1
170	892	65	71	1	1
171	566	90	15	1	1
172	236	36	0	1	1
173	455	5	32	1	1
174	946	15	91	1	1
175	243	0	12	1	1
176	831	55	42	1	1
177	646	69	84	1	1
178	123	51	38	1	1
179	338	36	49	1	1
180	149	87	18	1	1
181	121	42	52	1	1
182	390	79	67	1	1
183	902	35	58	1	1
184	930	56	25	1	1
185	599	35	58	1	1
186	721	77	66	1	1
187	969	66	60	1	1
188	896	88	30	1	1
189	478	55	21	1	1
190	88	67	56	1	1
191	313	32	11	1	1
192	200	55	86	1	1
193	573	48	82	1	1
194	526	88	54	1	1
195	312	46	84	1	1
196	475	67	52	1	1
197	23	44	63	1	1
198	112	98	97	1	1
199	277	13	24	1	1
200	726	20	42	1	1
201	897	80	55	1	1
202	885	24	94	1	1
203	700	36	54	1	1
204	163	85	80	1	1
205	231	6	75	1	1
206	987	39	77	1	1
207	966	30	62	1	1
208	399	78	68	1	1
209	885	8	98	1	1
210	88	13	54	1	1
211	254	49	55	1	1
212	822	23	24	1	1
213	252	51	82	1	1
214	188	40	84	1	1
215	141	6	18	1	1
216	851	71	11	1	1
217	852	87	20	1	1
218	993	53	17	1	1
219	771	90	11	1	1
220	899	56	66	1	1
221	259	1	88	1	1
222	66	86	73	1	1
223	772	26	48	1	1
224	142	34	62	1	1
225	414	74	50	1	1
226	210	9	0	1	1
227	228	1	30	1	1
228	747	3	30	1	1
229	980	67	81	1	1
230	352	43	16	1	1
231	344	33	11	1	1
232	652	51	48	1	1
233	743	1	93	1	1
234	962	13	85	1	1
235	839	3	21	1	1
236	263	28	49	1	1
237	694	66	9	1	1
238	715	77	29	1	1
239	289	97	89	1	1
240	608	82	1	1	1
241	880	97	59	1	1
242	267	33	45	1	1
243	589	42	29	1	1
244	614	73	92	1	1
245	220	85	23	1	1
246	134	2	66	1	1
247	330	64	32	1	1
248	371	79	82	1	1
249	573	14	58	1	1
250	899	73	93	1	1
251	696	64	22	1	1
252	548	17	44	1	1
253	276	30	10	1	1
254	946	2	99	1	1
255	100	52	42	1	1
256	874	47	76	1	1
257	405	96	63	1	1
258	717	7	11	1	1
259	829	76	60	1	1
260	61	83	91	1	1
261	99	63	63	1	1
262	279	15	17	1	1
263	0	14	2	1	1
264	845	83	55	1	1
265	944	39	76	1	1
266	961	66	33	1	1
267	684	45	56	1	1
268	401	1	7	1	1
269	464	40	17	1	1
270	590	92	63	1	1
271	347	80	66	1	1
272	43	34	78	1	1
273	528	1	99	1	1
274	876	62	97	1	1
275	480	70	52	1	1
276	31	96	64	1	1
277	108	63	12	1	1
278	543	42	18	1	1
279	369	85	72	1	1
280	905	89	33	1	1
281	657	77	89	1	1
282	272	86	77	1	1
283	601	75	61	1	1
284	802	49	9	1	1
285	50	60	58	1	1
286	395	77	90	1	1
287	669	42	64	1	1
288	529	83	9	1	1
289	459	12	14	1	1
290	162	56	60	1	1
291	861	99	53	1	1
292	434	93	27	1	1
293	494	68	88	1	1
294	323	12	53	1	1
295	756	66	13	1	1
296	336	60	74	1	1
297	160	46	71	1	1
298	957	84	3	1	1
299	801	7	53	1	1
300	323	50	32	1	1
301	688	22	10	1	1
302	361	46	12	1	1
303	348	24	87	1	1
304	723	87	34	1	1
305	768	93	69	1	1
306	310	58	77	1	1
307	398	54	47	1	1
308	436	7	54	1	1
309	323	21	95	1	1
310	965	98	16	1	1
311	692	86	64	1	1
312	219	42	60	1	1
313	437	16	67	1	1
314	974	58	25	1	1
315	137	17	18	1	1
316	580	71	4	1	1
317	777	82	5	1	1
318	526	41	62	1	1
319	700	72	9	1	1
320	315	82	62	1	1
321	809	69	9	1	1
322	15	28	87	1	1
323	329	66	13	1	1
324	80	15	67	1	1
325	180	25	55	1	1
326	347	61	70	1	1
327	29	59	32	1	1
328	587	6	59	1	1
329	906	51	43	1	1
330	690	27	70	1	1
331	65	32	55	1	1
332	156	49	27	1	1
333	46	19	29	1	1
334	37	30	12	1	1
335	967	81	74	1	1
336	360	88	26	1	1
337	293	77	5	1	1
338	768	29	99	1	1
339	346	29	14	1	1
340	352	36	24	1	1
341	156	17	40	1	1
342	326	63	19	1	1
343	224	31	45	1	1
344	808	6	41	1	1
345	595	89	94	1	1
346	699	95	24	1	1
347	279	2	79	1	1
348	159	89	2	1	1
349	659	30	19	1	1
350	372	30	70	1	1
351	274	58	82	1	1
352	240	94	6	1	1
353	870	76	47	1	1
354	814	65	49	1	1
355	689	56	70	1	1
356	986	35	83	1	1
357	21	83	0	1	1
358	13	51	23	1	1
359	934	36	91	1	1
360	155	44	18	1	1
361	970	15	55	1	1
362	492	15	94	1	1
363	21	1	79	1	1
364	756	33	94	1	1
365	181	35	71	1	1
366	988	91	33	1	1
367	961	22	35	1	1
368	799	93	86	1	1
369	170	11	67	1	1
370	458	93	59	1	1
371	870	99	92	1	1
372	877	8	0	1	1
373	996	50	63	1	1
374	253	40	75	1	1
375	137	89	2	1	1
376	994	82	18	1	1
377	30	2	33	1	1
378	540	40	11	1	1
379	587	35	60	1	1
380	239	38	84	1	1
381	452	16	46	1	1
382	334	17	49	1	1
383	159	36	68	1	1
384	758	69	79	1	1
385	320	74	64	1	1
386	696	95	78	1	1
387	859	55	23	1	1
388	316	69	67	1	1
389	804	39	64	1	1
390	27	53	17	1	1
391	292	20	32	1	1
392	268	25	29	1	1
393	677	44	58	1	1
394	271	66	32	1	1
395	316	98	22	1	1
396	69	51	64	1	1
397	694	43	73	1	1
398	97	77	50	1	1
399	939	95	63	1	1
400	636	19	46	1	1
401	696	33	15	1	1
402	580	56	83	1	1
403	788	45	81	1	1
404	117	80	92	1	1
405	827	40	39	1	1
406	495	89	1	1	1
407	160	47	39	1	1
408	922	58	49	1	1
409	23	12	32	1	1
410	530	28	99	1	1
411	886	55	5	1	1
412	279	52	50	1	1
413	13	89	90	1	1
414	586	18	69	1	1
415	811	83	32	1	1
416	353	77	87	1	1
417	866	87	34	1	1
418	299	48	98	1	1
419	675	59	31	1	1
420	827	90	93	1	1
421	183	93	91	1	1
422	259	92	36	1	1
423	464	85	62	1	1
424	257	40	0	1	1
425	73	84	58	1	1
426	261	77	58	1	1
427	243	85	26	1	1
428	867	81	5	1	1
429	34	7	90	1	1
430	790	51	36	1	1
431	165	65	30	1	1
432	755	23	29	1	1
433	467	40	66	1	1
434	130	28	66	1	1
435	566	79	56	1	1
436	791	68	77	1	1
437	646	68	8	1	1
438	773	77	60	1	1
439	372	59	6	1	1
440	690	68	36	1	1
441	635	42	76	1	1
442	273	27	55	1	1
443	965	47	76	1	1
444	435	31	86	1	1
445	401	65	72	1	1
446	302	74	33	1	1
447	541	41	28	1	1
448	652	58	38	1	1
449	36	93	2	1	1
450	346	63	87	1	1
451	110	11	4	1	1
452	865	74	30	1	1
453	78	8	51	1	1
454	315	54	50	1	1
455	428	9	90	1	1
456	64	93	54	1	1
457	773	12	25	1	1
458	75	90	53	1	1
459	286	44	78	1	1
460	571	69	38	1	1
461	776	14	16	1	1
462	331	27	14	1	1
463	221	76	22	1	1
464	615	2	23	1	1
465	894	50	99	1	1
466	561	8	0	1	1
467	446	65	2	1	1
468	18	9	97	1	1
469	275	93	70	1	1
470	122	68	13	1	1
471	672	72	24	1	1
472	452	44	66	1	1
473	160	0	41	1	1
474	613	19	93	1	1
475	900	24	0	1	1
476	935	73	25	1	1
477	457	12	78	1	1
478	308	7	82	1	1
479	653	39	9	1	1
480	198	4	66	1	1
481	600	0	35	1	1
482	891	5	51	1	1
483	319	60	52	1	1
484	687	2	7	1	1
485	348	86	80	1	1
486	853	53	22	1	1
487	2	93	63	1	1
488	539	96	48	1	1
489	558	43	52	1	1
490	359	25	60	1	1
491	87	6	19	1	1
492	380	97	65	1	1
493	344	67	1	1	1
494	309	22	40	1	1
495	581	18	98	1	1
496	357	40	54	1	1
497	86	50	89	1	1
498	668	30	62	1	1
499	136	68	13	1	1
500	497	59	47	1	1
501	155	47	34	1	1
502	651	78	38	1	1
503	975	42	49	1	1
504	77	70	48	1	1
505	517	65	27	1	1
506	678	13	9	1	1
507	849	38	84	1	1
508	650	51	73	1	1
509	446	22	74	1	1
510	14	66	29	1	1
511	722	44	78	1	1
512	206	6	64	1	1
513	293	84	7	1	1
514	928	87	54	1	1
515	553	76	16	1	1
516	289	3	52	1	1
517	278	2	83	1	1
518	616	47	41	1	1
519	600	87	6	1	1
520	211	17	21	1	1
521	967	35	10	1	1
522	761	60	52	1	1
523	263	59	74	1	1
524	574	3	49	1	1
525	816	80	89	1	1
526	302	12	55	1	1
527	96	28	38	1	1
528	251	19	63	1	1
529	890	72	12	1	1
530	758	23	75	1	1
531	968	62	52	1	1
532	658	9	47	1	1
533	412	45	32	1	1
534	114	36	42	1	1
535	323	73	87	1	1
536	424	52	52	1	1
537	608	9	21	1	1
538	700	41	19	1	1
539	630	42	64	1	1
540	19	75	13	1	1
541	624	53	26	1	1
542	121	64	1	1	1
543	436	14	70	1	1
544	568	39	90	1	1
545	385	54	4	1	1
546	311	12	54	1	1
547	543	59	13	1	1
548	95	25	44	1	1
549	605	94	54	1	1
550	635	93	58	1	1
551	486	64	88	1	1
552	961	72	67	1	1
553	427	77	82	1	1
554	540	69	10	1	1
555	545	18	89	1	1
556	77	99	46	1	1
557	822	93	43	1	1
558	432	38	7	1	1
559	18	10	40	1	1
560	729	18	6	1	1
561	452	6	8	1	1
562	336	50	30	1	1
563	8	45	52	1	1
564	949	10	39	1	1
565	843	60	64	1	1
566	270	84	39	1	1
567	31	7	57	1	1
568	434	91	70	1	1
569	31	23	29	1	1
570	149	24	42	1	1
571	111	15	51	1	1
572	939	49	29	1	1
573	454	89	70	1	1
574	226	87	26	1	1
575	537	75	20	1	1
576	27	61	47	1	1
577	730	56	51	1	1
578	8	64	37	1	1
579	629	70	17	1	1
580	554	92	32	1	1
581	639	56	28	1	1
582	551	41	73	1	1
583	566	5	11	1	1
584	63	62	96	1	1
585	885	88	21	1	1
586	891	51	29	1	1
587	580	69	39	1	1
588	857	89	92	1	1
589	544	48	5	1	1
590	178	8	94	1	1
591	58	11	6	1	1
592	79	0	6	1	1
593	920	13	82	1	1
594	148	41	0	1	1
595	0	94	89	1	1
596	582	34	68	1	1
597	42	34	31	1	1
598	930	60	32	1	1
599	566	85	91	1	1
600	590	78	12	1	1
601	929	11	5	1	1
602	180	1	38	1	1
603	461	30	87	1	1
604	456	56	19	1	1
605	376	76	89	1	1
606	135	89	42	1	1
607	429	70	15	1	1
608	506	76	27	1	1
609	188	22	44	1	1
610	237	51	30	1	1
611	504	0	11	1	1
612	162	81	36	1	1
613	598	31	1	1	1
614	86	32	31	1	1
615	584	31	37	1	1
616	418	16	1	1	1
617	569	6	73	1	1
618	946	90	11	1	1
619	684	21	93	1	1
620	54	40	95	1	1
621	144	27	28	1	1
622	184	60	87	1	1
623	829	98	7	1	1
624	480	71	66	1	1
625	59	40	71	1	1
626	175	65	16	1	1
627	24	29	87	1	1
628	927	21	22	1	1
629	675	33	43	1	1
630	575	20	25	1	1
631	171	96	90	1	1
632	224	56	61	1	1
633	502	91	78	1	1
634	973	31	91	1	1
635	144	29	18	1	1
636	146	95	93	1	1
637	285	58	88	1	1
638	806	12	59	1	1
639	70	58	14	1	1
640	222	66	17	1	1
641	392	99	42	1	1
642	549	44	83	1	1
643	685	14	63	1	1
644	298	56	45	1	1
645	500	55	84	1	1
646	717	52	56	1	1
647	894	98	6	1	1
648	293	66	39	1	1
649	760	21	23	1	1
650	713	81	28	1	1
651	525	16	48	1	1
652	753	51	87	1	1
653	222	36	2	1	1
654	959	59	93	1	1
655	749	6	79	1	1
656	8	12	79	1	1
657	928	81	63	1	1
658	294	70	45	1	1
659	663	11	41	1	1
660	407	42	59	1	1
661	442	88	21	1	1
662	948	50	49	1	1
663	499	47	65	1	1
664	44	68	26	1	1
665	698	10	35	1	1
666	162	8	19	1	1
667	368	66	4	1	1
668	908	40	71	1	1
669	800	55	17	1	1
670	552	21	24	1	1
671	823	83	97	1	1
672	558	70	49	1	1
673	421	85	70	1	1
674	87	23	69	1	1
675	7	36	20	1	1
676	702	67	71	1	1
677	378	41	0	1	1
678	869	64	32	1	1
679	343	21	39	1	1
680	868	10	6	1	1
681	700	14	49	1	1
682	630	59	11	1	1
683	25	84	25	1	1
684	644	14	1	1	1
685	824	53	53	1	1
686	713	62	25	1	1
687	280	73	41	1	1
688	603	13	26	1	1
689	501	18	88	1	1
690	309	40	65	1	1
691	484	16	23	1	1
692	593	91	34	1	1
693	429	30	33	1	1
694	324	32	50	1	1
695	623	47	11	1	1
696	392	71	55	1	1
697	408	73	40	1	1
698	488	69	45	1	1
699	339	2	9	1	1
700	582	26	40	1	1
701	273	37	94	1	1
702	398	12	91	1	1
703	820	76	79	1	1
704	382	80	39	1	1
705	627	52	52	1	1
706	946	56	6	1	1
707	685	2	84	1	1
708	424	46	93	1	1
709	54	40	73	1	1
710	452	64	35	1	1
711	301	67	58	1	1
712	334	2	27	1	1
713	312	67	99	1	1
714	674	60	52	1	1
715	144	50	92	1	1
716	712	80	42	1	1
717	138	10	33	1	1
718	211	46	45	1	1
719	790	32	31	1	1
720	22	70	96	1	1
721	152	58	38	1	1
722	921	10	92	1	1
723	451	89	91	1	1
724	597	28	84	1	1
725	950	34	29	1	1
726	870	97	22	1	1
727	343	64	69	1	1
728	284	8	18	1	1
729	402	83	34	1	1
730	833	89	71	1	1
731	822	80	71	1	1
732	517	30	82	1	1
733	295	58	40	1	1
734	134	36	71	1	1
735	318	31	87	1	1
736	930	17	28	1	1
737	501	76	54	1	1
738	39	23	14	1	1
739	958	4	5	1	1
740	813	71	46	1	1
741	84	99	26	1	1
742	394	8	47	1	1
743	579	2	59	1	1
744	983	17	37	1	1
745	313	66	8	1	1
746	893	57	70	1	1
747	460	40	25	1	1
748	414	96	43	1	1
749	946	24	72	1	1
750	721	37	49	1	1
751	893	66	76	1	1
752	161	11	17	1	1
753	194	69	63	1	1
754	755	81	45	1	1
755	697	99	47	1	1
756	463	26	51	1	1
757	603	26	24	1	1
758	896	66	50	1	1
759	723	14	80	1	1
760	927	24	9	1	1
761	187	93	14	1	1
762	27	70	42	1	1
763	722	45	73	1	1
764	560	12	61	1	1
765	222	38	85	1	1
766	838	13	2	1	1
767	405	55	0	1	1
768	255	91	75	1	1
769	468	33	38	1	1
770	641	37	31	1	1
771	235	2	80	1	1
772	6	49	29	1	1
773	333	10	84	1	1
774	24	73	77	1	1
775	514	87	79	1	1
776	915	93	29	1	1
777	313	35	52	1	1
778	421	43	63	1	1
779	641	17	49	1	1
780	331	83	88	1	1
781	546	82	48	1	1
782	559	92	74	1	1
783	33	1	6	1	1
784	33	91	0	1	1
785	534	2	29	1	1
786	32	65	37	1	1
787	390	98	24	1	1
788	179	20	57	1	1
789	89	81	9	1	1
790	833	27	21	1	1
791	438	39	30	1	1
792	214	31	51	1	1
793	318	3	94	1	1
794	888	30	99	1	1
795	548	97	99	1	1
796	276	21	47	1	1
797	73	13	14	1	1
798	574	27	68	1	1
799	810	91	58	1	1
800	899	9	43	1	1
801	674	85	4	1	1
802	585	64	4	1	1
803	969	87	25	1	1
804	185	94	3	1	1
805	659	10	15	1	1
806	954	28	81	1	1
807	912	24	99	1	1
808	644	92	78	1	1
809	705	34	36	1	1
810	787	53	59	1	1
811	401	17	41	1	1
812	352	66	42	1	1
813	543	85	38	1	1
814	280	43	29	1	1
815	642	45	69	1	1
816	421	50	45	1	1
817	324	24	58	1	1
818	534	95	67	1	1
819	822	78	90	1	1
820	738	59	56	1	1
821	71	75	97	1	1
822	603	50	55	1	1
823	260	60	93	1	1
824	12	78	37	1	1
825	939	29	83	1	1
826	138	21	77	1	1
827	715	93	43	1	1
828	621	51	21	1	1
829	655	61	59	1	1
830	651	72	26	1	1
831	460	75	75	1	1
832	152	45	17	1	1
833	252	80	54	1	1
834	788	1	92	1	1
835	711	46	30	1	1
836	605	8	30	1	1
837	68	28	25	1	1
838	978	95	45	1	1
839	548	91	72	1	1
840	771	16	2	1	1
841	420	72	27	1	1
842	384	50	96	1	1
843	893	2	79	1	1
844	758	34	46	1	1
845	324	55	51	1	1
846	588	16	78	1	1
847	665	23	97	1	1
848	690	62	53	1	1
849	871	24	44	1	1
850	560	65	22	1	1
851	565	54	55	1	1
852	639	54	24	1	1
853	395	81	35	1	1
854	88	39	91	1	1
855	596	58	35	1	1
856	631	60	48	1	1
857	292	0	38	1	1
858	793	99	54	1	1
859	200	60	49	1	1
860	567	99	96	1	1
861	742	14	57	1	1
862	350	94	0	1	1
863	806	32	28	1	1
864	280	82	77	1	1
865	730	34	69	1	1
866	42	33	93	1	1
867	133	96	42	1	1
868	829	66	50	1	1
869	532	64	80	1	1
870	18	36	28	1	1
871	625	18	45	1	1
872	223	70	31	1	1
873	233	26	7	1	1
874	60	6	11	1	1
875	601	78	61	1	1
876	559	27	37	1	1
877	526	72	12	1	1
878	751	11	27	1	1
879	876	54	15	1	1
880	796	53	57	1	1
881	730	72	27	1	1
882	636	57	75	1	1
883	58	84	91	1	1
884	278	2	21	1	1
885	830	62	13	1	1
886	89	9	32	1	1
887	664	15	3	1	1
888	920	13	97	1	1
889	169	41	94	1	1
890	985	56	9	1	1
891	288	67	73	1	1
892	991	54	54	1	1
893	95	12	74	1	1
894	593	77	7	1	1
895	133	82	73	1	1
896	678	12	36	1	1
897	891	64	19	1	1
898	324	57	59	1	1
899	944	6	67	1	1
900	735	65	45	1	1
901	500	98	61	1	1
902	711	39	33	1	1
903	806	99	77	1	1
904	597	50	73	1	1
905	86	20	61	1	1
906	828	44	58	1	1
907	903	0	86	1	1
908	849	44	75	1	1
909	369	22	67	1	1
910	364	89	56	1	1
911	762	2	1	1	1
912	592	30	5	1	1
913	365	53	51	1	1
914	360	91	15	1	1
915	105	35	96	1	1
916	823	42	55	1	1
917	144	27	38	1	1
918	963	46	45	1	1
919	652	10	68	1	1
920	194	85	78	1	1
921	185	78	23	1	1
922	633	26	15	1	1
923	997	88	63	1	1
924	571	44	38	1	1
925	382	43	47	1	1
926	924	81	57	1	1
927	248	79	93	1	1
928	270	65	63	1	1
929	627	27	98	1	1
930	938	26	69	1	1
931	531	57	17	1	1
932	243	8	44	1	1
933	953	87	89	1	1
934	632	83	90	1	1
935	207	71	45	1	1
936	953	31	78	1	1
937	996	87	68	1	1
938	947	10	28	1	1
939	810	62	59	1	1
940	411	76	0	1	1
941	924	46	59	1	1
942	384	67	63	1	1
943	458	46	80	1	1
944	524	9	13	1	1
945	390	30	98	1	1
946	538	59	16	1	1
947	558	43	0	1	1
948	403	59	92	1	1
949	166	76	60	1	1
950	545	33	37	1	1
951	863	32	66	1	1
952	487	47	75	1	1
953	994	55	35	1	1
954	614	65	84	1	1
955	991	44	19	1	1
956	860	27	40	1	1
957	638	29	49	1	1
958	199	63	10	1	1
959	841	55	26	1	1
960	764	46	77	1	1
961	995	20	94	1	1
962	675	11	47	1	1
963	389	42	55	1	1
964	294	6	59	1	1
965	98	18	66	1	1
966	101	48	4	1	1
967	267	31	80	1	1
968	465	56	33	1	1
969	249	21	7	1	1
970	688	2	1	1	1
971	284	57	39	1	1
972	920	32	90	1	1
973	832	43	83	1	1
974	756	43	47	1	1
975	587	73	24	1	1
976	252	84	93	1	1
977	732	31	49	1	1
978	373	53	37	1	1
979	616	92	8	1	1
980	762	82	80	1	1
981	9	84	83	1	1
982	896	60	23	1	1
983	810	54	3	1	1
984	111	36	83	1	1
985	956	29	8	1	1
986	714	76	87	1	1
987	563	56	47	1	1
988	279	78	81	1	1
989	790	17	57	1	1
990	208	2	40	1	1
991	343	69	73	1	1
992	46	50	88	1	1
993	655	22	72	1	1
994	518	55	18	1	1
995	832	81	82	1	1
996	61	39	96	1	1
997	899	49	72	1	1
998	292	27	57	1	1
999	452	33	3	1	1
1000	947	92	24	1	1
1001	838	19	25	1	1
1002	543	20	28	1	1
1003	793	92	86	1	1
1004	270	80	11	1	1
1005	985	58	81	1	1
1006	906	94	7	1	1
1007	417	66	79	1	1
1008	434	58	74	1	1
1009	149	7	19	1	1
1010	744	61	3	1	1
1011	5	8	1	1	1
1012	151	81	12	1	1
1013	665	13	54	1	1
1014	598	50	71	1	1
1015	984	57	45	1	1
1016	964	68	74	1	1
1017	102	98	0	1	1
1018	696	57	77	1	1
1019	439	18	34	1	1
1020	729	70	51	1	1
1021	543	25	50	1	1
1022	381	80	55	1	1
1023	68	94	16	1	1
1024	926	56	70	1	1
1025	837	99	95	1	1
1026	443	60	60	1	1
1027	181	9	26	1	1
1028	120	96	29	1	1
1029	478	47	82	1	1
1030	767	72	57	1	1
1031	754	2	27	1	1
1032	532	55	18	1	1
1033	626	66	3	1	1
1034	105	32	93	1	1
1035	757	3	97	1	1
1036	260	84	13	1	1
1037	989	89	24	1	1
1038	536	28	89	1	1
1039	680	2	51	1	1
1040	276	76	55	1	1
1041	136	40	6	1	1
1042	576	53	52	1	1
1043	197	24	33	1	1
1044	718	19	79	1	1
1045	818	23	10	1	1
1046	529	15	86	1	1
1047	821	29	81	1	1
1048	196	23	67	1	1
1049	31	32	12	1	1
1050	759	1	39	1	1
1051	727	9	67	1	1
1052	597	80	41	1	1
1053	670	0	44	1	1
1054	241	33	5	1	1
1055	180	61	75	1	1
1056	349	22	81	1	1
1057	517	7	68	1	1
1058	78	40	96	1	1
1059	549	90	31	1	1
1060	361	29	14	1	1
1061	575	76	93	1	1
1062	936	0	63	1	1
1063	415	30	33	1	1
1064	279	72	40	1	1
1065	166	44	58	1	1
1066	285	68	99	1	1
1067	301	26	71	1	1
1068	186	73	63	1	1
1069	707	90	0	1	1
1070	664	25	91	1	1
1071	190	97	43	1	1
1072	409	56	52	1	1
1073	303	53	87	1	1
1074	399	17	85	1	1
1075	404	8	18	1	1
1076	744	12	7	1	1
1077	198	87	95	1	1
1078	173	55	44	1	1
1079	25	28	47	1	1
1080	851	31	17	1	1
1081	307	45	6	1	1
1082	88	22	50	1	1
1083	562	84	78	1	1
1084	912	57	43	1	1
1085	12	8	22	1	1
1086	614	4	1	1	1
1087	299	18	82	1	1
1088	340	51	86	1	1
1089	406	7	59	1	1
1090	713	93	35	1	1
1091	278	36	67	1	1
1092	456	20	17	1	1
1093	345	51	30	1	1
1094	226	82	88	1	1
1095	733	62	77	1	1
1096	809	24	22	1	1
1097	363	75	14	1	1
1098	711	97	13	1	1
1099	159	9	81	1	1
1100	729	3	41	1	1
1101	589	99	27	1	1
1102	83	41	91	1	1
1103	437	72	10	1	1
1104	269	61	10	1	1
1105	627	32	13	1	1
1106	954	74	58	1	1
1107	296	27	38	1	1
1108	868	8	79	1	1
1109	419	16	40	1	1
1110	753	39	67	1	1
1111	494	81	21	1	1
1112	205	98	54	1	1
1113	290	52	12	1	1
1114	751	71	59	1	1
1115	552	14	83	1	1
1116	872	18	96	1	1
1117	936	97	17	1	1
1118	623	50	93	1	1
1119	92	2	37	1	1
1120	276	98	53	1	1
1121	637	85	29	1	1
1122	935	97	77	1	1
1123	45	45	80	1	1
1124	762	57	59	1	1
1125	347	94	11	1	1
1126	438	30	34	1	1
1127	74	55	19	1	1
1128	577	50	51	1	1
1129	720	2	72	1	1
1130	41	28	12	1	1
1131	483	91	71	1	1
1132	0	18	60	1	1
1133	204	76	87	1	1
1134	900	29	53	1	1
1135	7	10	13	1	1
1136	356	49	64	1	1
1137	667	60	53	1	1
1138	979	57	28	1	1
1139	146	25	64	1	1
1140	116	7	27	1	1
1141	822	88	58	1	1
1142	192	13	33	1	1
1143	520	51	98	1	1
1144	958	86	2	1	1
1145	649	60	62	1	1
1146	475	31	43	1	1
1147	347	12	10	1	1
1148	538	18	45	1	1
1149	744	21	16	1	1
1150	348	25	33	1	1
1151	314	79	74	1	1
1152	912	2	22	1	1
1153	474	37	70	1	1
1154	168	23	1	1	1
1155	403	6	43	1	1
1156	594	8	61	1	1
1157	477	66	27	1	1
1158	241	32	83	1	1
1159	842	94	54	1	1
1160	505	3	78	1	1
1161	540	40	92	1	1
1162	284	18	33	1	1
1163	937	96	66	1	1
1164	964	5	3	1	1
1165	378	76	2	1	1
1166	340	26	63	1	1
1167	723	71	3	1	1
1168	592	47	48	1	1
1169	409	87	24	1	1
1170	497	28	5	1	1
1171	426	49	18	1	1
1172	881	26	61	1	1
1173	328	89	90	1	1
1174	941	29	66	1	1
1175	149	96	57	1	1
1176	676	47	88	1	1
1177	999	0	57	1	1
1178	637	25	56	1	1
1179	692	58	47	1	1
1180	289	61	32	1	1
1181	613	24	60	1	1
1182	206	54	36	1	1
1183	519	84	56	1	1
1184	600	96	3	1	1
1185	648	36	97	1	1
1186	340	74	13	1	1
1187	372	90	10	1	1
1188	226	24	77	1	1
1189	589	47	86	1	1
1190	842	55	9	1	1
1191	396	76	86	1	1
1192	883	82	26	1	1
1193	498	44	29	1	1
1194	26	94	61	1	1
1195	552	49	48	1	1
1196	769	49	38	1	1
1197	657	0	90	1	1
1198	386	37	60	1	1
1199	677	58	59	1	1
1200	114	69	3	1	1
1201	337	67	51	1	1
1202	90	70	62	1	1
1203	197	13	92	1	1
1204	701	15	14	1	1
1205	765	29	70	1	1
1206	912	73	5	1	1
1207	582	74	95	1	1
1208	386	18	51	1	1
1209	980	87	71	1	1
1210	221	7	43	1	1
1211	667	99	28	1	1
1212	585	9	62	1	1
1213	293	48	79	1	1
1214	254	85	46	1	1
1215	262	98	54	1	1
1216	630	49	13	1	1
1217	376	32	65	1	1
1218	234	35	12	1	1
1219	359	10	46	1	1
1220	90	48	91	1	1
1221	990	60	60	1	1
1222	23	4	86	1	1
1223	254	91	83	1	1
1224	61	62	59	1	1
1225	864	90	88	1	1
1226	618	26	34	1	1
1227	906	64	95	1	1
1228	16	90	62	1	1
1229	574	27	65	1	1
1230	379	10	40	1	1
1231	643	35	3	1	1
1232	817	77	40	1	1
1233	473	49	93	1	1
1234	420	66	40	1	1
1235	464	70	79	1	1
1236	441	56	76	1	1
1237	523	47	80	1	1
1238	694	91	33	1	1
1239	577	75	92	1	1
1240	506	27	11	1	1
1241	815	15	58	1	1
1242	331	45	99	1	1
1243	950	49	83	1	1
1244	158	38	13	1	1
1245	249	18	95	1	1
1246	175	80	32	1	1
1247	788	81	44	1	1
1248	742	95	5	1	1
1249	411	1	8	1	1
1250	51	47	84	1	1
1251	745	50	34	1	1
1252	1	37	16	1	1
1253	745	18	65	1	1
1254	288	93	16	1	1
1255	357	6	47	1	1
1256	302	46	26	1	1
1257	270	99	84	1	1
1258	893	71	66	1	1
1259	219	73	65	1	1
1260	977	97	68	1	1
1261	850	39	25	1	1
1262	250	41	64	1	1
1263	526	41	85	1	1
1264	504	62	63	1	1
1265	23	15	38	1	1
1266	307	32	26	1	1
1267	831	10	79	1	1
1268	175	20	52	1	1
1269	466	49	36	1	1
1270	627	35	13	1	1
1271	449	7	98	1	1
1272	957	88	64	1	1
1273	258	55	68	1	1
1274	790	55	21	1	1
1275	379	1	31	1	1
1276	163	47	85	1	1
1277	612	6	61	1	1
1278	443	8	87	1	1
1279	301	83	99	1	1
1280	784	94	69	1	1
1281	877	97	60	1	1
1282	918	28	28	1	1
1283	829	37	27	1	1
1284	190	40	76	1	1
1285	706	21	59	1	1
1286	25	24	99	1	1
1287	729	80	22	1	1
1288	204	38	10	1	1
1289	766	23	55	1	1
1290	231	48	34	1	1
1291	98	90	29	1	1
1292	222	30	48	1	1
1293	103	37	6	1	1
1294	313	82	13	1	1
1295	495	57	70	1	1
1296	682	32	10	1	1
1297	212	65	6	1	1
1298	341	75	86	1	1
1299	675	12	97	1	1
1300	241	28	67	1	1
1301	324	23	92	1	1
1302	793	48	77	1	1
1303	391	37	98	1	1
1304	6	69	5	1	1
1305	563	37	85	1	1
1306	981	94	37	1	1
1307	909	71	59	1	1
1308	33	84	86	1	1
1309	284	32	75	1	1
1310	745	0	65	1	1
1311	491	76	90	1	1
1312	832	65	40	1	1
1313	582	57	41	1	1
1314	443	24	70	1	1
1315	534	9	1	1	1
1316	895	13	32	1	1
1317	349	99	73	1	1
1318	459	98	56	1	1
1319	569	43	59	1	1
1320	892	50	39	1	1
1321	991	52	93	1	1
1322	789	17	84	1	1
1323	571	48	57	1	1
1324	185	40	55	1	1
1325	79	15	3	1	1
1326	304	24	84	1	1
1327	934	65	19	1	1
1328	303	25	63	1	1
1329	743	3	83	1	1
1330	802	21	36	1	1
1331	530	21	8	1	1
1332	919	67	37	1	1
1333	286	22	24	1	1
1334	797	17	73	1	1
1335	243	10	95	1	1
1336	826	39	55	1	1
1337	96	14	70	1	1
1338	274	48	59	1	1
1339	556	25	19	1	1
1340	179	30	18	1	1
1341	747	4	76	1	1
1342	920	88	68	1	1
1343	462	78	52	1	1
1344	416	59	47	1	1
1345	959	72	84	1	1
1346	445	50	58	1	1
1347	837	43	38	1	1
1348	723	19	31	1	1
1349	909	87	43	1	1
1350	189	71	37	1	1
1351	268	30	34	1	1
1352	112	27	60	1	1
1353	639	95	9	1	1
1354	228	60	93	1	1
1355	173	49	8	1	1
1356	910	15	52	1	1
1357	205	13	24	1	1
1358	822	99	91	1	1
1359	703	31	90	1	1
1360	679	35	28	1	1
1361	19	28	61	1	1
1362	456	47	65	1	1
1363	98	60	13	1	1
1364	885	37	92	1	1
1365	435	56	74	1	1
1366	182	66	43	1	1
1367	63	76	36	1	1
1368	463	49	26	1	1
1369	347	84	29	1	1
1370	818	46	78	1	1
1371	238	34	60	1	1
1372	39	86	19	1	1
1373	571	96	79	1	1
1374	832	53	32	1	1
1375	704	13	20	1	1
1376	616	51	85	1	1
1377	475	76	19	1	1
1378	769	32	14	1	1
1379	720	51	81	1	1
1380	95	21	45	1	1
1381	499	38	71	1	1
1382	90	36	25	1	1
1383	742	5	37	1	1
1384	36	23	30	1	1
1385	464	34	16	1	1
1386	454	21	62	1	1
1387	470	99	84	1	1
1388	916	95	31	1	1
1389	867	72	78	1	1
1390	625	50	56	1	1
1391	924	21	16	1	1
1392	726	99	3	1	1
1393	538	2	56	1	1
1394	479	69	80	1	1
1395	672	99	40	1	1
1396	297	25	14	1	1
1397	862	75	14	1	1
1398	254	25	48	1	1
1399	128	62	31	1	1
1400	61	86	81	1	1
1401	0	86	53	1	1
1402	550	42	30	1	1
1403	278	11	45	1	1
1404	90	31	72	1	1
1405	958	4	28	1	1
1406	884	66	18	1	1
1407	399	63	76	1	1
1408	940	99	72	1	1
1409	83	77	72	1	1
1410	585	22	73	1	1
1411	651	2	5	1	1
1412	153	43	26	1	1
1413	850	33	91	1	1
1414	498	41	22	1	1
1415	828	69	31	1	1
1416	904	78	27	1	1
1417	226	23	21	1	1
1418	743	54	79	1	1
1419	962	95	41	1	1
1420	765	4	87	1	1
1421	24	92	77	1	1
1422	754	69	55	1	1
1423	432	59	99	1	1
1424	592	27	68	1	1
1425	790	15	3	1	1
1426	536	18	35	1	1
1427	480	52	28	1	1
1428	998	69	72	1	1
1429	200	95	8	1	1
1430	732	28	59	1	1
1431	271	97	12	1	1
1432	371	42	18	1	1
1433	384	37	84	1	1
1434	511	91	57	1	1
1435	512	51	46	1	1
1436	632	89	65	1	1
1437	147	83	29	1	1
1438	935	59	8	1	1
1439	441	71	22	1	1
1440	705	28	62	1	1
1441	388	88	54	1	1
1442	308	30	13	1	1
1443	298	72	37	1	1
1444	316	62	4	1	1
1445	991	63	70	1	1
1446	227	19	21	1	1
1447	709	54	91	1	1
1448	467	34	64	1	1
1449	832	42	89	1	1
1450	978	76	31	1	1
1451	287	39	99	1	1
1452	720	23	56	1	1
1453	727	84	22	1	1
1454	52	32	30	1	1
1455	739	4	6	1	1
1456	738	39	63	1	1
1457	209	16	54	1	1
1458	509	98	71	1	1
1459	232	54	2	1	1
1460	773	27	43	1	1
1461	784	28	1	1	1
1462	880	56	26	1	1
1463	204	75	30	1	1
1464	798	62	96	1	1
1465	729	58	7	1	1
1466	644	78	39	1	1
1467	174	11	64	1	1
1468	342	23	40	1	1
1469	825	10	65	1	1
1470	412	82	47	1	1
1471	730	80	1	1	1
1472	134	23	75	1	1
1473	482	95	4	1	1
1474	47	81	45	1	1
1475	901	32	51	1	1
1476	975	40	4	1	1
1477	837	53	62	1	1
1478	223	60	26	1	1
1479	551	37	77	1	1
1480	299	85	86	1	1
1481	899	38	76	1	1
1482	569	77	96	1	1
1483	420	45	11	1	1
1484	962	89	87	1	1
1485	902	42	45	1	1
1486	188	55	50	1	1
1487	278	7	31	1	1
1488	131	64	47	1	1
1489	709	41	98	1	1
1490	763	71	42	1	1
1491	211	52	75	1	1
1492	592	6	22	1	1
1493	509	30	44	1	1
1494	495	78	34	1	1
1495	184	89	97	1	1
1496	921	93	93	1	1
1497	449	37	0	1	1
1498	69	15	15	1	1
1499	158	46	18	1	1
1500	851	18	22	1	1
1501	913	21	45	1	1
1502	101	10	33	1	1
1503	287	92	88	1	1
1504	796	96	58	1	1
1505	891	72	84	1	1
1506	555	96	76	1	1
1507	133	1	87	1	1
1508	659	7	52	1	1
1509	4	89	45	1	1
1510	711	75	47	1	1
1511	568	3	76	1	1
1512	636	13	1	1	1
1513	369	72	13	1	1
1514	630	94	5	1	1
1515	324	10	44	1	1
1516	87	0	39	1	1
1517	789	71	68	1	1
1518	638	26	75	1	1
1519	425	84	16	1	1
1520	81	35	31	1	1
1521	831	10	38	1	1
1522	947	98	9	1	1
1523	682	76	4	1	1
1524	269	97	33	1	1
1525	610	46	66	1	1
1526	201	6	74	1	1
1527	942	19	72	1	1
1528	119	92	37	1	1
1529	8	60	49	1	1
1530	939	68	70	1	1
1531	66	72	58	1	1
1532	389	78	80	1	1
1533	931	51	70	1	1
1534	529	20	21	1	1
1535	597	71	21	1	1
1536	347	60	23	1	1
1537	717	91	57	1	1
1538	192	81	98	1	1
1539	556	63	3	1	1
1540	42	96	31	1	1
1541	161	86	93	1	1
1542	763	5	10	1	1
1543	400	84	69	1	1
1544	365	77	97	1	1
1545	957	5	66	1	1
1546	951	32	88	1	1
1547	800	45	84	1	1
1548	904	19	51	1	1
1549	585	45	43	1	1
1550	730	89	79	1	1
1551	875	72	63	1	1
1552	844	73	73	1	1
1553	585	49	45	1	1
1554	830	36	29	1	1
1555	115	99	77	1	1
1556	201	22	86	1	1
1557	729	92	36	1	1
1558	467	3	75	1	1
1559	780	64	9	1	1
1560	579	67	43	1	1
1561	31	71	47	1	1
1562	546	53	13	1	1
1563	129	83	46	1	1
1564	545	31	63	1	1
1565	703	67	92	1	1
1566	269	27	17	1	1
1567	549	46	23	1	1
1568	742	4	93	1	1
1569	100	40	57	1	1
1570	870	57	31	1	1
1571	522	97	33	1	1
1572	498	63	54	1	1
1573	453	47	38	1	1
1574	307	22	62	1	1
1575	389	21	31	1	1
1576	110	21	85	1	1
1577	306	83	4	1	1
1578	251	65	97	1	1
1579	881	69	74	1	1
1580	547	66	38	1	1
1581	81	13	6	1	1
1582	563	76	4	1	1
1583	892	36	63	1	1
1584	236	55	51	1	1
1585	942	29	89	1	1
1586	33	45	22	1	1
1587	99	7	80	1	1
1588	142	75	4	1	1
1589	29	7	90	1	1
1590	670	8	40	1	1
1591	511	83	20	1	1
1592	96	39	52	1	1
1593	404	99	1	1	1
1594	872	40	48	1	1
1595	636	9	75	1	1
1596	140	40	2	1	1
1597	427	38	26	1	1
1598	243	30	86	1	1
1599	775	14	36	1	1
1600	999	28	41	1	1
1601	179	76	98	1	1
1602	669	80	91	1	1
1603	701	16	8	1	1
1604	25	2	37	1	1
1605	730	29	19	1	1
1606	416	25	13	1	1
1607	603	54	54	1	1
1608	725	5	51	1	1
1609	242	83	88	1	1
1610	888	18	30	1	1
1611	157	93	36	1	1
1612	461	57	93	1	1
1613	767	94	43	1	1
1614	8	85	7	1	1
1615	985	44	55	1	1
1616	160	46	60	1	1
1617	819	61	85	1	1
1618	57	91	80	1	1
1619	101	25	78	1	1
1620	891	80	35	1	1
1621	110	75	49	1	1
1622	52	36	36	1	1
1623	733	2	14	1	1
1624	787	14	2	1	1
1625	489	15	60	1	1
1626	878	19	27	1	1
1627	490	53	16	1	1
1628	506	10	32	1	1
1629	931	0	64	1	1
1630	801	11	77	1	1
1631	324	55	71	1	1
1632	477	37	38	1	1
1633	213	47	40	1	1
1634	489	70	93	1	1
1635	922	4	0	1	1
1636	315	78	0	1	1
1637	490	81	94	1	1
1638	186	20	93	1	1
1639	117	90	37	1	1
1640	722	36	59	1	1
1641	534	2	98	1	1
1642	950	74	81	1	1
1643	423	46	49	1	1
1644	994	50	25	1	1
1645	219	46	30	1	1
1646	687	59	86	1	1
1647	689	20	20	1	1
1648	260	19	16	1	1
1649	58	4	12	1	1
1650	906	86	51	1	1
1651	365	92	16	1	1
1652	279	69	57	1	1
1653	992	2	75	1	1
1654	690	49	74	1	1
1655	111	16	33	1	1
1656	148	40	17	1	1
1657	845	91	86	1	1
1658	576	23	25	1	1
1659	267	50	18	1	1
1660	118	19	29	1	1
1661	544	35	81	1	1
1662	115	46	76	1	1
1663	711	62	93	1	1
1664	706	36	3	1	1
1665	416	19	82	1	1
1666	264	4	96	1	1
1667	515	0	31	1	1
1668	91	13	46	1	1
1669	286	69	93	1	1
1670	255	22	28	1	1
1671	205	41	34	1	1
1672	121	57	21	1	1
1673	949	77	66	1	1
1674	311	11	90	1	1
1675	667	40	84	1	1
1676	169	5	15	1	1
1677	306	57	22	1	1
1678	969	78	97	1	1
1679	414	49	6	1	1
1680	972	15	84	1	1
1681	367	84	46	1	1
1682	845	56	67	1	1
1683	495	43	86	1	1
1684	484	54	28	1	1
1685	30	33	84	1	1
1686	252	10	28	1	1
1687	713	22	34	1	1
1688	147	41	59	1	1
1689	545	74	57	1	1
1690	131	44	41	1	1
1691	679	84	69	1	1
1692	755	79	67	1	1
1693	237	97	4	1	1
1694	250	49	7	1	1
1695	356	11	12	1	1
1696	28	57	89	1	1
1697	104	35	91	1	1
1698	522	32	23	1	1
1699	739	25	31	1	1
1700	556	98	17	1	1
1701	227	55	2	1	1
1702	486	63	12	1	1
1703	492	62	58	1	1
1704	689	57	71	1	1
1705	799	78	49	1	1
1706	913	74	22	1	1
1707	310	26	16	1	1
1708	123	0	46	1	1
1709	442	79	95	1	1
1710	117	86	25	1	1
1711	148	26	31	1	1
1712	824	39	29	1	1
1713	722	67	91	1	1
1714	754	1	52	1	1
1715	951	19	64	1	1
1716	114	99	23	1	1
1717	342	82	93	1	1
1718	104	45	68	1	1
1719	824	9	46	1	1
1720	889	16	22	1	1
1721	407	63	49	1	1
1722	767	22	4	1	1
1723	258	29	56	1	1
1724	475	3	52	1	1
1725	809	53	63	1	1
1726	849	7	99	1	1
1727	770	57	73	1	1
1728	587	85	97	1	1
1729	928	33	21	1	1
1730	496	80	18	1	1
1731	966	19	47	1	1
1732	166	70	83	1	1
1733	735	54	4	1	1
1734	967	31	34	1	1
1735	117	11	43	1	1
1736	489	19	11	1	1
1737	323	86	44	1	1
1738	431	24	18	1	1
1739	491	37	91	1	1
1740	207	75	80	1	1
1741	691	5	45	1	1
1742	894	20	41	1	1
1743	541	9	9	1	1
1744	577	83	37	1	1
1745	61	74	79	1	1
1746	158	96	83	1	1
1747	845	6	87	1	1
1748	863	23	82	1	1
1749	795	71	38	1	1
1750	39	94	84	1	1
1751	752	96	27	1	1
1752	573	58	25	1	1
1753	3	82	38	1	1
1754	72	8	65	1	1
1755	438	62	25	1	1
1756	404	71	1	1	1
1757	445	5	35	1	1
1758	325	69	10	1	1
1759	698	73	35	1	1
1760	768	6	32	1	1
1761	846	70	3	1	1
1762	310	76	22	1	1
1763	899	47	51	1	1
1764	522	33	90	1	1
1765	578	93	42	1	1
1766	960	16	54	1	1
1767	346	13	20	1	1
1768	933	13	41	1	1
1769	591	28	8	1	1
1770	589	68	5	1	1
1771	711	76	56	1	1
1772	343	32	36	1	1
1773	798	69	47	1	1
1774	547	85	9	1	1
1775	169	11	30	1	1
1776	247	47	20	1	1
1777	388	43	92	1	1
1778	452	42	56	1	1
1779	822	56	9	1	1
1780	863	92	29	1	1
1781	13	61	46	1	1
1782	348	74	32	1	1
1783	699	55	54	1	1
1784	880	91	43	1	1
1785	876	65	61	1	1
1786	947	6	50	1	1
1787	722	72	78	1	1
1788	511	9	49	1	1
1789	297	66	4	1	1
1790	540	72	9	1	1
1791	942	53	12	1	1
1792	343	15	95	1	1
1793	272	73	75	1	1
1794	570	49	62	1	1
1795	966	80	83	1	1
1796	52	38	17	1	1
1797	792	52	75	1	1
1798	970	51	18	1	1
1799	54	1	28	1	1
1800	448	21	11	1	1
1801	848	78	8	1	1
1802	137	79	17	1	1
1803	295	81	58	1	1
1804	61	53	88	1	1
1805	962	65	0	1	1
1806	236	17	1	1	1
1807	650	43	73	1	1
1808	175	29	96	1	1
1809	261	58	82	1	1
1810	934	8	41	1	1
1811	56	54	42	1	1
1812	651	91	92	1	1
1813	760	95	39	1	1
1814	823	20	26	1	1
1815	948	94	40	1	1
1816	901	25	41	1	1
1817	513	81	85	1	1
1818	161	65	8	1	1
1819	481	95	38	1	1
1820	740	74	12	1	1
1821	86	94	84	1	1
1822	907	67	33	1	1
1823	904	43	28	1	1
1824	789	95	28	1	1
1825	921	42	5	1	1
1826	903	77	6	1	1
1827	749	72	48	1	1
1828	169	76	57	1	1
1829	510	46	59	1	1
1830	6	20	14	1	1
1831	960	27	58	1	1
1832	484	22	8	1	1
1833	716	34	29	1	1
1834	108	19	62	1	1
1835	400	67	23	1	1
1836	685	33	41	1	1
1837	878	76	65	1	1
1838	241	95	36	1	1
1839	25	0	1	1	1
1840	792	80	85	1	1
1841	600	52	28	1	1
1842	394	13	75	1	1
1843	89	75	18	1	1
1844	125	45	32	1	1
1845	468	99	25	1	1
1846	333	67	98	1	1
1847	825	0	31	1	1
1848	811	89	6	1	1
1849	750	20	60	1	1
1850	967	44	69	1	1
1851	30	26	32	1	1
1852	582	0	2	1	1
1853	565	35	96	1	1
1854	722	50	91	1	1
1855	455	60	95	1	1
1856	948	78	7	1	1
1857	248	51	14	1	1
1858	738	8	3	1	1
1859	583	8	30	1	1
1860	59	88	99	1	1
1861	343	66	45	1	1
1862	388	1	31	1	1
1863	695	31	78	1	1
1864	42	94	19	1	1
1865	254	34	83	1	1
1866	476	69	61	1	1
1867	769	39	14	1	1
1868	547	99	61	1	1
1869	37	81	78	1	1
1870	918	18	52	1	1
1871	923	63	66	1	1
1872	124	73	16	1	1
1873	84	14	47	1	1
1874	359	80	72	1	1
1875	764	15	77	1	1
1876	614	8	22	1	1
1877	457	92	88	1	1
1878	359	34	41	1	1
1879	69	40	84	1	1
1880	878	42	7	1	1
1881	39	92	9	1	1
1882	690	15	95	1	1
1883	766	48	52	1	1
1884	879	96	54	1	1
1885	844	80	8	1	1
1886	986	7	8	1	1
1887	695	73	89	1	1
1888	948	0	67	1	1
1889	812	9	75	1	1
1890	846	63	57	1	1
1891	98	8	85	1	1
1892	274	77	27	1	1
1893	806	47	26	1	1
1894	74	33	87	1	1
1895	884	48	30	1	1
1896	176	39	90	1	1
1897	667	23	82	1	1
1898	876	82	64	1	1
1899	359	39	35	1	1
1900	602	81	64	1	1
1901	641	2	52	1	1
1902	300	18	26	1	1
1903	7	35	74	1	1
1904	955	1	99	1	1
1905	806	63	36	1	1
1906	76	96	25	1	1
1907	136	9	78	1	1
1908	351	45	83	1	1
1909	596	91	75	1	1
1910	945	36	20	1	1
1911	609	77	7	1	1
1912	46	59	93	1	1
1913	656	2	12	1	1
1914	221	31	57	1	1
1915	949	16	92	1	1
1916	317	99	55	1	1
1917	263	69	95	1	1
1918	373	11	14	1	1
1919	930	44	26	1	1
1920	262	81	29	1	1
1921	385	36	24	1	1
1922	594	67	47	1	1
1923	22	60	57	1	1
1924	351	45	19	1	1
1925	349	33	18	1	1
1926	54	98	36	1	1
1927	664	29	60	1	1
1928	421	77	32	1	1
1929	317	97	25	1	1
1930	147	42	35	1	1
1931	641	64	11	1	1
1932	436	63	12	1	1
1933	689	47	3	1	1
1934	30	53	96	1	1
1935	549	40	17	1	1
1936	329	14	15	1	1
1937	864	50	30	1	1
1938	858	40	23	1	1
1939	731	2	8	1	1
1940	276	1	78	1	1
1941	423	23	44	1	1
1942	334	12	68	1	1
1943	611	91	23	1	1
1944	701	81	38	1	1
1945	370	20	31	1	1
1946	289	47	38	1	1
1947	210	51	54	1	1
1948	18	3	39	1	1
1949	296	15	96	1	1
1950	560	41	34	1	1
1951	267	11	69	1	1
1952	96	29	85	1	1
1953	638	46	93	1	1
1954	113	99	4	1	1
1955	787	16	35	1	1
1956	374	97	8	1	1
1957	965	49	95	1	1
1958	632	80	34	1	1
1959	958	9	76	1	1
1960	932	25	53	1	1
1961	792	57	90	1	1
1962	887	15	90	1	1
1963	335	13	20	1	1
1964	573	31	66	1	1
1965	808	98	16	1	1
1966	323	91	6	1	1
1967	379	18	38	1	1
1968	450	86	34	1	1
1969	420	19	0	1	1
1970	581	5	94	1	1
1971	33	51	89	1	1
1972	33	36	25	1	1
1973	706	10	53	1	1
1974	343	84	37	1	1
1975	194	87	23	1	1
1976	712	58	97	1	1
1977	246	20	50	1	1
1978	589	50	17	1	1
1979	344	39	68	1	1
1980	381	5	64	1	1
1981	80	77	72	1	1
1982	741	0	74	1	1
1983	759	49	25	1	1
1984	728	54	18	1	1
1985	458	41	9	1	1
1986	621	8	36	1	1
1987	686	97	38	1	1
1988	755	98	58	1	1
1989	785	77	37	1	1
1990	195	12	25	1	1
1991	564	79	87	1	1
1992	428	35	27	1	1
1993	52	12	28	1	1
1994	910	18	34	1	1
1995	693	15	10	1	1
1996	927	32	46	1	1
1997	397	35	80	1	1
1998	755	57	88	1	1
1999	907	12	77	1	1
\.


--
-- TOC entry 3656 (class 0 OID 25553)
-- Dependencies: 215
-- Data for Name: tarea; Type: TABLE DATA; Schema: public; Owner: postgres
--

COPY public.tarea (id, nombre, descrip, cant_vol_requeridos, cant_vol_inscritos, id_emergencia, finicio, ffin, id_estado) FROM stdin;
5	tarea_5	descrip_5	18	3	1	1998-01-11	2003-09-03	1
0	tarea_0	descrip_0	16	13	2	1994-03-26	2017-12-17	3
1	tarea_1	descrip_1	19	12	4	1995-08-25	2012-03-31	3
2	tarea_2	descrip_2	17	14	2	1990-03-29	2012-12-28	2
3	tarea_3	descrip_3	19	11	4	1995-09-06	2014-03-16	0
4	tarea_4	descrip_4	16	10	2	1998-11-01	2009-01-19	3
6	tarea_6	descrip_6	19	13	1	1990-08-14	2000-12-03	2
7	tarea_7	descrip_7	16	13	0	1998-10-02	2013-10-21	0
8	tarea_8	descrip_8	18	13	2	1990-12-28	2019-02-17	3
9	tarea_9	descrip_9	17	10	1	1990-03-18	2002-12-28	1
10	tarea_10	descrip_10	17	11	5	1998-07-13	2000-01-12	2
11	tarea_11	descrip_11	19	10	1	1997-01-02	2011-07-23	2
12	tarea_12	descrip_12	18	10	2	1996-03-06	2014-03-31	3
13	tarea_13	descrip_13	16	14	3	1998-06-15	2013-04-14	1
14	tarea_14	descrip_14	17	15	0	1992-12-29	2001-09-01	1
15	tarea_15	descrip_15	18	15	1	1999-05-26	2008-10-14	3
16	tarea_16	descrip_16	19	14	1	1993-04-16	2003-08-02	3
17	tarea_17	descrip_17	17	10	5	1994-07-19	2012-03-16	3
18	tarea_18	descrip_18	16	13	0	1996-01-09	2018-09-30	0
19	tarea_19	descrip_19	18	13	0	1999-06-22	2015-11-04	2
20	tarea_20	descrip_20	18	13	2	1997-06-17	2019-08-30	2
21	tarea_21	descrip_21	18	10	0	1994-12-18	2010-09-09	2
22	tarea_22	descrip_22	16	13	4	1996-02-29	2001-05-10	1
23	tarea_23	descrip_23	16	15	2	1998-07-11	2016-12-14	2
24	tarea_24	descrip_24	16	13	0	1999-10-07	2003-06-11	0
25	tarea_25	descrip_25	19	13	0	1993-08-04	2018-02-27	2
26	tarea_26	descrip_26	18	11	5	1994-09-10	2013-03-10	0
27	tarea_27	descrip_27	19	10	3	1999-06-16	2011-02-20	0
28	tarea_28	descrip_28	18	11	4	1994-11-02	2002-07-04	3
29	tarea_29	descrip_29	17	11	2	1990-09-16	2013-02-10	2
30	tarea_30	descrip_30	17	12	2	1995-07-19	2009-07-28	3
31	tarea_31	descrip_31	17	10	3	1991-12-16	2002-09-04	0
32	tarea_32	descrip_32	19	13	1	1999-07-16	2004-03-22	3
33	tarea_33	descrip_33	16	11	4	1990-01-28	2009-04-24	2
34	tarea_34	descrip_34	19	10	5	1990-02-07	2010-04-06	0
35	tarea_35	descrip_35	19	13	5	1992-04-24	2002-01-31	1
36	tarea_36	descrip_36	16	12	1	1995-03-03	2009-12-06	3
37	tarea_37	descrip_37	18	15	2	1998-12-08	2008-03-20	3
38	tarea_38	descrip_38	17	13	1	1990-10-12	2010-08-28	0
39	tarea_39	descrip_39	16	11	4	1994-03-25	2014-10-25	1
40	tarea_40	descrip_40	18	14	3	1993-04-13	2006-10-15	1
41	tarea_41	descrip_41	16	15	0	1990-03-25	2014-06-30	3
42	tarea_42	descrip_42	18	10	2	1993-07-19	2015-05-10	3
43	tarea_43	descrip_43	17	15	5	1999-10-28	2008-02-27	2
44	tarea_44	descrip_44	19	15	4	1999-06-21	2005-10-08	0
45	tarea_45	descrip_45	19	12	4	1999-01-25	2017-11-20	2
46	tarea_46	descrip_46	16	13	5	1993-12-22	2011-10-14	1
47	tarea_47	descrip_47	16	11	4	1996-11-25	2015-04-10	1
48	tarea_48	descrip_48	18	11	5	1997-05-16	2003-07-26	1
49	tarea_49	descrip_49	19	11	2	1991-03-18	2008-11-13	0
50	tarea_50	descrip_50	17	14	1	1995-05-13	2012-10-03	2
51	tarea_51	descrip_51	17	15	5	1997-09-24	2016-06-01	2
52	tarea_52	descrip_52	19	12	4	1997-08-27	2012-05-23	3
53	tarea_53	descrip_53	19	12	2	1992-10-28	2012-05-31	1
54	tarea_54	descrip_54	18	15	5	1990-05-12	2011-01-20	2
55	tarea_55	descrip_55	17	12	3	1999-04-24	2009-09-09	0
56	tarea_56	descrip_56	17	11	2	1993-09-07	2000-08-18	1
57	tarea_57	descrip_57	17	10	5	1998-02-07	2008-01-02	3
58	tarea_58	descrip_58	16	11	0	1993-05-28	2003-02-11	0
59	tarea_59	descrip_59	17	12	5	1990-04-11	2002-01-20	3
60	tarea_60	descrip_60	18	11	3	1997-09-10	2001-02-15	3
61	tarea_61	descrip_61	18	14	5	1991-01-28	2003-05-06	3
62	tarea_62	descrip_62	16	13	4	1991-12-31	2006-06-03	3
63	tarea_63	descrip_63	18	11	3	1990-11-29	2010-01-09	2
64	tarea_64	descrip_64	17	12	3	1997-10-15	2015-07-20	2
65	tarea_65	descrip_65	18	15	1	1993-06-27	2001-12-25	2
66	tarea_66	descrip_66	19	13	2	1996-07-22	2006-05-09	1
67	tarea_67	descrip_67	17	11	5	1996-08-23	2013-10-31	3
68	tarea_68	descrip_68	17	11	0	1992-10-17	2012-03-03	2
69	tarea_69	descrip_69	19	10	0	1997-09-15	2005-10-24	3
70	tarea_70	descrip_70	17	15	1	1990-02-25	2001-10-12	1
71	tarea_71	descrip_71	17	11	4	1990-10-02	2000-11-11	3
72	tarea_72	descrip_72	18	14	3	1992-04-22	2004-12-01	0
73	tarea_73	descrip_73	16	15	3	1990-12-10	2009-08-28	1
74	tarea_74	descrip_74	18	10	4	1995-03-04	2000-01-30	2
75	tarea_75	descrip_75	17	10	1	1990-12-18	2007-04-13	3
76	tarea_76	descrip_76	19	12	1	1994-11-23	2019-03-20	3
77	tarea_77	descrip_77	16	13	4	1998-01-25	2013-02-07	1
78	tarea_78	descrip_78	16	13	3	1998-08-27	2002-06-19	0
79	tarea_79	descrip_79	19	13	0	1996-02-23	2008-03-27	0
80	tarea_80	descrip_80	17	12	1	1996-12-06	2010-01-05	3
81	tarea_81	descrip_81	18	15	0	1993-01-26	2013-06-02	0
82	tarea_82	descrip_82	16	12	4	1990-10-09	2018-04-15	1
83	tarea_83	descrip_83	16	12	0	1995-10-16	2018-08-07	3
84	tarea_84	descrip_84	17	13	3	1999-03-20	2013-08-08	3
85	tarea_85	descrip_85	19	15	4	1998-01-26	2000-01-19	0
86	tarea_86	descrip_86	19	14	5	1992-06-14	2002-09-19	2
87	tarea_87	descrip_87	16	11	5	1997-01-03	2010-08-04	3
88	tarea_88	descrip_88	17	10	3	1999-09-22	2010-08-15	3
89	tarea_89	descrip_89	17	11	1	1994-03-26	2005-01-16	3
90	tarea_90	descrip_90	16	14	2	1991-07-02	2015-08-10	2
91	tarea_91	descrip_91	17	14	2	1991-08-31	2011-10-19	0
92	tarea_92	descrip_92	18	11	2	1991-12-05	2000-10-16	2
93	tarea_93	descrip_93	16	14	0	1994-04-23	2004-03-28	1
94	tarea_94	descrip_94	19	11	0	1992-07-21	2016-01-26	3
95	tarea_95	descrip_95	18	14	5	1994-07-14	2016-12-19	3
96	tarea_96	descrip_96	19	10	4	1990-06-25	2005-11-08	1
97	tarea_97	descrip_97	19	12	3	1991-02-20	2001-05-06	2
98	tarea_98	descrip_98	17	14	1	1990-10-15	2010-05-16	1
99	tarea_99	descrip_99	18	13	2	1990-05-30	2017-09-07	2
\.


--
-- TOC entry 3657 (class 0 OID 25556)
-- Dependencies: 216
-- Data for Name: tarea_habilidad; Type: TABLE DATA; Schema: public; Owner: postgres
--

COPY public.tarea_habilidad (id, id_emehab, id_tarea) FROM stdin;
155	3	68
156	7	82
157	6	45
158	12	77
159	18	50
160	9	75
161	0	91
162	2	40
163	2	35
164	12	85
165	16	75
166	2	50
167	14	46
168	8	99
169	4	99
170	14	39
171	13	73
172	6	45
173	14	20
174	14	50
175	5	87
176	12	26
177	9	4
178	9	48
179	3	15
180	18	60
181	12	29
182	6	44
183	12	72
184	12	53
185	3	83
186	10	97
187	16	86
188	14	87
189	18	90
190	13	77
191	12	81
192	5	27
193	10	73
194	0	78
195	10	34
196	4	89
197	14	27
198	15	59
199	3	78
0	0	4
1	14	39
2	12	86
3	6	6
4	11	51
5	1	30
6	19	63
7	18	52
8	3	3
9	16	84
10	10	23
11	15	94
12	11	48
13	0	55
14	13	33
15	17	25
16	11	32
17	18	20
18	1	17
19	11	87
20	5	66
21	15	75
22	11	49
23	6	11
24	9	79
25	1	3
26	19	26
27	10	20
28	11	45
29	10	75
30	6	95
31	18	60
32	19	81
33	9	96
34	0	47
35	3	10
36	17	6
37	0	85
38	19	85
39	11	57
40	5	14
41	4	81
42	6	23
43	0	44
44	11	24
45	2	44
46	2	17
47	13	82
48	2	86
49	10	43
50	15	77
51	4	26
52	2	98
53	16	98
54	19	17
55	6	27
56	1	14
57	3	43
58	5	50
59	4	72
60	17	37
61	3	67
62	14	85
63	15	90
64	4	71
65	3	39
66	8	37
67	8	35
68	16	7
69	3	82
70	9	49
71	0	34
72	4	32
73	13	96
74	16	8
75	6	92
76	10	37
77	15	88
78	3	92
79	18	34
80	6	7
81	10	53
82	2	86
83	18	37
84	12	58
85	18	49
86	18	11
87	8	13
88	5	78
89	9	27
90	17	70
91	2	61
92	0	23
93	11	34
94	4	12
95	10	49
96	16	36
97	2	98
98	1	3
99	0	82
100	14	71
101	12	88
102	16	10
103	14	50
104	16	65
105	1	0
106	7	25
107	12	66
108	6	15
109	3	83
110	4	31
111	17	28
112	11	51
113	14	84
114	8	27
115	17	14
116	7	36
117	4	81
118	10	8
119	6	20
120	16	71
121	6	54
122	8	76
123	17	60
124	0	45
125	12	38
126	14	20
127	16	67
128	2	95
129	6	66
130	6	77
131	18	10
132	5	81
133	8	94
134	10	40
135	4	50
136	8	98
137	1	3
138	9	67
139	17	93
140	1	44
141	14	95
142	15	49
143	16	5
144	0	19
145	7	42
146	5	59
147	7	42
148	6	21
149	6	97
150	13	78
151	3	23
152	7	10
153	7	70
154	17	57
\.


--
-- TOC entry 3658 (class 0 OID 25559)
-- Dependencies: 217
-- Data for Name: vol_habilidad; Type: TABLE DATA; Schema: public; Owner: postgres
--

COPY public.vol_habilidad (id, id_voluntario, id_habilidad) FROM stdin;
37	355	12
38	646	19
39	189	7
40	886	6
41	984	11
42	687	6
43	18	5
44	816	17
45	998	14
46	891	4
47	763	10
48	568	14
49	328	6
50	474	13
51	752	16
52	770	2
53	688	11
54	156	16
55	842	16
56	966	14
57	673	15
58	963	15
59	216	14
60	449	15
61	162	13
62	638	16
63	952	5
64	565	5
65	271	18
66	660	14
67	869	6
68	125	12
69	915	12
70	301	12
71	20	14
72	503	19
73	357	9
74	831	5
75	175	11
76	986	9
77	540	17
78	533	14
79	903	13
80	740	17
81	922	18
82	839	4
83	55	12
84	574	18
85	111	17
86	9	13
87	506	14
88	853	8
89	227	4
90	495	18
91	174	19
92	404	10
93	189	0
94	600	4
95	572	7
96	417	0
97	952	13
98	273	4
99	787	16
100	612	5
101	776	9
102	556	12
103	193	7
104	582	4
105	50	14
106	458	17
107	149	5
108	873	18
109	367	19
110	388	4
111	633	17
112	67	0
113	792	15
114	283	17
115	296	4
116	327	18
117	41	1
118	835	14
119	63	0
120	553	3
121	863	15
122	959	14
123	687	1
124	631	18
125	724	3
126	629	2
127	944	1
128	767	16
129	284	12
130	975	12
131	368	11
132	256	4
133	772	10
134	434	18
135	198	15
136	93	13
137	199	11
138	753	11
139	32	12
140	662	4
141	402	5
142	100	13
0	17	11
1	960	1
2	440	1
3	179	17
4	310	6
5	984	12
6	854	2
7	746	12
8	451	8
9	444	12
10	779	10
11	530	12
12	736	19
13	671	8
14	909	7
15	357	19
16	154	9
17	301	4
18	937	9
19	153	18
20	864	18
21	687	5
22	260	6
23	466	10
24	166	17
25	444	2
26	163	14
27	380	15
28	258	19
29	851	16
30	337	18
31	633	10
32	909	15
33	473	2
34	9	15
35	485	11
36	256	17
143	54	0
144	667	3
145	357	5
146	541	15
147	113	6
148	872	6
149	375	16
150	72	19
151	668	10
152	732	11
153	655	16
154	946	8
155	677	17
156	795	9
157	165	0
158	795	11
159	446	12
160	543	6
161	224	6
162	333	5
163	583	17
164	481	13
165	700	15
166	740	13
167	343	1
168	142	8
169	66	19
170	106	15
171	743	7
172	957	0
173	16	5
174	660	17
175	227	3
176	284	19
177	601	13
178	161	11
179	518	19
180	561	17
181	116	2
182	961	6
183	395	17
184	888	11
185	293	0
186	145	2
187	940	5
188	370	0
189	519	13
190	442	13
191	268	3
192	473	10
193	715	11
194	102	12
195	494	8
196	633	18
197	991	7
198	676	1
199	980	3
200	457	19
201	534	9
202	742	2
203	244	13
204	595	9
205	640	2
206	457	6
207	678	1
208	109	12
209	569	7
210	631	16
211	935	13
212	139	0
213	348	3
214	269	18
215	81	15
216	317	12
217	965	11
218	218	2
219	678	8
220	389	16
221	868	19
222	983	2
223	915	11
224	409	14
225	833	10
226	584	3
227	558	6
228	861	11
229	449	4
230	684	17
231	485	8
232	269	4
233	609	1
234	824	19
235	807	5
236	433	18
237	241	10
238	322	12
239	934	3
240	717	5
241	274	11
242	294	17
243	450	17
244	256	11
245	53	16
246	449	17
247	660	5
248	566	10
249	684	3
250	957	19
251	814	19
252	339	3
253	170	16
254	389	3
255	9	2
256	805	17
257	444	18
258	828	3
259	651	5
260	580	1
261	941	11
262	739	8
263	731	8
264	118	6
265	279	4
266	589	10
267	51	2
268	955	0
269	894	3
270	234	17
271	629	4
272	469	0
273	220	2
274	393	0
275	591	16
276	634	4
277	751	14
278	921	5
279	468	6
280	949	1
281	461	0
282	141	17
283	817	0
284	5	14
285	308	13
286	157	15
287	122	15
288	231	3
289	970	13
290	649	13
291	917	18
292	763	12
293	208	18
294	672	18
295	138	0
296	563	1
297	864	17
298	250	12
299	561	13
300	899	1
301	625	13
302	288	5
303	235	17
304	889	12
305	347	17
306	509	18
307	622	13
308	380	2
309	749	10
310	32	15
311	674	13
312	283	17
313	441	11
314	156	4
315	370	0
316	746	13
317	218	17
318	614	5
319	274	19
320	983	12
321	489	19
322	161	0
323	222	15
324	709	13
325	858	2
326	914	15
327	710	18
328	371	15
329	879	4
330	829	18
331	781	10
332	40	7
333	747	19
334	84	5
335	132	2
336	52	16
337	674	1
338	979	0
339	958	2
340	923	3
341	41	14
342	387	5
343	893	4
344	901	6
345	903	11
346	89	1
347	301	0
348	778	2
349	443	19
350	832	11
351	373	14
352	626	16
353	5	18
354	475	11
355	632	7
356	256	17
357	162	16
358	876	18
359	752	6
360	19	15
361	823	0
362	807	18
363	521	15
364	733	6
365	160	6
366	790	8
367	146	10
368	733	6
369	326	1
370	201	12
371	854	18
372	877	13
373	24	6
374	440	2
375	287	8
376	896	0
377	99	0
378	990	12
379	184	0
380	714	16
381	649	1
382	902	16
383	386	13
384	385	3
385	472	10
386	813	7
387	316	4
388	299	10
389	186	12
390	521	6
391	79	7
392	511	4
393	481	1
394	21	7
395	327	15
396	93	0
397	921	9
398	86	10
399	249	2
400	583	11
401	113	2
402	366	17
403	31	10
404	508	5
405	263	13
406	868	16
407	747	5
408	29	2
409	955	1
410	882	4
411	85	5
412	914	10
413	468	9
414	259	3
415	232	0
416	409	7
417	217	1
418	193	0
419	544	13
420	281	17
421	994	9
422	802	7
423	940	5
424	579	1
425	944	16
426	314	16
427	896	1
428	501	15
429	89	19
430	482	4
431	570	9
432	94	12
433	401	13
434	852	4
435	559	9
436	956	14
437	377	1
438	332	12
439	40	12
440	369	13
441	812	0
442	671	8
443	431	5
444	530	18
445	363	10
446	701	0
447	398	0
448	777	7
449	778	2
450	962	10
451	296	15
452	875	8
453	658	11
454	331	12
455	848	12
456	90	18
457	613	7
458	901	15
459	46	13
460	377	12
461	937	16
462	986	7
463	397	9
464	507	11
465	90	11
466	671	5
467	893	11
468	194	5
469	285	10
470	684	10
471	140	15
472	575	9
473	533	7
474	737	8
475	883	19
476	143	15
477	405	7
478	485	2
479	443	16
480	346	12
481	342	3
482	570	17
483	854	8
484	232	8
485	965	4
486	156	5
487	707	18
488	965	17
489	949	1
490	662	1
491	189	2
492	766	12
493	972	8
494	82	1
495	589	13
496	961	13
497	787	17
498	375	9
499	371	7
500	364	0
501	68	8
502	711	10
503	487	16
504	463	17
505	909	9
506	410	18
507	270	6
508	699	5
509	646	5
510	691	17
511	625	19
512	358	6
513	294	4
514	752	16
515	529	11
516	54	12
517	641	16
518	918	13
519	325	15
520	624	14
521	995	6
522	143	5
523	168	1
524	294	12
525	155	13
526	786	17
527	105	12
528	230	9
529	924	8
530	295	17
531	787	13
532	560	8
533	753	4
534	400	14
535	621	8
536	874	8
537	28	12
538	631	9
539	251	11
540	904	13
541	727	15
542	714	12
543	520	18
544	779	1
545	623	5
546	423	15
547	436	18
548	147	7
549	584	16
550	32	5
551	168	4
552	148	7
553	742	1
554	797	16
555	411	18
556	62	0
557	523	12
558	666	18
559	400	19
560	407	15
561	417	16
562	361	13
563	224	0
564	175	11
565	487	16
566	438	17
567	548	10
568	980	10
569	64	12
570	222	19
571	444	10
572	32	7
573	560	1
574	665	9
575	207	17
576	473	13
577	905	13
578	894	7
579	993	11
580	612	10
581	740	16
582	591	0
583	447	0
584	830	16
585	136	10
586	23	18
587	703	18
588	231	17
589	564	16
590	429	6
591	581	19
592	466	12
593	390	18
594	205	11
595	681	17
596	918	18
597	199	9
598	447	0
599	946	17
600	528	16
601	210	2
602	835	6
603	659	10
604	474	8
605	764	9
606	164	17
607	450	14
608	139	0
609	832	9
610	621	16
611	149	11
612	497	17
613	348	9
614	545	10
615	357	16
616	536	9
617	485	14
618	91	1
619	456	7
620	14	16
621	676	4
622	968	16
623	591	17
624	298	19
625	26	1
626	695	4
627	510	4
628	544	3
629	987	2
630	893	15
631	772	3
632	532	2
633	536	9
634	667	14
635	43	9
636	775	1
637	765	18
638	964	5
639	884	12
640	975	14
641	116	16
642	402	6
643	566	14
644	601	3
645	610	14
646	307	2
647	831	13
648	396	14
649	972	0
650	176	4
651	322	2
652	256	10
653	675	5
654	29	10
655	472	10
656	449	0
657	674	3
658	923	7
659	196	18
660	860	4
661	216	0
662	936	2
663	251	18
664	90	7
665	184	12
666	886	0
667	333	8
668	811	13
669	624	11
670	738	16
671	48	18
672	122	4
673	617	17
674	782	4
675	22	11
676	433	9
677	842	5
678	389	11
679	961	3
680	862	5
681	165	19
682	461	11
683	816	0
684	253	9
685	84	5
686	49	14
687	249	12
688	689	15
689	552	16
690	383	10
691	388	17
692	990	19
693	28	10
694	835	14
695	838	17
696	51	17
697	404	0
698	966	5
699	409	15
700	470	11
701	245	0
702	916	4
703	94	3
704	937	16
705	880	15
706	314	4
707	459	3
708	182	10
709	316	11
710	690	3
711	511	18
712	476	11
713	55	10
714	211	18
715	128	12
716	734	8
717	426	1
718	568	15
719	161	19
720	580	8
721	167	13
722	588	7
723	636	0
724	504	1
725	777	10
726	79	19
727	182	5
728	945	13
729	728	18
730	100	3
731	846	19
732	721	12
733	562	3
734	215	19
735	870	7
736	587	7
737	92	7
738	802	19
739	942	9
740	78	14
741	259	1
742	995	10
743	325	4
744	620	18
745	373	15
746	754	12
747	643	12
748	609	6
749	714	14
750	40	12
751	855	1
752	528	8
753	834	9
754	581	10
755	833	8
756	644	9
757	149	4
758	568	4
759	111	2
760	278	19
761	37	3
762	717	3
763	618	2
764	184	3
765	877	16
766	560	4
767	548	10
768	323	12
769	927	13
770	65	0
771	894	13
772	220	18
773	18	12
774	648	19
775	960	6
776	545	6
777	514	6
778	593	12
779	907	2
780	450	7
781	180	0
782	477	16
783	414	16
784	644	13
785	972	11
786	995	7
787	52	19
788	464	2
789	10	2
790	607	5
791	245	1
792	294	0
793	581	9
794	92	9
795	190	2
796	194	3
797	732	16
798	916	18
799	944	6
800	430	1
801	753	9
802	921	9
803	473	7
804	663	9
805	129	11
806	296	4
807	245	12
808	890	13
809	803	13
810	436	3
811	591	8
812	979	3
813	279	4
814	918	17
815	825	6
816	603	3
817	722	5
818	347	19
819	68	3
820	49	9
821	710	6
822	79	4
823	331	3
824	921	3
825	970	3
826	224	4
827	677	19
828	11	9
829	131	0
830	152	11
831	79	6
832	900	6
833	397	12
834	527	4
835	351	0
836	409	1
837	312	4
838	656	0
839	568	10
840	837	3
841	394	7
842	289	5
843	775	5
844	209	13
845	473	2
846	450	17
847	650	15
848	612	5
849	951	6
850	783	8
851	694	6
852	359	10
853	869	9
854	21	6
855	33	5
856	81	19
857	783	17
858	946	19
859	748	19
860	128	12
861	981	9
862	868	10
863	240	5
864	217	5
865	26	8
866	723	10
867	760	7
868	66	14
869	798	11
870	452	18
871	514	4
872	156	17
873	298	19
874	155	3
875	172	1
876	176	4
877	359	3
878	191	5
879	707	3
880	623	8
881	865	14
882	368	9
883	819	9
884	804	18
885	522	1
886	166	14
887	18	9
888	369	7
889	708	19
890	671	5
891	559	4
892	81	17
893	123	2
894	510	19
895	397	9
896	197	6
897	134	13
898	633	17
899	553	13
900	824	12
901	788	17
902	472	7
903	517	19
904	369	13
905	478	14
906	453	3
907	24	0
908	547	0
909	294	13
910	915	3
911	8	3
912	337	4
913	254	2
914	779	18
915	370	14
916	409	19
917	882	11
918	264	7
919	523	1
920	633	7
921	460	16
922	94	6
923	24	10
924	886	18
925	863	10
926	14	14
927	229	19
928	385	18
929	12	14
930	491	19
931	171	19
932	230	4
933	654	17
934	249	14
935	244	13
936	118	14
937	190	1
938	232	18
939	700	15
940	755	7
941	90	10
942	874	10
943	76	0
944	1	4
945	857	9
946	677	15
947	911	3
948	394	10
949	126	13
950	258	5
951	957	16
952	444	13
953	602	7
954	308	10
955	844	2
956	433	18
957	396	18
958	743	3
959	845	19
960	495	4
961	271	16
962	492	17
963	853	3
964	236	6
965	616	19
966	679	3
967	273	18
968	964	17
969	581	8
970	614	7
971	779	0
972	835	5
973	24	11
974	23	7
975	396	2
976	882	6
977	1	8
978	374	5
979	890	16
980	366	6
981	576	13
982	228	7
983	887	2
984	264	10
985	394	18
986	85	14
987	280	7
988	712	15
989	800	17
990	428	9
991	83	18
992	402	2
993	202	0
994	241	7
995	640	13
996	924	10
997	52	9
998	529	10
999	254	1
1000	846	9
1001	294	19
1002	826	9
1003	430	18
1004	14	15
1005	161	10
1006	551	1
1007	11	1
1008	636	6
1009	87	3
1010	332	13
1011	734	7
1012	279	9
1013	840	10
1014	539	8
1015	833	8
1016	595	8
1017	992	6
1018	441	19
1019	864	13
1020	213	9
1021	932	15
1022	180	12
1023	805	14
1024	694	6
1025	531	0
1026	523	12
1027	435	17
1028	356	15
1029	252	3
1030	326	7
1031	855	19
1032	745	18
1033	491	1
1034	721	16
1035	553	0
1036	596	2
1037	672	16
1038	645	4
1039	243	5
1040	816	4
1041	780	12
1042	580	18
1043	51	6
1044	189	5
1045	211	17
1046	574	18
1047	820	18
1048	273	10
1049	593	12
1050	770	4
1051	743	14
1052	135	12
1053	40	1
1054	351	18
1055	402	4
1056	154	1
1057	136	17
1058	289	13
1059	656	18
1060	478	8
1061	319	8
1062	306	15
1063	9	4
1064	883	0
1065	498	17
1066	808	18
1067	217	11
1068	604	5
1069	413	6
1070	876	19
1071	634	2
1072	34	8
1073	275	2
1074	910	19
1075	772	12
1076	645	7
1077	912	13
1078	773	10
1079	303	1
1080	783	16
1081	949	17
1082	389	8
1083	431	8
1084	120	4
1085	941	19
1086	438	13
1087	296	9
1088	904	6
1089	548	15
1090	246	11
1091	332	15
1092	874	15
1093	659	18
1094	229	14
1095	75	7
1096	607	12
1097	714	4
1098	256	6
1099	315	8
1100	464	6
1101	30	13
1102	381	18
1103	823	12
1104	584	10
1105	827	17
1106	637	13
1107	959	17
1108	813	16
1109	746	2
1110	51	12
1111	186	7
1112	430	6
1113	833	16
1114	756	13
1115	508	14
1116	735	8
1117	14	17
1118	997	12
1119	887	3
1120	262	2
1121	604	7
1122	816	17
1123	780	16
1124	901	1
1125	656	1
1126	801	9
1127	835	2
1128	816	7
1129	224	14
1130	119	8
1131	880	10
1132	688	17
1133	404	6
1134	434	10
1135	912	14
1136	159	2
1137	259	12
1138	71	18
1139	479	3
1140	809	2
1141	392	4
1142	494	19
1143	832	7
1144	940	11
1145	771	11
1146	481	4
1147	895	6
1148	774	12
1149	499	18
1150	782	6
1151	195	18
1152	832	16
1153	836	4
1154	173	16
1155	53	15
1156	150	19
1157	629	2
1158	633	4
1159	699	0
1160	540	14
1161	378	15
1162	980	16
1163	266	4
1164	48	0
1165	50	2
1166	59	1
1167	167	12
1168	281	19
1169	569	12
1170	311	19
1171	63	16
1172	892	9
1173	859	8
1174	62	12
1175	297	13
1176	603	14
1177	345	18
1178	862	16
1179	561	8
1180	590	16
1181	639	6
1182	574	12
1183	11	9
1184	891	9
1185	433	11
1186	334	4
1187	783	14
1188	641	1
1189	702	0
1190	349	12
1191	174	11
1192	635	0
1193	121	1
1194	715	8
1195	504	12
1196	982	19
1197	548	12
1198	8	4
1199	693	9
1200	188	4
1201	441	14
1202	831	16
1203	848	17
1204	937	6
1205	479	8
1206	332	8
1207	457	15
1208	727	14
1209	230	1
1210	296	12
1211	681	11
1212	753	16
1213	816	7
1214	921	8
1215	115	8
1216	394	6
1217	981	10
1218	13	4
1219	251	17
1220	101	10
1221	619	10
1222	554	0
1223	894	0
1224	273	17
1225	948	9
1226	421	3
1227	577	8
1228	739	7
1229	598	10
1230	269	18
1231	497	2
1232	929	0
1233	644	11
1234	678	18
1235	75	2
1236	106	19
1237	782	13
1238	641	10
1239	602	13
1240	202	18
1241	234	19
1242	342	12
1243	670	1
1244	987	10
1245	610	7
1246	199	12
1247	304	13
1248	570	0
1249	881	6
1250	50	1
1251	809	19
1252	803	4
1253	998	11
1254	865	2
1255	993	12
1256	377	5
1257	992	18
1258	761	9
1259	174	18
1260	731	5
1261	977	8
1262	762	0
1263	266	19
1264	625	7
1265	377	16
1266	879	3
1267	315	18
1268	511	12
1269	760	3
1270	407	4
1271	85	11
1272	770	15
1273	752	16
1274	170	6
1275	820	3
1276	339	18
1277	23	8
1278	107	15
1279	959	7
1280	248	7
1281	726	0
1282	45	12
1283	3	3
1284	571	11
1285	233	15
1286	294	11
1287	52	14
1288	836	14
1289	218	2
1290	794	19
1291	98	11
1292	716	2
1293	967	19
1294	894	16
1295	894	19
1296	878	15
1297	531	16
1298	448	17
1299	445	9
1300	190	14
1301	215	6
1302	621	17
1303	64	18
1304	623	6
1305	92	13
1306	934	11
1307	298	2
1308	335	5
1309	413	11
1310	518	19
1311	602	1
1312	663	9
1313	7	16
1314	133	10
1315	356	2
1316	776	10
1317	494	7
1318	674	18
1319	373	11
1320	642	1
1321	607	0
1322	778	12
1323	366	11
1324	351	16
1325	399	4
1326	102	2
1327	771	2
1328	599	10
1329	112	9
1330	346	5
1331	367	15
1332	120	12
1333	702	5
1334	751	0
1335	368	4
1336	194	19
1337	593	7
1338	309	5
1339	732	18
1340	186	4
1341	894	4
1342	465	0
1343	166	0
1344	833	6
1345	656	17
1346	894	0
1347	79	14
1348	521	16
1349	396	19
1350	695	11
1351	13	9
1352	534	17
1353	555	5
1354	186	14
1355	220	12
1356	580	19
1357	724	6
1358	848	10
1359	147	12
1360	679	1
1361	767	1
1362	781	12
1363	596	8
1364	145	17
1365	456	6
1366	14	15
1367	421	0
1368	817	5
1369	374	3
1370	559	19
1371	406	2
1372	814	11
1373	983	0
1374	966	8
1375	21	13
1376	895	6
1377	493	10
1378	84	1
1379	326	13
1380	30	12
1381	643	12
1382	114	0
1383	453	19
1384	844	7
1385	987	7
1386	541	19
1387	762	0
1388	790	19
1389	213	9
1390	15	4
1391	411	16
1392	387	19
1393	883	11
1394	535	12
1395	846	15
1396	304	14
1397	616	4
1398	574	9
1399	541	1
1400	366	19
1401	438	14
1402	520	17
1403	18	18
1404	468	1
1405	146	7
1406	105	3
1407	926	1
1408	937	7
1409	736	9
1410	89	8
1411	517	15
1412	467	3
1413	25	10
1414	300	2
1415	215	10
1416	570	3
1417	678	8
1418	217	17
1419	23	16
1420	423	10
1421	33	5
1422	356	2
1423	638	13
1424	752	19
1425	436	1
1426	291	12
1427	568	14
1428	270	0
1429	46	14
1430	901	7
1431	299	17
1432	974	6
1433	50	8
1434	627	2
1435	147	5
1436	190	1
1437	345	19
1438	773	1
1439	367	1
1440	924	19
1441	638	8
1442	203	13
1443	587	5
1444	989	15
1445	50	17
1446	608	6
1447	207	8
1448	19	11
1449	435	12
1450	886	0
1451	243	8
1452	620	9
1453	470	13
1454	103	16
1455	583	6
1456	36	5
1457	459	17
1458	364	18
1459	395	4
1460	566	4
1461	31	12
1462	577	15
1463	447	4
1464	462	0
1465	983	15
1466	484	6
1467	581	8
1468	727	13
1469	60	14
1470	929	12
1471	684	12
1472	335	10
1473	444	1
1474	336	16
1475	694	6
1476	661	11
1477	541	5
1478	198	16
1479	101	5
1480	252	2
1481	175	8
1482	901	16
1483	375	4
1484	945	3
1485	519	17
1486	524	17
1487	546	17
1488	795	4
1489	320	0
1490	512	6
1491	381	19
1492	982	17
1493	441	17
1494	30	3
1495	412	17
1496	500	13
1497	353	19
1498	31	0
1499	465	15
1500	391	0
1501	410	3
1502	332	16
1503	648	12
1504	405	3
1505	403	18
1506	371	7
1507	709	0
1508	724	5
1509	328	15
1510	480	12
1511	292	2
1512	817	8
1513	575	13
1514	828	6
1515	144	17
1516	178	0
1517	698	6
1518	414	2
1519	298	9
1520	167	6
1521	231	2
1522	819	7
1523	687	12
1524	715	12
1525	958	18
1526	161	4
1527	454	0
1528	431	16
1529	777	2
1530	452	15
1531	770	13
1532	531	10
1533	950	14
1534	25	14
1535	160	13
1536	858	5
1537	742	7
1538	776	10
1539	559	17
1540	660	6
1541	123	17
1542	44	15
1543	25	10
1544	676	1
1545	90	14
1546	541	16
1547	385	1
1548	480	17
1549	642	6
1550	914	10
1551	491	10
1552	703	5
1553	28	11
1554	900	8
1555	506	15
1556	607	8
1557	278	1
1558	818	10
1559	43	17
1560	713	6
1561	832	17
1562	69	16
1563	818	14
1564	662	3
1565	132	0
1566	727	9
1567	420	8
1568	857	0
1569	726	13
1570	23	8
1571	873	9
1572	846	2
1573	988	2
1574	854	5
1575	655	2
1576	958	0
1577	680	12
1578	507	2
1579	674	5
1580	180	18
1581	371	2
1582	44	12
1583	16	4
1584	790	13
1585	956	4
1586	557	14
1587	785	18
1588	710	7
1589	108	3
1590	589	14
1591	227	14
1592	517	13
1593	644	19
1594	559	4
1595	388	14
1596	586	16
1597	372	12
1598	848	10
1599	106	1
1600	616	16
1601	448	10
1602	8	14
1603	720	19
1604	287	4
1605	718	9
1606	829	9
1607	409	6
1608	809	1
1609	959	6
1610	821	5
1611	245	17
1612	568	5
1613	846	17
1614	630	15
1615	779	5
1616	359	7
1617	214	14
1618	769	13
1619	808	9
1620	214	3
1621	880	18
1622	830	7
1623	652	16
1624	148	1
1625	100	7
1626	763	2
1627	179	3
1628	531	16
1629	787	14
1630	187	6
1631	517	1
1632	499	12
1633	528	14
1634	572	9
1635	740	7
1636	192	15
1637	638	6
1638	819	0
1639	515	10
1640	540	11
1641	109	16
1642	280	18
1643	656	9
1644	292	17
1645	397	1
1646	404	4
1647	641	9
1648	713	8
1649	229	18
1650	181	7
1651	113	19
1652	579	8
1653	995	12
1654	796	5
1655	30	5
1656	212	1
1657	765	12
1658	778	2
1659	136	10
1660	545	4
1661	474	2
1662	444	10
1663	55	19
1664	418	15
1665	783	10
1666	984	1
1667	338	5
1668	768	4
1669	430	15
1670	747	18
1671	325	8
1672	629	13
1673	705	11
1674	751	12
1675	85	17
1676	1	4
1677	884	11
1678	756	9
1679	303	4
1680	817	15
1681	184	10
1682	692	18
1683	288	7
1684	456	18
1685	627	7
1686	46	14
1687	283	1
1688	731	14
1689	644	16
1690	917	0
1691	556	12
1692	525	13
1693	563	8
1694	361	4
1695	467	12
1696	109	17
1697	556	3
1698	297	12
1699	105	0
1700	260	16
1701	212	17
1702	210	2
1703	535	4
1704	877	11
1705	598	18
1706	199	13
1707	529	9
1708	453	2
1709	113	17
1710	712	0
1711	638	6
1712	101	1
1713	66	17
1714	748	10
1715	166	12
1716	983	15
1717	299	18
1718	17	17
1719	826	10
1720	292	1
1721	149	15
1722	959	3
1723	379	4
1724	617	2
1725	769	16
1726	824	2
1727	4	11
1728	362	17
1729	147	15
1730	129	7
1731	964	18
1732	654	3
1733	788	13
1734	834	10
1735	24	2
1736	357	7
1737	236	0
1738	217	7
1739	176	2
1740	771	15
1741	496	18
1742	429	14
1743	222	14
1744	510	15
1745	258	6
1746	850	6
1747	837	8
1748	109	2
1749	101	11
1750	960	17
1751	311	12
1752	558	6
1753	313	13
1754	575	5
1755	654	14
1756	228	2
1757	203	17
1758	94	15
1759	348	14
1760	942	12
1761	374	8
1762	352	19
1763	932	2
1764	563	5
1765	591	13
1766	795	10
1767	898	10
1768	832	6
1769	623	2
1770	709	17
1771	774	0
1772	360	1
1773	14	18
1774	817	2
1775	73	4
1776	192	4
1777	881	4
1778	664	10
1779	568	0
1780	947	18
1781	199	17
1782	121	13
1783	77	19
1784	327	16
1785	160	1
1786	857	1
1787	760	12
1788	49	17
1789	780	12
1790	651	9
1791	111	13
1792	807	11
1793	374	14
1794	464	0
1795	956	4
1796	820	14
1797	592	6
1798	223	3
1799	827	5
1800	858	17
1801	617	16
1802	158	6
1803	446	2
1804	388	17
1805	634	2
1806	361	13
1807	142	2
1808	70	13
1809	905	0
1810	533	12
1811	392	7
1812	311	8
1813	956	3
1814	327	2
1815	172	9
1816	421	8
1817	443	18
1818	612	4
1819	106	9
1820	584	14
1821	468	12
1822	521	4
1823	48	0
1824	263	12
1825	0	3
1826	885	19
1827	840	6
1828	595	4
1829	588	15
1830	842	7
1831	356	9
1832	10	6
1833	421	4
1834	362	8
1835	505	16
1836	878	14
1837	930	6
1838	32	2
1839	455	7
1840	508	16
1841	758	11
1842	305	11
1843	622	6
1844	368	16
1845	637	11
1846	561	13
1847	387	8
1848	15	11
1849	139	7
1850	244	14
1851	625	15
1852	269	1
1853	804	5
1854	342	10
1855	276	16
1856	942	13
1857	759	7
1858	592	5
1859	282	9
1860	128	12
1861	402	7
1862	675	0
1863	528	14
1864	158	4
1865	187	12
1866	395	3
1867	452	2
1868	49	2
1869	743	3
1870	825	0
1871	187	9
1872	246	11
1873	165	9
1874	274	18
1875	732	19
1876	549	3
1877	187	4
1878	950	0
1879	297	1
1880	198	17
1881	919	17
1882	595	11
1883	653	9
1884	690	0
1885	492	3
1886	354	18
1887	270	18
1888	717	7
1889	407	15
1890	966	18
1891	82	19
1892	380	13
1893	314	1
1894	346	0
1895	553	5
1896	910	13
1897	317	16
1898	575	19
1899	897	3
1900	119	0
1901	945	0
1902	466	14
1903	114	9
1904	442	17
1905	956	19
1906	203	7
1907	289	8
1908	778	18
1909	728	19
1910	762	14
1911	216	12
1912	0	7
1913	274	13
1914	909	14
1915	579	6
1916	857	19
1917	357	18
1918	420	5
1919	79	12
1920	870	1
1921	645	19
1922	208	11
1923	127	15
1924	353	2
1925	475	1
1926	277	14
1927	527	12
1928	360	12
1929	192	14
1930	402	12
1931	654	16
1932	254	8
1933	381	7
1934	559	15
1935	907	12
1936	540	2
1937	539	8
1938	573	14
1939	432	11
1940	983	3
1941	224	11
1942	428	1
1943	786	9
1944	130	12
1945	883	0
1946	779	5
1947	813	7
1948	844	0
1949	313	16
1950	524	10
1951	446	12
1952	81	11
1953	814	13
1954	355	12
1955	105	0
1956	214	15
1957	469	0
1958	86	4
1959	262	19
1960	151	14
1961	82	18
1962	8	2
1963	514	7
1964	947	12
1965	77	19
1966	781	18
1967	214	9
1968	341	7
1969	999	17
1970	101	6
1971	808	19
1972	292	10
1973	876	11
1974	869	17
1975	359	18
1976	833	4
1977	94	4
1978	878	17
1979	808	3
1980	791	8
1981	225	18
1982	237	12
1983	973	16
1984	956	2
1985	630	7
1986	56	7
1987	753	12
1988	175	5
1989	912	18
1990	802	2
1991	560	10
1992	60	13
1993	443	2
1994	729	18
1995	7	14
1996	238	12
1997	788	13
1998	505	9
1999	464	9
2000	922	19
2001	409	8
2002	39	5
2003	571	11
2004	804	1
2005	177	5
2006	105	9
2007	80	17
2008	970	2
2009	620	7
2010	164	5
2011	165	15
2012	161	16
2013	643	2
2014	407	3
2015	428	18
2016	846	9
2017	374	1
2018	509	18
2019	228	12
2020	681	3
2021	733	19
2022	629	14
2023	69	16
2024	613	16
2025	583	16
2026	175	6
2027	58	2
2028	648	10
2029	750	2
2030	620	8
2031	667	6
2032	914	14
2033	751	2
2034	176	6
2035	91	11
2036	466	8
2037	438	13
2038	737	11
2039	247	4
2040	126	8
2041	501	6
2042	788	2
2043	670	0
2044	847	4
2045	499	8
2046	365	14
2047	180	1
2048	72	7
2049	23	14
2050	254	16
2051	354	16
2052	437	11
2053	230	8
2054	68	17
2055	680	5
2056	316	7
2057	466	16
2058	170	1
2059	852	10
2060	891	3
2061	788	19
2062	105	17
2063	104	15
2064	477	2
2065	289	12
2066	87	0
2067	456	6
2068	226	15
2069	61	7
2070	567	9
2071	623	8
2072	407	2
2073	74	17
2074	544	8
2075	163	3
2076	229	4
2077	807	2
2078	742	9
2079	454	10
2080	990	15
2081	277	0
2082	60	7
2083	556	6
2084	468	0
2085	756	8
2086	289	11
2087	916	18
2088	642	9
2089	400	19
2090	724	15
2091	458	7
2092	581	2
2093	438	8
2094	767	6
2095	87	13
2096	106	4
2097	157	11
2098	9	9
2099	618	10
2100	406	5
2101	496	4
2102	985	6
2103	433	11
2104	320	8
2105	339	4
2106	993	4
2107	468	8
2108	80	19
2109	356	15
2110	266	3
2111	992	13
2112	525	10
2113	808	5
2114	493	7
2115	779	11
2116	700	0
2117	673	12
2118	188	13
2119	380	16
2120	426	17
2121	722	13
2122	777	7
2123	463	10
2124	430	14
2125	983	8
2126	990	12
2127	850	15
2128	475	18
2129	45	8
2130	750	13
2131	95	8
2132	309	15
2133	341	5
2134	849	11
2135	703	16
2136	577	13
2137	931	16
2138	917	4
2139	380	11
2140	19	3
2141	446	2
2142	295	18
2143	372	8
2144	397	6
2145	613	4
2146	729	4
2147	976	2
2148	100	16
2149	106	11
2150	363	6
2151	829	2
2152	804	14
2153	93	0
2154	111	9
2155	223	8
2156	50	6
2157	505	0
2158	725	4
2159	566	9
2160	723	9
2161	129	2
2162	470	16
2163	933	0
2164	829	18
2165	326	6
2166	228	5
2167	934	18
2168	511	13
2169	478	2
2170	873	19
2171	624	6
2172	423	18
2173	52	11
2174	958	5
2175	780	12
2176	367	10
2177	224	6
2178	697	9
2179	32	8
2180	684	15
2181	725	3
2182	67	7
2183	207	15
2184	949	4
2185	925	19
2186	911	6
2187	429	13
2188	786	9
2189	441	18
2190	63	13
2191	915	12
2192	700	17
2193	863	0
2194	532	10
2195	484	13
2196	12	9
2197	99	4
2198	43	12
2199	642	2
2200	984	2
2201	452	3
2202	877	8
2203	192	9
2204	295	2
2205	603	2
2206	813	19
2207	721	19
2208	609	10
2209	381	5
2210	553	14
2211	871	6
2212	988	7
2213	121	0
2214	11	16
2215	577	1
2216	178	15
2217	609	9
2218	724	19
2219	537	18
2220	631	17
2221	70	8
2222	50	5
2223	722	3
2224	731	5
2225	750	10
2226	285	4
2227	847	3
2228	800	8
2229	843	12
2230	800	14
2231	663	7
2232	95	17
2233	729	7
2234	209	9
2235	664	8
2236	451	8
2237	565	9
2238	194	9
2239	166	17
2240	665	1
2241	260	11
2242	415	15
2243	75	3
2244	236	10
2245	654	1
2246	847	14
2247	78	16
2248	438	10
2249	882	7
2250	701	10
2251	459	2
2252	376	16
2253	615	4
2254	870	8
2255	898	16
2256	555	8
2257	909	19
2258	386	7
2259	74	14
2260	768	4
2261	641	16
2262	463	12
2263	990	2
2264	547	1
2265	847	6
2266	266	15
2267	14	8
2268	828	1
2269	518	7
2270	261	13
2271	434	0
2272	983	1
2273	146	10
2274	414	1
2275	484	6
2276	611	9
2277	505	18
2278	122	4
2279	455	1
2280	553	0
2281	513	5
2282	619	9
2283	852	3
2284	154	5
2285	658	9
2286	834	4
2287	825	19
2288	665	14
2289	660	10
2290	355	3
2291	700	13
2292	584	10
2293	514	9
2294	660	17
2295	41	16
2296	244	13
2297	768	0
2298	75	10
2299	611	6
2300	713	16
2301	765	1
2302	343	18
2303	72	11
2304	844	14
2305	393	14
2306	597	4
2307	976	15
2308	733	2
2309	627	2
2310	254	3
2311	6	18
2312	715	4
2313	141	11
2314	92	6
2315	379	12
2316	869	11
2317	830	8
2318	218	17
2319	278	9
2320	660	16
2321	868	18
2322	405	0
2323	441	11
2324	687	13
2325	976	12
2326	380	1
2327	646	17
2328	246	18
2329	212	14
2330	458	13
2331	882	5
2332	67	6
2333	259	8
2334	677	10
2335	247	5
2336	246	14
2337	922	10
2338	54	17
2339	179	1
2340	684	10
2341	329	2
2342	922	7
2343	62	4
2344	766	3
2345	559	4
2346	880	8
2347	658	8
2348	975	0
2349	338	6
2350	276	6
2351	79	19
2352	619	13
2353	160	1
2354	288	4
2355	51	15
2356	431	11
2357	731	19
2358	824	15
2359	403	9
2360	497	14
2361	723	12
2362	965	17
2363	203	13
2364	484	5
2365	54	11
2366	59	1
2367	559	4
2368	678	11
2369	187	15
2370	940	5
2371	792	7
2372	416	15
2373	60	6
2374	903	4
2375	719	2
2376	767	5
2377	104	13
2378	40	9
2379	923	5
2380	651	8
2381	37	15
2382	247	13
2383	327	4
2384	29	19
2385	967	11
2386	554	10
2387	126	3
2388	322	12
2389	261	10
2390	968	13
2391	333	17
2392	946	17
2393	717	5
2394	382	7
2395	19	5
2396	678	10
2397	428	11
2398	779	4
2399	770	15
2400	917	13
2401	229	0
2402	661	2
2403	948	0
2404	518	0
2405	233	17
2406	284	13
2407	69	11
2408	205	9
2409	157	7
2410	765	2
2411	168	12
2412	900	2
2413	552	4
2414	98	11
2415	956	5
2416	433	13
2417	77	2
2418	584	0
2419	353	10
2420	93	16
2421	904	10
2422	826	9
2423	434	15
2424	199	1
2425	534	17
2426	816	8
2427	607	11
2428	698	13
2429	744	4
2430	488	17
2431	934	3
2432	223	13
2433	955	11
2434	137	14
2435	20	8
2436	852	0
2437	220	10
2438	634	2
2439	733	15
2440	501	17
2441	390	16
2442	282	16
2443	265	10
2444	458	14
2445	434	8
2446	895	5
2447	27	9
2448	717	9
2449	547	14
2450	240	19
2451	703	5
2452	830	13
2453	768	1
2454	9	5
2455	579	7
2456	467	1
2457	268	14
2458	91	12
2459	168	3
2460	581	5
2461	329	5
2462	181	5
2463	208	10
2464	914	11
2465	124	4
2466	608	6
2467	880	3
2468	133	7
2469	236	14
2470	613	7
2471	671	9
2472	548	19
2473	224	5
2474	58	6
2475	784	19
2476	548	16
2477	727	6
2478	66	13
2479	636	6
2480	572	10
2481	216	5
2482	513	19
2483	826	15
2484	718	1
2485	681	11
2486	350	12
2487	74	0
2488	600	14
2489	503	8
2490	711	18
2491	167	6
2492	593	13
2493	164	7
2494	495	10
2495	772	3
2496	796	5
2497	75	4
2498	391	7
2499	670	10
2500	972	14
2501	193	19
2502	144	5
2503	463	13
2504	555	19
2505	581	1
2506	773	7
2507	654	5
2508	826	2
2509	87	4
2510	127	0
2511	499	5
2512	455	17
2513	748	12
2514	253	1
2515	37	8
2516	513	14
2517	721	0
2518	59	6
2519	25	5
2520	962	13
2521	771	13
2522	627	15
2523	555	0
2524	843	16
2525	964	17
2526	292	3
2527	331	4
2528	282	2
2529	373	1
2530	309	11
2531	886	12
2532	753	18
2533	969	6
2534	700	13
2535	68	1
2536	194	3
2537	893	4
2538	800	2
2539	642	3
2540	252	9
2541	891	12
2542	705	14
2543	505	17
2544	624	6
2545	310	3
2546	8	18
2547	136	15
2548	605	7
2549	723	7
2550	359	10
2551	139	19
2552	937	15
2553	453	7
2554	708	6
2555	671	15
2556	975	3
2557	190	12
2558	541	13
2559	919	9
2560	827	17
2561	482	5
2562	905	5
2563	159	2
2564	604	17
2565	126	17
2566	91	18
2567	918	2
2568	73	18
2569	981	18
2570	717	2
2571	448	7
2572	255	18
2573	395	17
2574	31	1
2575	512	8
2576	984	19
2577	199	10
2578	287	19
2579	401	4
2580	854	5
2581	659	19
2582	772	19
2583	444	16
2584	201	5
2585	660	10
2586	121	11
2587	284	13
2588	200	10
2589	804	8
2590	377	2
2591	368	8
2592	60	5
2593	661	11
2594	75	17
2595	213	8
2596	329	13
2597	702	9
2598	845	15
2599	608	16
2600	661	1
2601	671	1
2602	552	12
2603	120	6
2604	857	12
2605	598	15
2606	767	8
2607	534	15
2608	545	14
2609	787	6
2610	218	6
2611	157	9
2612	840	10
2613	369	7
2614	572	11
2615	682	1
2616	850	6
2617	302	4
2618	446	8
2619	120	14
2620	562	18
2621	569	14
2622	982	3
2623	601	3
2624	310	4
2625	312	15
2626	674	6
2627	874	17
2628	531	16
2629	829	10
2630	208	19
2631	317	5
2632	884	8
2633	808	16
2634	609	17
2635	519	15
2636	467	16
2637	340	13
2638	759	9
2639	666	15
2640	857	5
2641	203	3
2642	125	16
2643	590	12
2644	7	0
2645	21	0
2646	920	6
2647	523	14
2648	478	8
2649	569	10
2650	205	14
2651	267	6
2652	117	3
2653	720	17
2654	101	11
2655	973	15
2656	922	14
2657	270	14
2658	36	2
2659	441	19
2660	563	18
2661	213	18
2662	461	11
2663	507	18
2664	278	5
2665	542	14
2666	564	17
2667	139	5
2668	455	19
2669	398	9
2670	982	0
2671	826	18
2672	818	15
2673	127	11
2674	787	10
2675	294	3
2676	8	6
2677	769	19
2678	433	19
2679	621	8
2680	785	3
2681	446	0
2682	291	19
2683	873	14
2684	478	10
2685	975	5
2686	878	17
2687	371	15
2688	751	9
2689	53	15
2690	409	8
2691	372	9
2692	131	2
2693	965	2
2694	259	3
2695	979	7
2696	415	18
2697	243	17
2698	42	13
2699	518	10
2700	182	10
2701	324	16
2702	285	11
2703	945	10
2704	81	13
2705	554	8
2706	636	2
2707	20	18
2708	445	18
2709	80	7
2710	890	3
2711	649	13
2712	330	12
2713	935	5
2714	151	15
2715	560	17
2716	593	19
2717	7	3
2718	467	18
2719	721	15
2720	71	15
2721	858	11
2722	630	5
2723	868	4
2724	143	17
2725	34	18
2726	553	17
2727	68	11
2728	859	15
2729	592	8
2730	762	0
2731	193	13
2732	395	19
2733	331	12
2734	447	17
2735	51	8
2736	930	3
2737	522	4
2738	474	6
2739	867	4
2740	633	9
2741	654	16
2742	183	12
2743	829	2
2744	514	4
2745	680	18
2746	898	2
2747	163	17
2748	969	15
2749	810	11
2750	188	19
2751	648	0
2752	51	9
2753	634	3
2754	242	8
2755	239	0
2756	853	17
2757	667	1
2758	553	10
2759	523	13
2760	860	7
2761	667	11
2762	406	18
2763	540	13
2764	994	13
2765	958	4
2766	544	8
2767	613	5
2768	396	10
2769	533	16
2770	474	6
2771	595	9
2772	208	10
2773	888	18
2774	822	9
2775	567	1
2776	244	8
2777	897	2
2778	627	6
2779	251	3
2780	924	9
2781	961	9
2782	626	4
2783	956	8
2784	394	12
2785	707	1
2786	916	16
2787	186	2
2788	123	13
2789	499	1
2790	632	10
2791	271	8
2792	38	10
2793	912	18
2794	604	8
2795	98	11
2796	714	14
2797	505	14
2798	118	9
2799	772	15
2800	591	12
2801	934	12
2802	605	19
2803	582	17
2804	951	2
2805	945	1
2806	877	6
2807	893	12
2808	133	6
2809	248	14
2810	638	3
2811	814	19
2812	344	6
2813	772	4
2814	797	18
2815	997	6
2816	678	8
2817	875	9
2818	760	16
2819	944	9
2820	544	16
2821	221	0
2822	579	16
2823	340	9
2824	459	10
2825	449	3
2826	967	19
2827	976	15
2828	827	13
2829	99	16
2830	446	14
2831	656	12
2832	631	18
2833	20	3
2834	224	7
2835	709	18
2836	413	19
2837	123	2
2838	131	0
2839	356	17
2840	943	19
2841	691	19
2842	774	2
2843	103	15
2844	769	2
2845	857	9
2846	743	6
2847	537	12
2848	286	8
2849	702	17
2850	348	5
2851	413	5
2852	724	3
2853	651	4
2854	905	1
2855	166	5
2856	441	18
2857	366	12
2858	140	9
2859	520	18
2860	145	18
2861	296	3
2862	908	0
2863	563	19
2864	713	7
2865	59	2
2866	579	16
2867	968	2
2868	844	18
2869	962	9
2870	511	4
2871	736	16
2872	476	0
2873	583	13
2874	299	3
2875	521	1
2876	218	6
2877	481	17
2878	222	13
2879	737	4
2880	627	0
2881	514	10
2882	895	16
2883	826	11
2884	560	13
2885	174	6
2886	211	4
2887	308	2
2888	952	1
2889	627	7
2890	251	17
2891	23	12
2892	483	2
2893	711	5
2894	435	13
2895	105	2
2896	431	0
2897	960	11
2898	630	4
2899	276	11
2900	181	13
2901	122	13
2902	788	15
2903	176	12
2904	244	10
2905	899	14
2906	803	7
2907	270	13
2908	163	14
2909	676	4
2910	279	11
2911	334	15
2912	246	19
2913	278	10
2914	108	13
2915	262	18
2916	331	1
2917	149	17
2918	715	9
2919	352	13
2920	664	19
2921	393	15
2922	864	13
2923	263	13
2924	805	10
2925	255	16
2926	6	1
2927	450	5
2928	283	19
2929	191	0
2930	467	18
2931	154	15
2932	719	10
2933	740	14
2934	117	14
2935	647	11
2936	253	19
2937	150	17
2938	657	13
2939	108	1
2940	773	7
2941	228	17
2942	822	15
2943	160	12
2944	874	2
2945	260	0
2946	8	14
2947	86	12
2948	132	2
2949	611	10
2950	844	8
2951	216	9
2952	697	9
2953	799	6
2954	718	15
2955	273	6
2956	584	6
2957	365	15
2958	708	16
2959	132	16
2960	83	16
2961	918	10
2962	288	18
2963	800	17
2964	617	11
2965	446	1
2966	219	6
2967	497	2
2968	161	1
2969	208	13
2970	709	5
2971	304	16
2972	287	16
2973	795	9
2974	414	6
2975	867	2
2976	838	16
2977	210	16
2978	868	2
2979	817	12
2980	347	4
2981	855	9
2982	584	8
2983	254	14
2984	979	0
2985	779	17
2986	403	5
2987	630	10
2988	212	7
2989	302	15
2990	547	3
2991	459	14
2992	403	11
2993	199	8
2994	54	1
2995	917	10
2996	963	8
2997	301	19
2998	295	3
2999	831	13
3000	154	4
3001	791	17
3002	237	13
3003	732	15
3004	354	11
3005	870	15
3006	215	3
3007	607	18
3008	106	3
3009	172	12
3010	985	9
3011	117	4
3012	830	7
3013	938	4
3014	211	12
3015	892	4
3016	338	5
3017	648	2
3018	338	13
3019	381	3
3020	188	1
3021	582	12
3022	306	18
3023	381	11
3024	141	3
3025	148	6
3026	598	19
3027	782	8
3028	4	9
3029	247	3
3030	968	9
3031	793	0
3032	815	3
3033	588	6
3034	909	9
3035	913	0
3036	666	13
3037	441	8
3038	761	6
3039	691	5
3040	465	12
3041	549	3
3042	473	9
3043	385	17
3044	36	11
3045	940	18
3046	785	10
3047	264	15
3048	779	4
3049	90	14
3050	59	8
3051	234	17
3052	689	17
3053	21	3
3054	326	15
3055	813	1
3056	6	4
3057	658	19
3058	462	7
3059	776	4
3060	123	7
3061	119	0
3062	525	6
3063	270	3
3064	346	6
3065	165	12
3066	223	15
3067	147	9
3068	37	17
3069	954	7
3070	580	11
3071	646	3
3072	624	3
3073	155	16
3074	768	8
3075	772	6
3076	718	7
3077	94	16
3078	428	14
3079	91	0
3080	503	11
3081	551	16
3082	371	10
3083	106	13
3084	925	5
3085	175	12
3086	452	7
3087	516	3
3088	480	5
3089	951	12
3090	655	0
3091	495	9
3092	563	17
3093	4	9
3094	253	10
3095	270	6
3096	793	6
3097	225	2
3098	542	1
3099	293	7
3100	493	18
3101	659	13
3102	210	2
3103	378	4
3104	544	6
3105	559	1
3106	198	10
3107	874	1
3108	126	2
3109	406	0
3110	307	0
3111	791	12
3112	434	16
3113	539	17
3114	951	7
3115	288	17
3116	89	3
3117	656	4
3118	607	10
3119	39	19
3120	459	19
3121	793	18
3122	289	4
3123	632	6
3124	585	6
3125	912	10
3126	325	6
3127	180	15
3128	41	15
3129	723	13
3130	414	14
3131	831	12
3132	224	16
3133	714	5
3134	393	19
3135	327	7
3136	704	1
3137	508	6
3138	411	6
3139	375	7
3140	993	18
3141	215	16
3142	491	8
3143	866	6
3144	958	8
3145	152	8
3146	872	8
3147	894	9
3148	90	9
3149	329	5
3150	140	5
3151	194	2
3152	75	10
3153	409	15
3154	327	18
3155	981	4
3156	316	18
3157	290	12
3158	899	15
3159	566	6
3160	514	4
3161	590	7
3162	146	13
3163	823	16
3164	265	7
3165	728	0
3166	268	14
3167	93	2
3168	180	15
3169	767	0
3170	602	7
3171	304	9
3172	762	11
3173	460	7
3174	375	10
3175	394	12
3176	68	8
3177	567	3
3178	684	3
3179	730	3
3180	844	15
3181	725	5
3182	51	12
3183	30	9
3184	680	15
3185	789	3
3186	848	17
3187	970	13
3188	922	1
3189	445	15
3190	638	5
3191	769	12
3192	573	12
3193	23	10
3194	153	4
3195	282	11
3196	11	14
3197	785	0
3198	700	4
3199	881	19
3200	67	11
3201	714	3
3202	740	16
3203	922	7
3204	89	9
3205	723	7
3206	485	1
3207	901	1
3208	484	12
3209	430	1
3210	12	17
3211	723	4
3212	838	7
3213	677	1
3214	233	4
3215	483	14
3216	888	2
3217	847	19
3218	93	1
3219	181	6
3220	284	18
3221	74	0
3222	922	2
3223	890	4
3224	49	18
3225	716	17
3226	139	12
3227	825	2
3228	579	18
3229	184	4
3230	23	5
3231	163	10
3232	103	5
3233	997	16
3234	158	16
3235	281	14
3236	114	9
3237	950	2
3238	49	17
3239	415	3
3240	706	12
3241	881	7
3242	98	11
3243	826	19
3244	674	16
3245	608	17
3246	941	7
3247	827	14
3248	544	8
3249	838	8
3250	339	7
3251	406	9
3252	362	0
3253	222	0
3254	724	16
3255	433	0
3256	725	9
3257	185	16
3258	684	14
3259	852	6
3260	916	11
3261	519	8
3262	398	16
3263	876	1
3264	341	3
3265	823	18
3266	916	3
3267	248	5
3268	448	8
3269	505	3
3270	723	5
3271	242	0
3272	266	2
3273	915	3
3274	495	11
3275	488	6
3276	294	5
3277	214	15
3278	971	17
3279	372	9
3280	693	19
3281	449	3
3282	886	11
3283	697	0
3284	494	15
3285	233	8
3286	692	2
3287	792	5
3288	486	14
3289	636	5
3290	118	4
3291	555	18
3292	742	15
3293	656	8
3294	664	14
3295	72	11
3296	481	1
3297	111	1
3298	145	11
3299	606	10
3300	5	9
3301	358	4
3302	510	17
3303	737	1
3304	374	8
3305	955	12
3306	152	17
3307	236	15
3308	889	4
3309	638	2
3310	477	17
3311	572	1
3312	823	6
3313	703	14
3314	629	18
3315	434	5
3316	635	10
3317	581	2
3318	869	18
3319	272	0
3320	746	18
3321	950	2
3322	663	16
3323	841	7
3324	596	7
3325	162	17
3326	746	6
3327	694	15
3328	665	12
3329	210	1
3330	310	10
3331	784	2
3332	432	14
3333	724	1
3334	452	15
3335	594	3
3336	466	5
3337	158	3
3338	43	3
3339	973	9
3340	227	15
3341	902	12
3342	922	2
3343	323	16
3344	830	15
3345	536	17
3346	319	1
3347	894	1
3348	249	9
3349	146	3
3350	202	3
3351	670	6
3352	863	16
3353	916	2
3354	884	12
3355	478	3
3356	222	5
3357	0	16
3358	73	13
3359	698	14
3360	990	3
3361	168	18
3362	316	14
3363	317	16
3364	890	9
3365	507	14
3366	918	7
3367	370	19
3368	897	2
3369	899	13
3370	46	4
3371	430	10
3372	150	9
3373	637	1
3374	743	12
3375	118	1
3376	17	17
3377	945	10
3378	657	18
3379	23	12
3380	534	12
3381	824	13
3382	519	9
3383	807	18
3384	320	10
3385	363	14
3386	97	10
3387	348	16
3388	221	15
3389	262	13
3390	691	6
3391	371	8
3392	418	14
3393	679	6
3394	630	7
3395	40	3
3396	296	7
3397	90	5
3398	264	5
3399	550	5
3400	782	17
3401	222	1
3402	290	18
3403	64	17
3404	260	2
3405	531	10
3406	246	10
3407	811	7
3408	846	2
3409	423	6
3410	887	18
3411	753	6
3412	748	8
3413	252	9
3414	171	1
3415	457	17
3416	675	17
3417	196	0
3418	3	8
3419	513	2
3420	670	7
3421	7	14
3422	866	14
3423	536	9
3424	684	18
3425	712	8
3426	257	8
3427	24	19
3428	603	10
3429	870	15
3430	392	13
3431	953	15
3432	678	5
3433	509	5
3434	404	13
3435	25	14
3436	347	0
3437	934	6
3438	530	10
3439	111	7
3440	175	18
3441	792	15
3442	825	6
3443	985	8
3444	923	5
3445	557	18
3446	871	13
3447	665	9
3448	336	1
3449	22	11
3450	26	13
3451	574	11
3452	261	7
3453	309	9
3454	110	6
3455	483	10
3456	971	14
3457	440	18
3458	595	10
3459	258	18
3460	169	4
3461	624	0
3462	156	5
3463	26	11
3464	34	14
3465	378	14
3466	917	5
3467	222	6
3468	379	10
3469	274	1
3470	272	19
3471	21	9
3472	135	1
3473	697	8
3474	605	14
3475	263	15
3476	792	11
3477	370	7
3478	290	8
3479	946	8
3480	817	16
3481	568	17
3482	824	14
3483	986	7
3484	29	14
3485	969	10
3486	665	14
3487	461	15
3488	710	5
3489	372	1
3490	520	12
3491	915	18
3492	165	4
3493	815	0
3494	623	10
3495	928	11
3496	932	1
3497	810	5
3498	216	5
3499	636	8
3500	297	17
3501	228	3
3502	839	15
3503	503	13
3504	584	14
3505	370	4
3506	515	2
3507	705	5
3508	513	4
3509	617	4
3510	637	19
3511	30	7
3512	426	15
3513	235	10
3514	774	19
3515	792	4
3516	939	14
3517	570	9
3518	963	6
3519	879	4
3520	34	7
3521	724	18
3522	814	1
3523	78	18
3524	745	5
3525	247	8
3526	477	0
3527	881	2
3528	423	0
3529	484	14
3530	725	8
3531	407	7
3532	676	0
3533	598	17
3534	841	2
3535	429	9
3536	134	4
3537	645	12
3538	136	6
3539	443	2
3540	107	10
3541	375	6
3542	503	13
3543	76	12
3544	626	1
3545	509	13
3546	33	5
3547	547	10
3548	278	4
3549	381	16
3550	662	3
3551	449	11
3552	351	3
3553	785	5
3554	624	3
3555	584	6
3556	45	19
3557	579	8
3558	59	15
3559	34	12
3560	886	12
3561	182	2
3562	710	17
3563	253	5
3564	441	9
3565	374	0
3566	645	5
3567	660	4
3568	559	15
3569	606	2
3570	44	6
3571	468	10
3572	987	5
3573	408	12
3574	56	19
3575	930	6
3576	607	16
3577	334	13
3578	268	5
3579	639	2
3580	40	9
3581	154	12
3582	792	16
3583	173	12
3584	778	2
3585	967	16
3586	913	15
3587	40	15
3588	85	5
3589	721	18
3590	274	17
3591	137	4
3592	506	15
3593	317	5
3594	36	17
3595	977	5
3596	600	8
3597	689	5
3598	423	1
3599	385	4
3600	718	10
3601	293	12
3602	368	7
3603	474	18
3604	601	15
3605	991	8
3606	997	1
3607	571	9
3608	444	10
3609	242	8
3610	873	19
3611	172	3
3612	141	2
3613	816	2
3614	731	7
3615	153	6
3616	920	9
3617	82	1
3618	379	6
3619	344	19
3620	409	1
3621	625	2
3622	583	12
3623	320	0
3624	475	1
3625	598	1
3626	969	17
3627	99	19
3628	397	14
3629	174	8
3630	98	5
3631	52	12
3632	757	13
3633	86	14
3634	761	18
3635	529	18
3636	197	6
3637	243	0
3638	83	10
3639	741	9
3640	124	4
3641	990	11
3642	97	11
3643	969	7
3644	834	7
3645	261	19
3646	358	0
3647	374	12
3648	885	9
3649	999	4
3650	129	0
3651	758	18
3652	414	10
3653	122	15
3654	892	13
3655	470	1
3656	251	18
3657	2	13
3658	852	4
3659	933	6
3660	107	8
3661	596	5
3662	477	9
3663	308	9
3664	316	14
3665	523	18
3666	125	13
3667	698	5
3668	486	13
3669	492	12
3670	744	1
3671	855	16
3672	965	9
3673	486	3
3674	62	6
3675	104	14
3676	322	12
3677	623	0
3678	990	3
3679	486	11
3680	514	0
3681	754	14
3682	333	13
3683	374	2
3684	911	1
3685	337	13
3686	260	16
3687	533	11
3688	653	9
3689	677	3
3690	348	5
3691	301	10
3692	754	0
3693	811	10
3694	734	17
3695	825	13
3696	869	9
3697	257	3
3698	557	5
3699	782	4
3700	709	16
3701	878	2
3702	209	6
3703	582	16
3704	821	18
3705	572	17
3706	852	18
3707	500	11
3708	328	18
3709	998	17
3710	628	1
3711	673	9
3712	61	6
3713	759	13
3714	732	18
3715	4	18
3716	507	16
3717	198	10
3718	490	14
3719	413	7
3720	79	12
3721	996	15
3722	482	15
3723	579	0
3724	205	13
3725	176	0
3726	240	14
3727	534	14
3728	535	0
3729	589	12
3730	322	12
3731	431	4
3732	384	1
3733	731	19
3734	277	5
3735	652	4
3736	629	2
3737	824	8
3738	333	9
3739	840	10
3740	833	19
3741	430	10
3742	641	7
3743	141	17
3744	175	0
3745	431	13
3746	714	19
3747	372	0
3748	515	5
3749	676	0
3750	245	19
3751	746	9
3752	408	16
3753	552	18
3754	723	4
3755	161	15
3756	781	10
3757	419	1
3758	312	18
3759	173	4
3760	875	6
3761	572	6
3762	508	1
3763	149	14
3764	935	7
3765	123	1
3766	472	15
3767	483	12
3768	33	4
3769	489	15
3770	749	1
3771	968	18
3772	929	10
3773	217	15
3774	716	10
3775	989	3
3776	858	14
3777	232	18
3778	367	13
3779	277	8
3780	289	2
3781	251	5
3782	897	7
3783	903	1
3784	598	15
3785	469	19
3786	749	4
3787	598	13
3788	804	0
3789	297	11
3790	134	9
3791	442	11
3792	57	17
3793	351	1
3794	382	5
3795	689	7
3796	500	16
3797	310	11
3798	35	4
3799	840	4
3800	195	11
3801	621	4
3802	568	3
3803	357	8
3804	52	12
3805	694	4
3806	474	15
3807	828	15
3808	920	18
3809	261	12
3810	827	19
3811	643	12
3812	676	8
3813	868	13
3814	997	13
3815	672	0
3816	341	18
3817	189	2
3818	40	7
3819	909	13
3820	608	6
3821	169	6
3822	762	8
3823	167	10
3824	397	9
3825	763	2
3826	747	10
3827	227	6
3828	750	16
3829	715	2
3830	662	5
3831	408	7
3832	13	2
3833	82	16
3834	610	14
3835	58	5
3836	230	12
3837	334	12
3838	635	19
3839	728	9
3840	871	17
3841	759	5
3842	778	2
3843	34	9
3844	566	1
3845	731	16
3846	588	2
3847	378	18
3848	107	12
3849	406	9
3850	633	11
3851	928	9
3852	418	12
3853	564	17
3854	454	9
3855	137	14
3856	66	5
3857	585	11
3858	382	8
3859	205	10
3860	650	18
3861	407	2
3862	837	18
3863	241	9
3864	565	17
3865	553	18
3866	837	3
3867	887	18
3868	407	6
3869	714	14
3870	713	19
3871	682	1
3872	496	15
3873	84	10
3874	540	19
3875	986	0
3876	431	13
3877	933	12
3878	123	6
3879	49	10
3880	230	12
3881	388	8
3882	431	3
3883	354	14
3884	808	5
3885	169	5
3886	614	14
3887	593	6
3888	415	2
3889	776	16
3890	609	19
3891	241	0
3892	447	14
3893	445	19
3894	693	18
3895	796	6
3896	460	5
3897	35	8
3898	366	2
3899	373	6
3900	306	17
3901	536	8
3902	288	18
3903	431	14
3904	774	5
3905	898	14
3906	114	15
3907	893	5
3908	750	12
3909	121	4
3910	474	13
3911	155	16
3912	425	19
3913	759	6
3914	51	9
3915	549	3
3916	167	19
3917	466	12
3918	970	8
3919	30	13
3920	162	0
3921	405	5
3922	398	8
3923	813	5
3924	589	12
3925	483	6
3926	120	15
3927	943	6
3928	189	13
3929	421	4
3930	886	8
3931	90	15
3932	414	0
3933	371	10
3934	135	19
3935	777	13
3936	382	17
3937	283	6
3938	396	18
3939	326	2
3940	19	9
3941	658	3
3942	458	1
3943	610	0
3944	101	8
3945	212	11
3946	100	13
3947	125	5
3948	754	7
3949	631	12
3950	502	1
3951	259	12
3952	85	19
3953	642	8
3954	343	9
3955	587	0
3956	331	1
3957	31	10
3958	744	7
3959	387	0
3960	821	15
3961	701	17
3962	836	8
3963	209	3
3964	724	6
3965	308	9
3966	222	4
3967	363	2
3968	737	9
3969	978	8
3970	222	10
3971	895	7
3972	889	0
3973	169	4
3974	292	1
3975	477	8
3976	754	3
3977	823	15
3978	798	1
3979	424	0
3980	70	3
3981	972	2
3982	624	11
3983	891	3
3984	922	8
3985	525	5
3986	376	4
3987	848	7
3988	516	4
3989	722	5
3990	251	16
3991	93	18
3992	804	18
3993	648	7
3994	653	2
3995	239	3
3996	496	19
3997	911	2
3998	727	7
3999	368	13
4000	91	14
4001	443	11
4002	993	13
4003	729	17
4004	805	9
4005	738	8
4006	942	14
4007	643	1
4008	965	0
4009	364	10
4010	690	19
4011	69	8
4012	43	10
4013	481	15
4014	186	13
4015	714	1
4016	68	4
4017	841	16
4018	350	16
4019	519	13
4020	260	18
4021	676	17
4022	166	13
4023	674	1
4024	171	15
4025	818	1
4026	814	13
4027	339	9
4028	234	8
4029	51	14
4030	151	14
4031	332	0
4032	718	7
4033	51	13
4034	274	16
4035	597	11
4036	460	10
4037	824	13
4038	178	17
4039	435	1
4040	789	0
4041	284	15
4042	109	17
4043	780	19
4044	250	19
4045	290	18
4046	395	18
4047	359	1
4048	405	9
4049	61	14
4050	710	2
4051	358	8
4052	75	0
4053	610	11
4054	882	17
4055	191	7
4056	797	19
4057	391	0
4058	29	2
4059	882	10
4060	734	4
4061	673	12
4062	754	12
4063	705	13
4064	437	19
4065	647	4
4066	994	6
4067	776	10
4068	859	10
4069	692	4
4070	317	4
4071	856	8
4072	575	7
4073	252	10
4074	958	11
4075	636	18
4076	56	17
4077	566	7
4078	127	7
4079	463	13
4080	610	17
4081	923	12
4082	402	19
4083	282	4
4084	965	17
4085	147	10
4086	102	4
4087	229	1
4088	329	2
4089	712	17
4090	937	13
4091	557	16
4092	88	17
4093	107	4
4094	372	9
4095	183	6
4096	814	12
4097	8	10
4098	622	1
4099	481	10
4100	727	4
4101	947	17
4102	242	7
4103	598	7
4104	657	0
4105	846	11
4106	910	15
4107	528	1
4108	666	4
4109	719	12
4110	380	7
4111	844	11
4112	861	6
4113	585	7
4114	392	2
4115	17	12
4116	693	17
4117	378	10
4118	284	15
4119	183	8
4120	642	17
4121	439	6
4122	205	12
4123	777	8
4124	626	4
4125	948	10
4126	117	12
4127	65	16
4128	246	17
4129	865	0
4130	990	14
4131	422	5
4132	425	11
4133	679	13
4134	687	17
4135	814	14
4136	480	0
4137	124	4
4138	547	9
4139	228	10
4140	614	7
4141	45	10
4142	810	14
4143	540	16
4144	622	5
4145	993	14
4146	331	17
4147	220	14
4148	403	12
4149	804	12
4150	757	19
4151	68	3
4152	598	10
4153	952	7
4154	964	4
4155	228	15
4156	227	17
4157	227	12
4158	475	8
4159	448	2
4160	315	8
4161	767	11
4162	646	0
4163	158	8
4164	963	9
4165	368	9
4166	960	9
4167	900	16
4168	699	7
4169	469	16
4170	448	15
4171	364	15
4172	361	6
4173	244	15
4174	85	13
4175	751	6
4176	895	12
4177	399	16
4178	318	8
4179	512	15
4180	573	10
4181	310	2
4182	347	17
4183	435	0
4184	401	15
4185	461	0
4186	846	11
4187	527	18
4188	504	3
4189	416	15
4190	941	4
4191	658	17
4192	218	17
4193	456	3
4194	348	17
4195	870	11
4196	70	12
4197	140	18
4198	403	7
4199	484	17
4200	223	3
4201	981	14
4202	187	9
4203	864	16
4204	596	7
4205	785	15
4206	402	2
4207	804	17
4208	894	0
4209	680	19
4210	724	7
4211	170	14
4212	5	1
4213	163	17
4214	706	0
4215	612	11
4216	811	5
4217	998	7
4218	686	2
4219	630	5
4220	842	10
4221	831	13
4222	681	13
4223	681	7
4224	129	9
4225	650	14
4226	812	8
4227	87	2
4228	220	9
4229	236	17
4230	31	7
4231	861	15
4232	92	18
4233	987	1
4234	498	15
4235	682	11
4236	681	12
4237	20	13
4238	236	6
4239	803	15
4240	748	8
4241	638	7
4242	800	0
4243	556	8
4244	623	17
4245	967	17
4246	630	2
4247	547	2
4248	383	1
4249	332	3
4250	622	4
4251	291	18
4252	784	14
4253	601	11
4254	708	9
4255	342	1
4256	574	2
4257	954	3
4258	310	0
4259	316	7
4260	317	12
4261	67	17
4262	862	8
4263	411	19
4264	101	13
4265	666	11
4266	482	3
4267	94	17
4268	465	15
4269	963	12
4270	562	17
4271	539	11
4272	453	0
4273	717	16
4274	112	12
4275	339	16
4276	412	8
4277	261	17
4278	306	3
4279	856	7
4280	749	11
4281	979	6
4282	476	10
4283	896	0
4284	481	8
4285	249	9
4286	745	2
4287	796	17
4288	410	0
4289	376	3
4290	393	14
4291	634	16
4292	359	16
4293	748	4
4294	30	17
4295	78	4
4296	890	5
4297	771	4
4298	84	3
4299	915	14
4300	380	7
4301	445	18
4302	892	14
4303	189	19
4304	875	16
4305	231	6
4306	263	16
4307	590	18
4308	655	4
4309	751	8
4310	288	0
4311	994	13
4312	590	4
4313	957	19
4314	368	2
4315	875	7
4316	786	17
4317	814	1
4318	504	0
4319	199	11
4320	34	6
4321	554	18
4322	687	6
4323	961	10
4324	788	2
4325	771	18
4326	998	2
4327	7	4
4328	653	5
4329	705	7
4330	781	17
4331	695	16
4332	260	15
4333	614	1
4334	532	9
4335	825	16
4336	562	5
4337	857	5
4338	54	0
4339	193	14
4340	880	15
4341	107	14
4342	927	4
4343	746	6
4344	634	9
4345	8	16
4346	950	3
4347	401	11
4348	107	0
4349	543	5
4350	955	2
4351	909	13
4352	198	15
4353	301	6
4354	166	8
4355	595	15
4356	262	16
4357	537	18
4358	489	13
4359	941	13
4360	98	17
4361	875	2
4362	435	6
4363	978	17
4364	787	12
4365	924	7
4366	770	6
4367	5	13
4368	549	16
4369	703	12
4370	898	14
4371	466	0
4372	944	18
4373	641	8
4374	922	15
4375	420	0
4376	722	12
4377	109	11
4378	113	14
4379	206	4
4380	640	16
4381	446	0
4382	943	0
4383	624	19
4384	287	12
4385	254	12
4386	717	11
4387	393	14
4388	771	2
4389	976	12
4390	341	19
4391	536	12
4392	501	3
4393	348	5
4394	637	15
4395	203	11
4396	352	0
4397	856	8
4398	957	5
4399	937	19
4400	114	5
4401	729	19
4402	584	18
4403	155	4
4404	963	16
4405	688	2
4406	563	15
4407	901	5
4408	474	10
4409	633	12
4410	915	9
4411	254	14
4412	941	18
4413	892	5
4414	653	18
4415	664	11
4416	628	4
4417	946	14
4418	646	16
4419	188	16
4420	519	13
4421	127	15
4422	236	2
4423	977	1
4424	378	18
4425	982	12
4426	295	12
4427	179	14
4428	893	11
4429	449	15
4430	930	17
4431	109	7
4432	521	13
4433	177	17
4434	127	5
4435	959	0
4436	754	12
4437	7	4
4438	459	6
4439	981	10
4440	501	1
4441	749	12
4442	930	2
4443	799	17
4444	534	18
4445	118	8
4446	161	8
4447	918	16
4448	887	18
4449	267	18
4450	148	11
4451	906	12
4452	386	8
4453	624	1
4454	929	14
4455	905	10
4456	132	16
4457	777	1
4458	816	12
4459	892	3
4460	425	7
4461	175	8
4462	942	1
4463	387	8
4464	591	14
4465	359	2
4466	241	11
4467	640	0
4468	890	7
4469	4	5
4470	117	8
4471	863	18
4472	712	6
4473	998	3
4474	52	9
4475	580	16
4476	169	4
4477	490	9
4478	570	8
4479	577	16
4480	718	11
4481	981	17
4482	37	1
4483	729	7
4484	160	15
4485	211	17
4486	439	13
4487	838	1
4488	2	7
4489	118	18
4490	386	16
4491	894	7
4492	296	12
4493	825	3
4494	802	15
4495	379	11
4496	365	17
4497	203	16
4498	418	11
4499	946	16
4500	586	10
4501	788	10
4502	58	8
4503	66	12
4504	348	19
4505	854	3
4506	727	0
4507	543	9
4508	540	18
4509	222	14
4510	644	18
4511	366	6
4512	328	2
4513	406	11
4514	282	7
4515	34	8
4516	605	6
4517	605	1
4518	888	14
4519	141	12
4520	673	8
4521	566	1
4522	240	6
4523	550	13
4524	733	10
4525	686	1
4526	938	13
4527	229	19
4528	19	16
4529	712	6
4530	249	12
4531	72	8
4532	149	2
4533	895	18
4534	813	10
4535	486	11
4536	777	12
4537	261	5
4538	336	1
4539	749	1
4540	880	3
4541	623	0
4542	486	17
4543	5	16
4544	582	17
4545	342	7
4546	42	11
4547	67	2
4548	190	11
4549	796	9
4550	84	1
4551	987	19
4552	383	13
4553	608	15
4554	740	4
4555	653	10
4556	171	9
4557	129	4
4558	712	13
4559	509	3
4560	601	15
4561	992	1
4562	835	2
4563	485	11
4564	82	14
4565	265	19
4566	792	12
4567	495	3
4568	888	6
4569	46	15
4570	487	4
4571	377	9
4572	85	16
4573	894	0
4574	825	10
4575	818	16
4576	777	14
4577	240	8
4578	926	0
4579	180	14
4580	84	19
4581	199	4
4582	473	12
4583	39	17
4584	903	2
4585	440	14
4586	779	18
4587	823	4
4588	622	18
4589	775	6
4590	62	14
4591	817	6
4592	238	10
4593	934	13
4594	993	8
4595	232	16
4596	351	6
4597	979	14
4598	737	7
4599	131	10
4600	332	19
4601	298	4
4602	404	13
4603	898	13
4604	588	10
4605	789	12
4606	739	16
4607	368	17
4608	785	17
4609	957	6
4610	541	9
4611	576	15
4612	1	18
4613	610	1
4614	295	17
4615	110	11
4616	828	8
4617	754	6
4618	827	10
4619	142	14
4620	605	3
4621	636	12
4622	301	0
4623	525	13
4624	325	19
4625	195	18
4626	655	16
4627	482	2
4628	300	14
4629	348	0
4630	135	3
4631	956	12
4632	419	19
4633	553	13
4634	160	11
4635	423	10
4636	334	16
4637	315	18
4638	875	13
4639	104	14
4640	758	14
4641	596	6
4642	963	16
4643	991	17
4644	824	10
4645	284	7
4646	346	15
4647	837	5
4648	527	19
4649	342	10
4650	304	5
4651	229	5
4652	85	13
4653	851	1
4654	760	6
4655	871	10
4656	291	3
4657	212	3
4658	91	10
4659	723	9
4660	569	4
4661	374	1
4662	776	14
4663	359	17
4664	590	10
4665	98	8
4666	960	2
4667	933	17
4668	213	10
4669	877	8
4670	136	0
4671	939	5
4672	660	8
4673	666	13
4674	175	5
4675	222	3
4676	939	9
4677	456	19
4678	179	13
4679	483	2
4680	449	5
4681	237	9
4682	120	5
4683	113	16
4684	640	4
4685	723	18
4686	714	7
4687	370	0
4688	357	18
4689	579	17
4690	29	2
4691	949	6
4692	943	5
4693	576	9
4694	286	9
4695	631	9
4696	217	11
4697	912	18
4698	27	7
4699	500	16
4700	492	15
4701	225	7
4702	792	13
4703	963	5
4704	905	9
4705	873	19
4706	630	18
4707	281	16
4708	213	2
4709	474	11
4710	74	3
4711	54	9
4712	887	14
4713	455	4
4714	420	4
4715	370	8
4716	524	5
4717	114	0
4718	439	1
4719	104	2
4720	410	8
4721	44	3
4722	223	6
4723	515	5
4724	369	6
4725	865	5
4726	798	14
4727	289	3
4728	601	16
4729	836	1
4730	643	6
4731	443	7
4732	179	10
4733	980	4
4734	622	9
4735	125	4
4736	570	8
4737	17	10
4738	171	4
4739	698	7
4740	538	3
4741	563	2
4742	855	4
4743	519	1
4744	394	3
4745	79	12
4746	191	19
4747	314	18
4748	983	10
4749	224	16
4750	471	15
4751	43	15
4752	66	12
4753	289	5
4754	682	4
4755	205	1
4756	671	2
4757	504	3
4758	799	7
4759	205	9
4760	449	5
4761	162	8
4762	775	5
4763	662	12
4764	325	6
4765	762	14
4766	318	4
4767	474	13
4768	652	12
4769	69	0
4770	516	15
4771	210	5
4772	127	4
4773	653	16
4774	104	12
4775	785	11
4776	916	13
4777	842	5
4778	497	13
4779	0	19
4780	172	9
4781	377	2
4782	955	3
4783	242	18
4784	407	12
4785	488	4
4786	540	4
4787	89	7
4788	823	15
4789	957	0
4790	296	4
4791	682	18
4792	236	11
4793	73	5
4794	356	13
4795	807	4
4796	526	9
4797	86	15
4798	951	11
4799	471	10
4800	893	7
4801	820	2
4802	682	2
4803	902	2
4804	526	3
4805	319	4
4806	6	6
4807	659	12
4808	445	1
4809	852	16
4810	241	4
4811	250	13
4812	735	7
4813	352	8
4814	903	0
4815	442	8
4816	916	17
4817	898	14
4818	302	10
4819	264	15
4820	730	7
4821	962	6
4822	145	1
4823	900	14
4824	423	16
4825	732	19
4826	792	18
4827	340	15
4828	517	5
4829	496	17
4830	429	3
4831	755	13
4832	755	12
4833	377	14
4834	41	17
4835	308	14
4836	0	7
4837	33	19
4838	575	8
4839	577	14
4840	461	6
4841	748	1
4842	406	10
4843	450	14
4844	379	8
4845	410	11
4846	975	1
4847	800	15
4848	937	18
4849	895	16
4850	625	18
4851	302	12
4852	872	16
4853	645	13
4854	581	4
4855	922	12
4856	904	3
4857	310	14
4858	859	1
4859	911	2
4860	63	13
4861	215	13
4862	633	6
4863	81	16
4864	234	18
4865	470	9
4866	68	18
4867	170	6
4868	636	19
4869	896	15
4870	903	4
4871	831	7
4872	968	16
4873	564	11
4874	58	19
4875	948	13
4876	23	16
4877	643	5
4878	535	1
4879	311	0
4880	85	14
4881	258	4
4882	56	5
4883	290	12
4884	572	12
4885	567	13
4886	968	12
4887	642	1
4888	882	15
4889	474	8
4890	178	5
4891	150	0
4892	454	15
4893	259	13
4894	79	3
4895	3	12
4896	67	9
4897	528	19
4898	790	6
4899	396	6
4900	921	8
4901	558	4
4902	21	15
4903	379	10
4904	903	0
4905	677	17
4906	344	3
4907	119	5
4908	133	2
4909	676	18
4910	859	18
4911	597	1
4912	948	16
4913	531	1
4914	211	3
4915	420	16
4916	811	19
4917	774	18
4918	351	10
4919	784	5
4920	377	18
4921	950	10
4922	234	10
4923	288	14
4924	38	13
4925	214	14
4926	867	8
4927	375	8
4928	88	8
4929	509	14
4930	309	2
4931	477	12
4932	668	7
4933	477	10
4934	645	0
4935	863	16
4936	167	4
4937	814	11
4938	520	9
4939	35	16
4940	200	16
4941	852	15
4942	523	0
4943	512	0
4944	779	16
4945	237	2
4946	672	2
4947	833	3
4948	62	0
4949	658	16
4950	282	18
4951	816	17
4952	865	8
4953	539	18
4954	120	10
4955	659	16
4956	392	12
4957	234	0
4958	902	7
4959	913	10
4960	661	12
4961	900	3
4962	90	18
4963	412	15
4964	70	5
4965	259	9
4966	330	4
4967	5	13
4968	524	5
4969	924	1
4970	255	4
4971	1	0
4972	904	14
4973	732	0
4974	119	7
4975	428	8
4976	578	10
4977	667	0
4978	721	16
4979	691	0
4980	972	18
4981	586	16
4982	100	3
4983	329	2
4984	692	16
4985	833	11
4986	551	10
4987	731	16
4988	185	12
4989	981	17
4990	297	10
4991	10	19
4992	210	9
4993	818	14
4994	536	6
4995	225	19
4996	242	0
4997	318	7
4998	31	19
4999	637	16
5000	295	2
5001	767	1
5002	763	3
5003	832	6
5004	70	7
5005	22	10
5006	888	18
5007	741	6
5008	234	4
5009	388	7
5010	434	16
5011	980	2
5012	75	18
5013	900	8
5014	202	14
5015	279	2
5016	189	15
5017	834	15
5018	358	18
5019	198	8
5020	975	16
5021	631	1
5022	435	6
5023	885	19
5024	817	16
5025	9	7
5026	814	10
5027	576	19
5028	259	17
5029	853	13
5030	274	11
5031	312	17
5032	808	11
5033	610	19
5034	434	16
5035	51	4
5036	140	18
5037	976	8
5038	521	11
5039	792	18
5040	411	16
5041	284	17
5042	61	14
5043	851	0
5044	656	5
5045	830	3
5046	291	1
5047	166	2
5048	267	9
5049	607	12
5050	102	1
5051	101	6
5052	494	16
5053	356	6
5054	294	0
5055	210	0
5056	65	1
5057	665	7
5058	101	18
5059	831	13
5060	150	9
5061	373	10
5062	573	5
5063	566	11
5064	406	4
5065	818	17
5066	680	0
5067	143	6
5068	589	19
5069	49	13
5070	260	15
5071	826	11
5072	969	18
5073	980	14
5074	21	11
5075	255	18
5076	420	3
5077	340	17
5078	369	11
5079	225	6
5080	634	18
5081	958	10
5082	552	5
5083	386	4
5084	540	10
5085	915	5
5086	817	10
5087	294	4
5088	468	18
5089	713	8
5090	413	14
5091	909	6
5092	665	5
5093	112	10
5094	318	9
5095	697	16
5096	748	4
5097	112	0
5098	816	15
5099	732	6
5100	751	18
5101	314	4
5102	285	8
5103	181	3
5104	198	19
5105	977	11
5106	535	19
5107	154	6
5108	833	3
5109	380	2
5110	42	7
5111	734	12
5112	563	7
5113	929	2
5114	82	11
5115	392	2
5116	545	19
5117	909	3
5118	283	9
5119	151	9
5120	550	17
5121	161	1
5122	751	11
5123	433	5
5124	55	3
5125	343	5
5126	204	13
5127	275	13
5128	879	5
5129	529	1
5130	343	13
5131	65	15
5132	434	13
5133	18	12
5134	304	18
5135	347	1
5136	849	16
5137	915	16
5138	503	14
5139	930	0
5140	950	18
5141	409	4
5142	754	2
5143	237	12
5144	425	13
5145	982	8
5146	835	9
5147	485	15
5148	90	16
5149	38	9
5150	429	12
5151	134	0
5152	523	1
5153	940	7
5154	237	13
5155	113	11
5156	793	4
5157	970	11
5158	404	10
5159	694	5
5160	765	7
5161	108	15
5162	810	17
5163	39	0
5164	693	4
5165	365	5
5166	703	19
5167	704	11
5168	268	17
5169	432	0
5170	256	0
5171	247	1
5172	754	13
5173	711	6
5174	921	3
5175	580	12
5176	951	3
5177	837	12
5178	173	19
5179	789	18
5180	411	11
5181	688	10
5182	896	16
5183	186	1
5184	455	3
5185	211	7
5186	697	7
5187	144	4
5188	25	7
5189	439	2
5190	9	0
5191	953	19
5192	545	2
5193	335	2
5194	783	15
5195	706	2
5196	13	6
5197	113	9
5198	207	9
5199	445	7
5200	879	15
5201	224	15
5202	490	11
5203	106	17
5204	352	11
5205	906	12
5206	797	3
5207	302	0
5208	782	3
5209	529	11
5210	797	7
5211	84	10
5212	892	6
5213	550	13
5214	192	2
5215	926	11
5216	780	8
5217	530	11
5218	474	11
5219	620	12
5220	74	12
5221	790	17
5222	868	19
5223	459	16
5224	306	3
5225	313	17
5226	814	4
5227	473	10
5228	660	18
5229	278	15
5230	193	4
5231	551	2
5232	384	7
5233	761	0
5234	979	7
5235	82	8
5236	159	3
5237	845	10
5238	603	2
5239	631	4
5240	457	2
5241	994	17
5242	623	18
5243	446	3
5244	689	17
5245	789	4
5246	573	12
5247	585	19
5248	969	6
5249	239	19
5250	754	4
5251	957	7
5252	861	8
5253	305	15
5254	6	19
5255	118	1
5256	369	1
5257	358	16
5258	423	7
5259	798	11
5260	152	13
5261	106	9
5262	667	3
5263	106	6
5264	92	15
5265	188	14
5266	881	16
5267	821	8
5268	692	5
5269	955	9
5270	674	3
5271	745	14
5272	651	13
5273	213	2
5274	395	14
5275	162	11
5276	690	15
5277	333	2
5278	790	13
5279	613	15
5280	796	18
5281	562	15
5282	476	16
5283	531	8
5284	654	16
5285	325	4
5286	783	0
5287	962	19
5288	79	2
5289	963	16
5290	348	1
5291	244	7
5292	265	5
5293	616	9
5294	93	18
5295	236	18
5296	537	1
5297	692	18
5298	516	0
5299	572	18
5300	265	8
5301	237	15
5302	648	11
5303	241	2
5304	411	0
5305	93	15
5306	726	1
5307	46	1
5308	65	19
5309	582	19
5310	270	7
5311	870	17
5312	646	7
5313	383	13
5314	844	19
5315	652	4
5316	426	7
5317	548	18
5318	583	6
5319	369	1
5320	247	11
5321	541	19
5322	355	13
5323	871	16
5324	161	17
5325	810	9
5326	631	1
5327	459	18
5328	871	12
5329	237	7
5330	620	11
5331	438	15
5332	267	5
5333	381	18
5334	859	16
5335	381	8
5336	518	7
5337	263	2
5338	297	8
5339	250	10
5340	443	13
5341	378	8
5342	334	6
5343	173	15
5344	729	12
5345	423	6
5346	866	2
5347	189	9
5348	504	2
5349	289	13
5350	239	13
5351	393	3
5352	832	1
5353	994	15
5354	28	5
5355	790	3
5356	255	16
5357	23	10
5358	305	13
5359	945	16
5360	129	19
5361	887	13
5362	10	8
5363	948	18
5364	704	6
5365	759	4
5366	387	13
5367	880	17
5368	750	17
5369	153	8
5370	291	8
5371	986	19
5372	220	10
5373	955	8
5374	242	0
5375	595	4
5376	299	9
5377	755	9
5378	275	4
5379	764	17
5380	680	18
5381	252	19
5382	241	12
5383	306	4
5384	635	15
5385	773	3
5386	72	7
5387	605	13
5388	679	14
5389	573	4
5390	203	17
5391	163	19
5392	71	12
5393	644	7
5394	936	10
5395	459	13
5396	675	4
5397	996	0
5398	275	10
5399	579	15
5400	925	9
5401	812	2
5402	472	18
5403	479	12
5404	552	9
5405	742	1
5406	751	8
5407	514	17
5408	101	19
5409	872	13
5410	576	4
5411	599	2
5412	215	0
5413	522	18
5414	975	10
5415	860	18
5416	512	4
5417	392	8
5418	898	0
5419	801	5
5420	923	8
5421	943	1
5422	778	10
5423	696	10
5424	283	6
5425	992	16
5426	27	19
5427	952	8
5428	447	18
5429	777	19
5430	988	2
5431	444	16
5432	475	3
5433	594	13
5434	120	3
5435	930	11
5436	778	12
5437	465	0
5438	969	7
5439	341	15
5440	535	17
5441	748	7
5442	953	2
5443	902	8
5444	337	2
5445	69	4
5446	991	13
5447	57	12
5448	804	5
5449	273	7
5450	548	2
5451	424	5
5452	526	15
5453	708	6
5454	868	7
5455	346	7
5456	857	17
5457	743	7
5458	192	1
5459	877	14
5460	105	18
5461	797	0
5462	704	16
5463	342	0
5464	660	18
5465	238	16
5466	202	15
5467	520	13
5468	520	14
5469	886	1
5470	689	8
5471	447	6
5472	674	0
5473	493	3
5474	34	5
5475	995	9
5476	610	2
5477	926	18
5478	432	16
5479	997	15
5480	134	4
5481	385	3
5482	618	4
5483	1	2
5484	165	5
5485	47	18
5486	71	7
5487	386	16
5488	734	5
5489	263	15
5490	738	11
5491	891	3
5492	779	12
5493	756	17
5494	827	12
5495	776	7
5496	296	17
5497	668	11
5498	78	1
5499	880	4
5500	544	14
5501	720	7
5502	15	11
5503	523	4
5504	445	0
5505	527	1
5506	495	18
5507	556	4
5508	603	1
5509	438	17
5510	848	3
5511	330	18
5512	228	14
5513	930	5
5514	616	2
5515	993	12
5516	325	4
5517	296	1
5518	399	4
5519	956	15
5520	421	4
5521	142	13
5522	988	9
5523	838	15
5524	517	11
5525	955	19
5526	152	0
5527	730	4
5528	355	5
5529	359	6
5530	444	17
5531	250	2
5532	213	5
5533	581	6
5534	860	5
5535	855	3
5536	602	3
5537	883	4
5538	841	15
5539	940	7
5540	806	5
5541	344	3
5542	345	4
5543	278	10
5544	714	9
5545	167	6
5546	162	8
5547	942	16
5548	173	15
5549	38	15
5550	299	8
5551	194	15
5552	169	5
5553	429	15
5554	866	17
5555	170	16
5556	79	6
5557	165	12
5558	320	18
5559	558	19
5560	71	6
5561	966	5
5562	380	13
5563	875	2
5564	585	4
5565	747	0
5566	555	16
5567	934	4
5568	244	11
5569	549	4
5570	128	6
5571	107	19
5572	552	15
5573	676	15
5574	326	1
5575	393	16
5576	192	15
5577	4	11
5578	398	12
5579	908	2
5580	441	9
5581	676	18
5582	130	16
5583	77	11
5584	745	8
5585	470	16
5586	151	12
5587	770	19
5588	637	15
5589	846	13
5590	294	15
5591	538	5
5592	670	12
5593	944	13
5594	122	17
5595	835	12
5596	874	15
5597	342	19
5598	76	17
5599	12	5
5600	455	8
5601	850	3
5602	557	4
5603	904	13
5604	196	16
5605	793	7
5606	468	5
5607	657	3
5608	394	5
5609	533	7
5610	118	3
5611	681	9
5612	115	0
5613	886	19
5614	429	14
5615	912	0
5616	535	6
5617	167	7
5618	124	1
5619	528	6
5620	357	15
5621	122	0
5622	502	19
5623	202	7
5624	754	11
5625	815	19
5626	619	4
5627	549	17
5628	991	12
5629	265	2
5630	751	6
5631	517	16
5632	903	6
5633	601	2
5634	517	8
5635	818	2
5636	206	4
5637	700	5
5638	745	10
5639	152	17
5640	432	15
5641	819	4
5642	12	3
5643	746	11
5644	537	5
5645	97	6
5646	214	3
5647	147	7
5648	430	10
5649	976	9
5650	711	10
5651	869	19
5652	952	4
5653	278	0
5654	922	12
5655	745	5
5656	693	12
5657	0	6
5658	471	5
5659	488	1
5660	767	7
5661	903	19
5662	893	1
5663	343	9
5664	586	6
5665	339	7
5666	494	15
5667	68	17
5668	718	14
5669	190	12
5670	336	10
5671	378	4
5672	486	1
5673	976	0
5674	762	14
5675	817	11
5676	410	7
5677	980	2
5678	631	6
5679	726	4
5680	983	17
5681	526	0
5682	36	17
5683	509	18
5684	542	4
5685	685	7
5686	623	6
5687	261	5
5688	805	8
5689	846	19
5690	582	0
5691	728	15
5692	903	0
5693	740	5
5694	515	9
5695	751	6
5696	654	0
5697	492	3
5698	334	11
5699	459	6
5700	523	5
5701	972	19
5702	894	2
5703	731	1
5704	140	16
5705	635	19
5706	802	0
5707	646	0
5708	2	10
5709	944	4
5710	519	15
5711	38	2
5712	523	11
5713	918	2
5714	796	7
5715	246	2
5716	855	9
5717	511	0
5718	712	8
5719	380	10
5720	767	13
5721	703	4
5722	721	5
5723	685	18
5724	712	3
5725	632	2
5726	429	15
5727	807	5
5728	810	2
5729	834	2
5730	133	3
5731	807	12
5732	274	10
5733	127	17
5734	862	8
5735	676	0
5736	272	1
5737	329	1
5738	839	0
5739	288	0
5740	320	18
5741	652	14
5742	13	17
5743	762	4
5744	646	6
5745	558	19
5746	93	14
5747	443	0
5748	45	9
5749	137	16
5750	356	2
5751	582	6
5752	170	2
5753	744	5
5754	545	19
5755	795	15
5756	271	14
5757	631	3
5758	671	3
5759	18	13
5760	819	8
5761	608	15
5762	275	8
5763	95	18
5764	781	16
5765	504	6
5766	629	19
5767	653	7
5768	459	1
5769	328	14
5770	131	12
5771	310	0
5772	953	14
5773	236	12
5774	904	7
5775	162	12
5776	265	3
5777	622	11
5778	87	3
5779	247	6
5780	909	8
5781	151	5
5782	407	6
5783	192	19
5784	269	19
5785	813	1
5786	770	8
5787	332	2
5788	980	5
5789	991	10
5790	293	15
5791	541	12
5792	528	11
5793	497	0
5794	958	9
5795	913	10
5796	683	4
5797	86	2
5798	705	0
5799	855	12
5800	5	15
5801	224	4
5802	145	0
5803	538	16
5804	667	8
5805	6	9
5806	484	13
5807	792	9
5808	932	15
5809	465	0
5810	446	4
5811	759	13
5812	488	0
5813	10	6
5814	593	0
5815	694	2
5816	460	6
5817	211	7
5818	28	15
5819	784	0
5820	942	14
5821	147	7
5822	308	4
5823	969	16
5824	739	12
5825	830	14
5826	162	13
5827	89	2
5828	429	5
5829	918	10
5830	212	1
5831	541	5
5832	5	6
5833	477	6
5834	451	16
5835	599	1
5836	994	11
5837	160	7
5838	627	16
5839	941	1
5840	465	16
5841	113	10
5842	635	16
5843	997	19
5844	196	12
5845	473	7
5846	398	3
5847	888	8
5848	694	4
5849	110	14
5850	95	14
5851	800	3
5852	217	5
5853	188	1
5854	982	2
5855	393	7
5856	167	1
5857	31	17
5858	850	16
5859	637	16
5860	170	2
5861	937	14
5862	93	5
5863	408	10
5864	707	19
5865	241	12
5866	835	18
5867	754	2
5868	473	0
5869	490	2
5870	126	11
5871	403	16
5872	680	10
5873	399	16
5874	406	16
5875	636	9
5876	876	2
5877	920	3
5878	243	13
5879	340	17
5880	429	11
5881	188	2
5882	712	10
5883	385	8
5884	625	1
5885	425	15
5886	372	3
5887	675	19
5888	894	5
5889	733	11
5890	50	5
5891	644	10
5892	779	12
5893	727	10
5894	584	5
5895	982	8
5896	658	2
5897	402	17
5898	981	2
5899	428	2
5900	251	17
5901	149	4
5902	263	13
5903	369	0
5904	873	1
5905	833	5
5906	173	15
5907	209	16
5908	595	9
5909	679	10
5910	277	11
5911	183	4
5912	902	14
5913	937	15
5914	24	1
5915	682	8
5916	747	8
5917	884	2
5918	622	17
5919	839	1
5920	423	14
5921	822	7
5922	729	11
5923	887	8
5924	91	10
5925	679	13
5926	249	1
5927	363	8
5928	208	12
5929	493	16
5930	598	1
5931	119	17
5932	6	5
5933	267	19
5934	290	13
5935	822	13
5936	595	3
5937	378	11
5938	794	16
5939	862	11
5940	103	15
5941	977	1
5942	537	2
5943	513	19
5944	101	16
5945	286	4
5946	251	17
5947	188	2
5948	753	13
5949	534	8
5950	836	18
5951	171	7
5952	175	10
5953	231	9
5954	278	12
5955	521	0
5956	68	7
5957	84	18
5958	951	7
5959	201	8
5960	413	9
5961	75	1
5962	303	19
5963	239	7
5964	132	14
5965	848	5
5966	20	15
5967	849	15
5968	462	16
5969	821	10
5970	565	12
5971	284	16
5972	219	11
5973	824	19
5974	278	14
5975	708	4
5976	367	1
5977	513	14
5978	321	14
5979	188	4
5980	417	0
5981	123	2
5982	952	4
5983	662	0
5984	273	3
5985	690	17
5986	64	8
5987	89	9
5988	225	6
5989	816	1
5990	870	17
5991	389	4
5992	731	9
5993	930	15
5994	896	9
5995	24	15
5996	722	18
5997	209	11
5998	112	11
5999	647	16
6000	324	8
6001	985	15
6002	68	8
6003	933	9
6004	114	10
6005	839	5
6006	740	2
6007	221	18
6008	869	9
6009	650	8
6010	799	5
6011	747	13
6012	119	7
6013	926	10
6014	791	3
6015	956	15
6016	23	0
6017	16	5
6018	488	11
6019	211	4
6020	452	9
6021	707	18
6022	402	2
6023	514	6
6024	943	16
6025	276	2
6026	548	16
6027	773	14
6028	708	12
6029	185	3
6030	731	10
6031	140	5
6032	817	18
6033	733	0
6034	383	1
6035	362	8
6036	547	10
6037	581	4
6038	917	15
6039	656	4
6040	298	14
6041	372	19
6042	733	16
6043	323	11
6044	434	14
6045	341	19
6046	483	0
6047	963	13
6048	557	6
6049	693	18
6050	955	8
6051	525	2
6052	729	9
6053	351	8
6054	315	5
6055	580	1
6056	834	4
6057	925	19
6058	432	16
6059	446	4
6060	529	15
6061	541	2
6062	509	8
6063	918	17
6064	279	19
6065	524	16
6066	416	9
6067	849	11
6068	117	0
6069	601	6
6070	184	13
6071	658	17
6072	714	3
6073	803	0
6074	733	19
6075	316	1
6076	753	4
6077	341	19
6078	79	10
6079	751	17
6080	299	10
6081	197	7
6082	569	18
6083	947	4
6084	574	10
6085	774	14
6086	474	16
6087	223	3
6088	213	7
6089	828	18
6090	535	11
6091	615	5
6092	936	7
6093	831	6
6094	409	14
6095	910	16
6096	521	7
6097	799	14
6098	256	3
6099	273	1
6100	514	15
6101	510	19
6102	824	5
6103	823	10
6104	643	10
6105	509	4
6106	784	17
6107	336	12
6108	261	0
6109	190	10
6110	846	15
6111	368	10
6112	12	1
6113	804	12
6114	223	8
6115	203	13
6116	994	6
6117	556	1
6118	119	4
6119	783	7
6120	922	8
6121	172	0
6122	701	5
6123	438	7
6124	758	16
6125	293	0
6126	169	1
6127	376	9
6128	999	15
6129	394	14
6130	746	2
6131	667	5
6132	777	19
6133	655	2
6134	335	16
6135	596	6
6136	962	17
6137	862	14
6138	703	12
6139	338	18
6140	397	11
6141	693	7
6142	995	16
6143	351	8
6144	232	17
6145	579	6
6146	47	6
6147	52	2
6148	952	4
6149	908	11
6150	794	16
6151	198	14
6152	866	3
6153	293	9
6154	485	4
6155	163	12
6156	396	11
6157	951	4
6158	659	7
6159	649	0
6160	80	4
6161	725	14
6162	124	4
6163	54	14
6164	913	5
6165	768	14
6166	243	10
6167	191	5
6168	776	0
6169	577	12
6170	62	18
6171	703	8
6172	648	14
6173	431	13
6174	460	16
6175	716	16
6176	184	9
6177	802	5
6178	917	6
6179	743	10
6180	712	3
6181	778	6
6182	681	10
6183	305	13
6184	307	9
6185	262	17
6186	853	18
6187	778	6
6188	369	4
6189	39	16
6190	579	6
6191	524	18
6192	768	7
6193	949	0
6194	650	2
6195	812	3
6196	343	17
6197	710	19
6198	5	14
6199	322	4
6200	319	12
6201	688	15
6202	384	13
6203	531	15
6204	217	19
6205	192	17
6206	308	2
6207	854	17
6208	990	16
6209	782	18
6210	182	1
6211	308	12
6212	974	7
6213	207	1
6214	725	13
6215	913	3
6216	380	0
6217	621	10
6218	841	10
6219	909	9
6220	658	1
6221	324	5
6222	529	9
6223	87	11
6224	390	12
6225	258	7
6226	459	6
6227	432	8
6228	528	7
6229	751	0
6230	618	1
6231	323	1
6232	471	1
6233	38	10
6234	502	15
6235	411	18
6236	837	13
6237	99	8
6238	62	8
6239	178	10
6240	63	16
6241	561	18
6242	307	9
6243	285	17
6244	127	15
6245	502	19
6246	333	1
6247	372	6
6248	772	18
6249	176	15
6250	583	17
6251	372	7
6252	37	10
6253	328	4
6254	270	13
6255	830	0
6256	225	15
6257	101	19
6258	859	15
6259	808	1
6260	845	14
6261	379	11
6262	264	16
6263	987	17
6264	535	11
6265	449	8
6266	103	18
6267	530	3
6268	475	16
6269	327	16
6270	562	3
6271	433	2
6272	701	16
6273	721	4
6274	294	13
6275	437	16
6276	103	7
6277	63	2
6278	57	2
6279	357	11
6280	39	13
6281	468	16
6282	72	3
6283	736	16
6284	423	3
6285	898	0
6286	359	10
6287	310	0
6288	2	9
6289	343	8
6290	899	5
6291	88	11
6292	238	4
6293	820	1
6294	382	16
6295	2	12
6296	897	6
6297	265	10
6298	312	11
6299	769	12
6300	527	8
6301	662	13
6302	667	12
6303	78	9
6304	280	7
6305	189	3
6306	408	4
6307	971	4
6308	416	14
6309	289	2
6310	74	6
6311	726	19
6312	557	18
6313	569	12
6314	986	18
6315	584	17
6316	186	12
6317	671	4
6318	14	16
6319	542	11
6320	847	17
6321	323	4
6322	812	2
6323	366	15
6324	979	13
6325	463	7
6326	720	19
6327	693	11
6328	21	11
6329	882	15
6330	19	3
6331	265	15
6332	244	1
6333	901	13
6334	883	7
6335	5	7
6336	849	0
6337	230	17
6338	963	18
6339	538	13
6340	625	8
6341	863	15
6342	553	9
6343	709	19
6344	694	1
6345	296	17
6346	164	10
6347	355	2
6348	66	1
6349	900	7
6350	508	2
6351	328	2
6352	274	11
6353	441	14
6354	720	13
6355	734	18
6356	391	2
6357	500	14
6358	279	2
6359	673	7
6360	175	18
6361	116	15
6362	508	1
6363	747	1
6364	507	15
6365	444	1
6366	276	7
6367	706	6
6368	35	8
6369	954	14
6370	77	15
6371	409	14
6372	996	1
6373	677	12
6374	252	9
6375	202	5
6376	749	15
6377	566	19
6378	279	2
6379	910	16
6380	66	17
6381	992	16
6382	682	1
6383	293	4
6384	960	11
6385	703	4
6386	445	14
6387	410	3
6388	471	11
6389	736	8
6390	401	15
6391	715	8
6392	752	6
6393	925	10
6394	578	1
6395	458	6
6396	768	17
6397	802	13
6398	757	1
6399	864	6
6400	928	10
6401	864	14
6402	755	13
6403	748	15
6404	795	0
6405	492	16
6406	345	18
6407	145	8
6408	386	8
6409	40	1
6410	746	9
6411	447	19
6412	71	3
6413	989	1
6414	188	3
6415	638	6
6416	636	4
6417	954	7
6418	651	1
6419	747	14
6420	684	5
6421	291	14
6422	517	0
6423	660	17
6424	900	14
6425	41	0
6426	175	9
6427	252	15
6428	72	8
6429	108	14
6430	418	18
6431	862	9
6432	97	14
6433	744	13
6434	338	14
6435	515	19
6436	249	18
6437	844	11
6438	939	1
6439	793	14
6440	684	19
6441	387	13
6442	212	7
6443	118	7
6444	425	11
6445	707	15
6446	774	10
6447	287	0
6448	792	6
6449	703	10
6450	149	6
6451	67	14
6452	37	7
6453	878	10
6454	197	2
6455	882	6
6456	845	9
6457	982	1
6458	534	5
6459	218	14
6460	568	3
6461	274	13
6462	227	9
6463	511	5
6464	769	9
6465	582	2
6466	481	5
6467	395	2
6468	973	12
6469	325	0
6470	719	13
6471	970	14
6472	97	19
6473	844	7
6474	124	5
6475	330	18
6476	551	1
6477	21	16
6478	487	19
6479	828	4
6480	611	12
6481	608	16
6482	920	4
6483	731	12
6484	846	7
6485	23	9
6486	316	8
6487	857	7
6488	480	0
6489	749	16
6490	901	2
6491	209	10
6492	292	17
6493	800	10
6494	720	0
6495	46	10
6496	520	10
6497	560	11
6498	600	1
6499	848	6
6500	585	19
6501	130	5
6502	911	1
6503	450	11
6504	805	10
6505	990	17
6506	733	1
6507	704	16
6508	462	4
6509	340	0
6510	2	12
6511	149	13
6512	330	16
6513	924	12
6514	592	4
6515	139	5
6516	35	9
6517	780	3
6518	202	7
6519	92	12
6520	198	7
6521	787	4
6522	534	14
6523	67	16
6524	812	6
6525	201	11
6526	778	19
6527	776	2
6528	817	10
6529	872	8
6530	403	18
6531	409	12
6532	860	17
6533	635	17
6534	943	6
6535	567	10
6536	492	19
6537	45	12
6538	103	6
6539	97	19
6540	689	13
6541	1	9
6542	775	8
6543	739	13
6544	140	15
6545	78	1
6546	268	12
6547	914	7
6548	472	13
6549	316	18
6550	696	19
6551	874	14
6552	284	19
6553	478	7
6554	126	15
6555	522	19
6556	987	2
6557	669	3
6558	119	4
6559	855	13
6560	253	7
6561	659	7
6562	546	18
6563	53	0
6564	133	5
6565	284	9
6566	262	14
6567	317	7
6568	688	15
6569	821	13
6570	750	1
6571	64	18
6572	38	1
6573	834	4
6574	176	2
6575	212	16
6576	647	17
6577	58	10
6578	716	8
6579	424	15
6580	441	9
6581	698	6
6582	873	13
6583	544	2
6584	230	12
6585	963	10
6586	374	15
6587	299	16
6588	96	7
6589	782	7
6590	319	4
6591	199	6
6592	38	5
6593	268	12
6594	863	18
6595	741	4
6596	447	9
6597	926	11
6598	150	7
6599	447	19
6600	567	18
6601	800	1
6602	216	8
6603	204	15
6604	969	18
6605	535	8
6606	262	12
6607	99	5
6608	494	1
6609	640	19
6610	349	19
6611	947	16
6612	578	4
6613	816	4
6614	230	12
6615	586	9
6616	876	1
6617	331	15
6618	27	6
6619	266	4
6620	228	7
6621	660	10
6622	476	10
6623	368	15
6624	4	2
6625	477	10
6626	375	7
6627	20	12
6628	179	13
6629	220	0
6630	775	0
6631	153	5
6632	192	9
6633	720	18
6634	153	14
6635	974	12
6636	30	0
6637	466	2
6638	419	10
6639	146	18
6640	642	10
6641	679	11
6642	929	17
6643	175	3
6644	864	6
6645	629	17
6646	676	9
6647	686	13
6648	430	6
6649	344	6
6650	511	19
6651	261	15
6652	569	14
6653	42	2
6654	610	17
6655	715	2
6656	134	8
6657	284	13
6658	286	15
6659	868	11
6660	208	18
6661	551	2
6662	822	14
6663	672	4
6664	638	10
6665	904	4
6666	856	17
6667	532	6
6668	781	4
6669	361	7
6670	894	11
6671	497	11
6672	410	8
6673	303	6
6674	7	3
6675	618	9
6676	399	3
6677	929	8
6678	219	12
6679	975	1
6680	326	14
6681	498	6
6682	57	15
6683	238	13
6684	696	0
6685	492	14
6686	934	13
6687	714	18
6688	258	5
6689	983	11
6690	735	16
6691	982	8
6692	851	4
6693	252	0
6694	199	3
6695	420	18
6696	474	15
6697	588	4
6698	991	5
6699	290	0
6700	158	8
6701	983	5
6702	479	10
6703	377	9
6704	528	18
6705	604	8
6706	668	1
6707	932	18
6708	172	8
6709	90	19
6710	593	2
6711	751	5
6712	148	5
6713	883	18
6714	688	18
6715	678	12
6716	509	13
6717	131	4
6718	813	6
6719	173	3
6720	956	2
6721	12	17
6722	282	13
6723	96	17
6724	963	6
6725	174	12
6726	968	6
6727	741	4
6728	932	13
6729	199	13
6730	266	9
6731	797	14
6732	86	10
6733	482	18
6734	400	9
6735	325	13
6736	985	12
6737	932	9
6738	760	5
6739	967	14
6740	707	18
6741	5	17
6742	312	13
6743	341	3
6744	387	19
6745	890	15
6746	938	15
6747	602	7
6748	967	1
6749	139	17
6750	331	10
6751	714	12
6752	280	3
6753	292	11
6754	920	19
6755	943	9
6756	281	3
6757	602	6
6758	116	5
6759	173	17
6760	148	19
6761	205	9
6762	528	0
6763	53	12
6764	330	4
6765	907	2
6766	144	7
6767	821	4
6768	903	6
6769	665	18
6770	846	7
6771	753	12
6772	6	17
6773	116	13
6774	898	9
6775	821	1
6776	865	1
6777	778	18
6778	761	16
6779	591	7
6780	27	2
6781	302	2
6782	743	16
6783	341	2
6784	476	17
6785	392	11
6786	738	19
6787	30	5
6788	649	14
6789	342	17
6790	180	7
6791	967	6
6792	537	19
6793	928	6
6794	536	7
6795	566	2
6796	297	2
6797	380	9
6798	116	16
6799	39	11
6800	783	15
6801	448	11
6802	609	18
6803	0	13
6804	884	13
6805	413	16
6806	347	10
6807	692	2
6808	820	3
6809	405	9
6810	144	11
6811	323	6
6812	82	0
6813	240	2
6814	926	9
6815	135	14
6816	35	11
6817	896	16
6818	659	8
6819	999	19
6820	577	8
6821	990	2
6822	108	14
6823	302	16
6824	197	13
6825	837	2
6826	917	8
6827	610	5
6828	513	7
6829	814	11
6830	65	12
6831	77	10
6832	531	19
6833	455	10
6834	579	16
6835	99	11
6836	284	1
6837	53	8
6838	336	12
6839	457	5
6840	114	13
6841	276	16
6842	565	0
6843	629	4
6844	898	15
6845	874	2
6846	119	17
6847	594	14
6848	293	10
6849	302	6
6850	499	2
6851	548	17
6852	756	15
6853	287	9
6854	93	10
6855	426	14
6856	252	9
6857	997	0
6858	569	0
6859	603	17
6860	722	11
6861	129	7
6862	341	2
6863	434	6
6864	828	1
6865	431	13
6866	874	4
6867	867	9
6868	176	17
6869	626	12
6870	758	0
6871	179	18
6872	322	0
6873	974	11
6874	582	7
6875	447	4
6876	876	18
6877	850	11
6878	187	10
6879	56	8
6880	914	9
6881	172	9
6882	845	3
6883	747	3
6884	810	13
6885	574	19
6886	557	3
6887	398	10
6888	300	4
6889	981	19
6890	628	0
6891	992	5
6892	668	9
6893	135	14
6894	42	14
6895	978	18
6896	344	2
6897	854	3
6898	229	0
6899	609	0
6900	270	15
6901	560	1
6902	826	1
6903	815	16
6904	608	13
6905	670	10
6906	97	2
6907	828	10
6908	462	4
6909	72	9
6910	137	10
6911	614	8
6912	246	3
6913	772	10
6914	22	5
6915	123	12
6916	962	16
6917	160	7
6918	214	19
6919	517	2
6920	763	2
6921	170	12
6922	876	2
6923	243	17
6924	394	10
6925	436	1
6926	350	19
6927	60	10
6928	727	13
6929	167	16
6930	74	0
6931	262	9
6932	861	7
6933	86	7
6934	318	9
6935	736	3
6936	447	5
6937	819	1
6938	946	8
6939	518	6
6940	458	9
6941	332	8
6942	625	9
6943	602	16
6944	524	10
6945	553	18
6946	829	6
6947	23	17
6948	814	19
6949	828	13
6950	807	12
6951	730	16
6952	40	19
6953	602	18
6954	0	4
6955	176	11
6956	670	7
6957	724	16
6958	24	9
6959	596	13
6960	665	6
6961	42	14
6962	520	19
6963	56	15
6964	56	15
6965	120	14
6966	855	8
6967	385	1
6968	577	19
6969	61	1
6970	218	17
6971	117	11
6972	715	9
6973	598	11
6974	619	5
6975	807	15
6976	687	7
6977	38	7
6978	301	0
6979	681	19
6980	10	13
6981	341	1
6982	987	9
6983	258	7
6984	569	16
6985	958	6
6986	311	14
6987	286	3
6988	658	8
6989	546	4
6990	225	17
6991	512	1
6992	283	2
6993	368	2
6994	788	14
6995	843	15
6996	319	11
6997	175	7
6998	765	17
6999	153	17
7000	382	9
7001	111	10
7002	266	13
7003	463	19
7004	238	19
7005	485	3
7006	957	13
7007	519	5
7008	949	5
7009	289	2
7010	711	14
7011	503	14
7012	232	9
7013	858	2
7014	177	19
7015	866	16
7016	417	14
7017	526	15
7018	957	12
7019	286	2
7020	356	2
7021	775	7
7022	597	3
7023	449	4
7024	926	16
7025	164	17
7026	349	13
7027	312	5
7028	429	10
7029	337	4
7030	681	19
7031	537	13
7032	734	16
7033	518	4
7034	435	2
7035	381	2
7036	827	16
7037	282	7
7038	802	10
7039	148	15
7040	771	5
7041	268	5
7042	962	11
7043	474	19
7044	23	11
7045	640	0
7046	23	13
7047	879	17
7048	422	14
7049	75	16
7050	393	3
7051	726	15
7052	337	2
7053	776	1
7054	251	0
7055	536	15
7056	153	4
7057	869	8
7058	520	2
7059	361	18
7060	398	12
7061	483	18
7062	917	3
7063	430	18
7064	361	8
7065	859	4
7066	377	6
7067	610	7
7068	571	5
7069	825	0
7070	195	17
7071	987	0
7072	366	17
7073	661	14
7074	640	6
7075	881	10
7076	243	8
7077	565	16
7078	6	6
7079	509	1
7080	372	0
7081	845	6
7082	126	6
7083	960	6
7084	230	10
7085	993	3
7086	169	12
7087	818	3
7088	68	18
7089	813	3
7090	176	12
7091	560	2
7092	815	19
7093	861	3
7094	994	7
7095	597	6
7096	647	14
7097	122	16
7098	105	2
7099	396	19
7100	840	5
7101	851	6
7102	836	1
7103	286	7
7104	840	16
7105	37	3
7106	734	1
7107	668	5
7108	753	8
7109	451	13
7110	945	2
7111	913	6
7112	967	16
7113	164	5
7114	69	16
7115	388	9
7116	205	7
7117	144	19
7118	232	3
7119	374	17
7120	831	7
7121	340	15
7122	625	12
7123	231	3
7124	686	4
7125	212	9
7126	480	11
7127	532	3
7128	755	9
7129	121	11
7130	135	5
7131	245	5
7132	896	0
7133	969	12
7134	808	13
7135	427	3
7136	542	19
7137	359	19
7138	659	17
7139	150	14
7140	935	6
7141	503	12
7142	178	3
7143	74	5
7144	572	2
7145	421	0
7146	866	16
7147	350	0
7148	421	7
7149	667	14
7150	929	15
7151	797	15
7152	693	1
7153	250	12
7154	860	13
7155	620	10
7156	969	9
7157	282	9
7158	967	3
7159	493	2
7160	299	13
7161	917	19
7162	528	15
7163	658	15
7164	637	8
7165	887	18
7166	984	5
7167	530	9
7168	982	12
7169	393	16
7170	350	1
7171	870	7
7172	974	9
7173	465	9
7174	555	1
7175	669	7
7176	409	2
7177	703	12
7178	632	12
7179	476	14
7180	953	3
7181	919	17
7182	373	17
7183	510	3
7184	329	3
7185	234	5
7186	257	3
7187	455	4
7188	261	8
7189	241	9
7190	508	8
7191	103	17
7192	565	13
7193	157	6
7194	225	17
7195	761	1
7196	696	12
7197	42	17
7198	503	4
7199	721	11
7200	420	19
7201	523	8
7202	268	1
7203	653	13
7204	208	16
7205	366	9
7206	700	13
7207	401	13
7208	489	5
7209	442	5
7210	482	18
7211	385	5
7212	264	16
7213	453	15
7214	641	8
7215	876	19
7216	41	12
7217	895	0
7218	892	7
7219	813	4
7220	42	11
7221	466	1
7222	772	13
7223	980	2
7224	899	4
7225	611	19
7226	240	16
7227	536	2
7228	698	13
7229	891	0
7230	151	17
7231	868	16
7232	119	10
7233	280	7
7234	477	12
7235	93	7
7236	799	5
7237	706	3
7238	725	19
7239	50	13
7240	293	0
7241	738	17
7242	297	17
7243	633	18
7244	641	17
7245	645	6
7246	639	11
7247	79	3
7248	458	5
7249	27	4
7250	294	0
7251	313	2
7252	675	7
7253	436	18
7254	571	12
7255	906	18
7256	450	19
7257	586	12
7258	184	14
7259	820	0
7260	511	16
7261	26	0
7262	987	15
7263	50	8
7264	843	6
7265	700	3
7266	755	14
7267	79	11
7268	161	2
7269	127	16
7270	695	16
7271	673	13
7272	253	9
7273	416	9
7274	341	2
7275	137	1
7276	787	3
7277	467	13
7278	705	1
7279	385	15
7280	978	13
7281	420	14
7282	758	7
7283	311	5
7284	644	4
7285	740	12
7286	26	9
7287	935	7
7288	864	2
7289	459	7
7290	431	16
7291	760	5
7292	483	9
7293	25	2
7294	432	16
7295	643	18
7296	257	12
7297	668	6
7298	526	3
7299	896	3
7300	918	6
7301	464	7
7302	553	10
7303	732	16
7304	805	4
7305	650	10
7306	355	16
7307	47	9
7308	96	6
7309	583	3
7310	752	10
7311	825	3
7312	577	7
7313	931	12
7314	247	11
7315	306	10
7316	902	11
7317	308	6
7318	631	15
7319	296	16
7320	240	6
7321	581	7
7322	658	16
7323	505	13
7324	262	10
7325	342	10
7326	318	14
7327	150	9
7328	866	19
7329	894	7
7330	179	12
7331	612	10
7332	997	6
7333	745	13
7334	523	17
7335	827	15
7336	855	0
7337	109	9
7338	117	7
7339	811	18
7340	374	9
7341	453	0
7342	734	11
7343	699	7
7344	381	4
7345	837	6
7346	731	0
7347	554	10
7348	743	7
7349	335	11
7350	847	7
7351	801	5
7352	939	12
7353	725	9
7354	131	13
7355	265	3
7356	785	14
7357	191	8
7358	308	12
7359	841	13
7360	907	18
7361	635	1
7362	523	9
7363	710	10
7364	832	3
7365	74	10
7366	332	5
7367	464	13
7368	594	1
7369	154	14
7370	892	7
7371	953	14
7372	295	5
7373	46	1
7374	466	8
7375	9	3
7376	683	14
7377	482	9
7378	571	18
7379	375	9
7380	966	5
7381	819	5
7382	961	13
7383	286	2
7384	275	2
7385	449	16
7386	885	2
7387	627	0
7388	755	5
7389	238	1
7390	825	12
7391	259	1
7392	387	12
7393	427	11
7394	684	12
7395	225	0
7396	533	15
7397	172	9
7398	345	7
7399	880	2
7400	465	16
7401	969	11
7402	868	19
7403	752	13
7404	221	2
7405	147	19
7406	763	13
7407	856	17
7408	401	14
7409	698	12
7410	980	3
7411	855	13
7412	949	15
7413	15	8
7414	123	19
7415	3	7
7416	534	12
7417	451	6
7418	861	4
7419	583	8
7420	148	7
7421	903	0
7422	683	19
7423	998	12
7424	191	14
7425	426	13
7426	110	8
7427	998	9
7428	981	1
7429	263	19
7430	459	9
7431	463	16
7432	340	10
7433	165	12
7434	622	7
7435	531	17
7436	688	6
7437	685	6
7438	495	7
7439	944	15
7440	507	17
7441	261	16
7442	957	4
7443	241	14
7444	403	13
7445	479	14
7446	937	8
7447	649	3
7448	687	0
7449	914	16
7450	700	10
7451	191	18
7452	548	5
7453	948	15
7454	164	12
7455	141	13
7456	24	9
7457	863	18
7458	546	15
7459	127	16
7460	375	18
7461	597	2
7462	84	9
7463	267	14
7464	863	4
7465	512	4
7466	902	11
7467	25	8
7468	665	19
7469	352	4
7470	882	15
7471	912	18
7472	414	9
7473	381	6
7474	537	10
7475	906	10
7476	858	11
7477	935	11
7478	947	2
7479	298	3
7480	712	15
7481	115	13
7482	697	3
7483	206	17
7484	13	15
7485	508	6
7486	19	13
7487	896	16
7488	67	10
7489	551	12
7490	704	12
7491	159	16
7492	576	3
7493	64	17
7494	140	12
7495	868	8
7496	886	5
7497	746	0
7498	694	17
7499	50	7
7500	715	2
7501	638	10
7502	859	11
7503	154	4
7504	142	16
7505	449	16
7506	447	8
7507	56	16
7508	454	14
7509	247	16
7510	188	17
7511	500	17
7512	873	17
7513	183	0
7514	768	6
7515	391	10
7516	764	18
7517	419	10
7518	438	4
7519	957	11
7520	85	8
7521	219	19
7522	957	17
7523	220	12
7524	277	8
7525	850	16
7526	898	12
7527	261	13
7528	828	17
7529	728	12
7530	732	15
7531	634	8
7532	782	4
7533	310	10
7534	655	0
7535	5	16
7536	865	18
7537	136	3
7538	372	7
7539	792	16
7540	566	8
7541	892	12
7542	229	11
7543	383	18
7544	541	5
7545	122	1
7546	730	18
7547	972	16
7548	75	19
7549	645	9
7550	553	2
7551	47	0
7552	381	8
7553	508	8
7554	804	12
7555	230	3
7556	19	17
7557	151	12
7558	803	9
7559	643	17
7560	361	19
7561	536	5
7562	276	8
7563	184	3
7564	910	10
7565	993	8
7566	978	8
7567	615	14
7568	63	4
7569	846	13
7570	895	17
7571	164	1
7572	756	15
7573	72	5
7574	72	10
7575	35	16
7576	660	1
7577	311	8
7578	532	9
7579	140	10
7580	2	0
7581	879	19
7582	704	10
7583	307	11
7584	831	1
7585	97	3
7586	918	11
7587	492	6
7588	742	18
7589	262	10
7590	887	5
7591	519	5
7592	433	18
7593	453	0
7594	891	7
7595	26	18
7596	797	10
7597	427	4
7598	12	8
7599	615	12
7600	577	13
7601	868	10
7602	413	1
7603	17	6
7604	853	17
7605	42	12
7606	278	15
7607	655	14
7608	98	0
7609	92	3
7610	432	18
7611	50	11
7612	551	17
7613	774	3
7614	869	1
7615	456	12
7616	955	12
7617	867	11
7618	729	17
7619	395	16
7620	902	12
7621	313	17
7622	252	6
7623	57	6
7624	860	17
7625	545	0
7626	763	10
7627	406	12
7628	625	12
7629	545	14
7630	969	0
7631	62	4
7632	251	2
7633	725	2
7634	709	6
7635	170	2
7636	244	17
7637	140	18
7638	624	17
7639	194	7
7640	275	3
7641	261	7
7642	967	16
7643	267	11
7644	477	17
7645	597	2
7646	888	17
7647	891	10
7648	42	12
7649	657	0
7650	255	15
7651	683	7
7652	905	7
7653	733	4
7654	654	2
7655	354	18
7656	849	4
7657	506	7
7658	113	2
7659	215	0
7660	614	0
7661	760	17
7662	646	17
7663	131	8
7664	956	3
7665	30	19
7666	863	16
7667	922	11
7668	615	2
7669	917	8
7670	748	0
7671	139	12
7672	717	1
7673	749	18
7674	861	8
7675	494	9
7676	461	8
7677	188	15
7678	202	16
7679	536	10
7680	930	2
7681	224	19
7682	474	15
7683	880	9
7684	689	14
7685	653	2
7686	271	5
7687	740	2
7688	179	7
7689	500	12
7690	485	1
7691	960	8
7692	904	14
7693	173	17
7694	251	19
7695	375	11
7696	568	3
7697	492	8
7698	326	0
7699	844	14
7700	748	7
7701	545	13
7702	346	4
7703	641	13
7704	326	15
7705	914	14
7706	57	6
7707	517	6
7708	29	16
7709	326	9
7710	405	8
7711	907	19
7712	270	18
7713	552	5
7714	94	12
7715	106	12
7716	677	17
7717	447	3
7718	624	6
7719	154	15
7720	766	9
7721	354	10
7722	2	17
7723	141	8
7724	880	10
7725	812	8
7726	301	17
7727	2	16
7728	516	6
7729	67	1
7730	975	19
7731	703	9
7732	375	19
7733	406	15
7734	882	1
7735	875	13
7736	483	18
7737	445	1
7738	889	16
7739	325	12
7740	496	5
7741	264	1
7742	127	11
7743	872	14
7744	920	5
7745	890	11
7746	463	0
7747	21	3
7748	162	5
7749	405	0
7750	973	18
7751	825	3
7752	677	16
7753	319	11
7754	97	10
7755	567	8
7756	326	2
7757	549	7
7758	42	10
7759	405	17
7760	761	0
7761	0	18
7762	649	7
7763	570	9
7764	147	0
7765	390	0
7766	543	10
7767	43	17
7768	308	17
7769	533	13
7770	505	13
7771	216	2
7772	49	2
7773	163	1
7774	710	19
7775	723	10
7776	592	6
7777	212	6
7778	487	15
7779	433	15
7780	628	8
7781	659	2
7782	209	13
7783	909	17
7784	96	17
7785	709	15
7786	403	3
7787	797	9
7788	807	4
7789	150	6
7790	932	13
7791	396	14
7792	635	8
7793	931	17
7794	564	5
7795	932	4
7796	583	2
7797	393	0
7798	947	7
7799	847	1
7800	880	16
7801	636	15
7802	48	2
7803	820	0
7804	912	19
7805	935	13
7806	845	10
7807	695	3
7808	764	1
7809	618	11
7810	379	1
7811	944	14
7812	549	18
7813	992	2
7814	428	11
7815	891	11
7816	634	0
7817	561	11
7818	246	19
7819	510	11
7820	845	10
7821	181	1
7822	559	12
7823	760	19
7824	885	6
7825	598	13
7826	500	19
7827	152	6
7828	45	5
7829	19	17
7830	581	15
7831	377	4
7832	260	7
7833	465	2
7834	371	9
7835	412	0
7836	893	7
7837	842	11
7838	882	13
7839	464	4
7840	237	16
7841	711	1
7842	656	8
7843	170	2
7844	90	0
7845	245	18
7846	478	11
7847	953	17
7848	432	13
7849	292	18
7850	381	19
7851	425	6
7852	49	10
7853	829	11
7854	681	0
7855	696	3
7856	280	3
7857	758	7
7858	931	1
7859	842	12
7860	569	19
7861	822	14
7862	771	13
7863	717	4
7864	856	2
7865	223	19
7866	736	6
7867	911	3
7868	684	19
7869	333	12
7870	921	8
7871	456	6
7872	733	6
7873	135	6
7874	64	0
7875	301	2
7876	594	4
7877	166	17
7878	868	4
7879	923	3
7880	830	2
7881	938	8
7882	806	3
7883	594	8
7884	169	18
7885	307	13
7886	536	10
7887	622	2
7888	337	1
7889	327	14
7890	340	10
7891	847	6
7892	721	5
7893	8	8
7894	197	19
7895	843	2
7896	605	16
7897	564	12
7898	924	18
7899	658	18
7900	993	15
7901	192	18
7902	248	12
7903	520	19
7904	768	17
7905	327	7
7906	679	13
7907	9	3
7908	364	11
7909	409	4
7910	944	9
7911	791	12
7912	32	10
7913	862	6
7914	535	6
7915	919	16
7916	713	3
7917	697	15
7918	723	9
7919	704	8
7920	828	9
7921	982	7
7922	670	13
7923	740	6
7924	910	14
7925	243	3
7926	582	7
7927	271	7
7928	54	1
7929	963	8
7930	738	16
7931	519	7
7932	897	0
7933	963	19
7934	385	12
7935	544	17
7936	419	7
7937	346	3
7938	977	12
7939	452	9
7940	170	17
7941	106	16
7942	839	8
7943	710	0
7944	620	11
7945	618	17
7946	602	3
7947	186	9
7948	677	4
7949	365	3
7950	342	12
7951	329	13
7952	335	16
7953	550	19
7954	308	12
7955	132	11
7956	655	9
7957	844	12
7958	424	15
7959	974	2
7960	235	10
7961	793	1
7962	198	15
7963	87	1
7964	766	14
7965	536	1
7966	860	4
7967	830	2
7968	151	1
7969	138	15
7970	777	0
7971	710	19
7972	418	11
7973	935	8
7974	624	15
7975	860	14
7976	644	8
7977	848	18
7978	24	8
7979	885	3
7980	836	3
7981	781	1
7982	0	7
7983	158	17
7984	319	19
7985	286	14
7986	633	11
7987	77	9
7988	920	10
7989	690	3
7990	121	6
7991	132	6
7992	425	10
7993	45	16
7994	581	19
7995	79	15
7996	813	8
7997	692	4
7998	831	2
7999	423	17
8000	621	8
8001	414	15
8002	104	15
8003	27	0
8004	645	14
8005	261	15
8006	801	14
8007	822	2
8008	264	18
8009	34	13
8010	764	7
8011	685	15
8012	18	5
8013	571	12
8014	311	10
8015	583	8
8016	392	9
8017	37	10
8018	619	13
8019	74	19
8020	550	14
8021	70	13
8022	334	5
8023	341	16
8024	905	0
8025	686	6
8026	246	7
8027	540	0
8028	572	16
8029	868	3
8030	895	10
8031	59	7
8032	83	3
8033	780	18
8034	482	10
8035	715	14
8036	951	9
8037	361	13
8038	525	12
8039	324	17
8040	155	18
8041	525	2
8042	935	15
8043	997	11
8044	163	12
8045	591	3
8046	159	5
8047	157	14
8048	907	14
8049	198	19
8050	700	17
8051	739	8
8052	864	18
8053	314	7
8054	523	4
8055	195	12
8056	834	19
8057	245	7
8058	281	4
8059	225	10
8060	963	8
8061	835	9
8062	149	8
8063	359	12
8064	504	10
8065	597	18
8066	882	11
8067	260	9
8068	95	18
8069	307	2
8070	752	10
8071	318	14
8072	831	3
8073	14	6
8074	114	16
8075	557	15
8076	47	1
8077	859	10
8078	941	9
8079	928	6
8080	1	12
8081	556	12
8082	25	4
8083	122	6
8084	778	17
8085	224	13
8086	747	11
8087	264	6
8088	449	5
8089	191	17
8090	739	12
8091	800	5
8092	149	13
8093	564	6
8094	515	19
8095	492	14
8096	339	4
8097	666	0
8098	994	19
8099	678	9
8100	52	7
8101	793	7
8102	147	9
8103	118	13
8104	596	7
8105	660	14
8106	75	7
8107	503	8
8108	926	14
8109	701	0
8110	47	16
8111	437	14
8112	752	2
8113	896	0
8114	313	2
8115	589	0
8116	354	7
8117	925	9
8118	123	8
8119	946	12
8120	4	2
8121	889	5
8122	206	3
8123	939	0
8124	677	4
8125	507	1
8126	421	12
8127	89	3
8128	292	14
8129	876	0
8130	834	8
8131	570	16
8132	828	18
8133	715	14
8134	71	11
8135	628	14
8136	100	12
8137	989	0
8138	331	12
8139	346	11
8140	196	8
8141	213	8
8142	535	8
8143	136	19
8144	358	11
8145	635	6
8146	714	19
8147	788	12
8148	984	4
8149	192	16
8150	590	8
8151	380	8
8152	636	14
8153	410	15
8154	301	5
8155	648	14
8156	942	8
8157	259	12
8158	357	1
8159	775	6
8160	442	6
8161	189	7
8162	440	4
8163	591	1
8164	5	5
8165	811	2
8166	30	10
8167	651	2
8168	468	14
8169	17	16
8170	770	2
8171	444	7
8172	552	2
8173	292	4
8174	415	1
8175	402	0
8176	819	6
8177	996	8
8178	276	19
8179	977	10
8180	364	7
8181	820	18
8182	710	4
8183	515	9
8184	959	4
8185	333	12
8186	668	14
8187	663	5
8188	482	14
8189	700	9
8190	954	18
8191	316	3
8192	229	9
8193	441	4
8194	415	8
8195	575	4
8196	893	4
8197	915	15
8198	553	3
8199	653	16
8200	482	8
8201	252	11
8202	511	8
8203	361	0
8204	678	9
8205	649	5
8206	77	6
8207	780	4
8208	601	19
8209	196	16
8210	945	9
8211	254	17
8212	987	13
8213	791	3
8214	530	16
8215	200	13
8216	370	18
8217	912	15
8218	354	0
8219	15	13
8220	18	6
8221	35	15
8222	482	7
8223	125	12
8224	556	14
8225	538	16
8226	269	18
8227	806	3
8228	802	14
8229	899	7
8230	765	8
8231	826	18
8232	738	9
8233	49	5
8234	803	16
8235	817	19
8236	315	1
8237	606	13
8238	611	10
8239	611	8
8240	267	14
8241	980	19
8242	853	4
8243	502	0
8244	930	15
8245	799	13
8246	647	9
8247	275	5
8248	799	15
8249	766	5
8250	668	11
8251	184	16
8252	200	0
8253	27	9
8254	160	11
8255	969	13
8256	802	2
8257	171	3
8258	795	19
8259	330	6
8260	122	7
8261	616	12
8262	388	14
8263	429	7
8264	336	10
8265	442	10
8266	930	5
8267	169	13
8268	489	5
8269	88	6
8270	409	0
8271	977	9
8272	976	19
8273	617	19
8274	870	13
8275	376	19
8276	511	17
8277	930	6
8278	655	16
8279	813	3
8280	530	14
8281	744	12
8282	610	8
8283	545	9
8284	961	7
8285	312	8
8286	396	2
8287	351	12
8288	570	12
8289	792	16
8290	509	19
8291	373	8
8292	521	17
8293	380	7
8294	831	0
8295	869	16
8296	950	4
8297	831	12
8298	505	8
8299	453	5
8300	978	3
8301	531	12
8302	97	8
8303	306	0
8304	949	1
8305	916	15
8306	718	5
8307	329	11
8308	40	3
8309	420	5
8310	529	12
8311	878	4
8312	453	17
8313	667	8
8314	455	0
8315	32	13
8316	282	15
8317	468	8
8318	744	1
8319	185	6
8320	250	17
8321	733	3
8322	409	16
8323	302	19
8324	321	13
8325	607	6
8326	795	0
8327	285	11
8328	2	14
8329	47	3
8330	364	7
8331	524	14
8332	915	5
8333	281	3
8334	551	9
8335	693	16
8336	799	12
8337	340	12
8338	658	5
8339	31	6
8340	761	0
8341	380	5
8342	948	8
8343	964	19
8344	710	1
8345	334	7
8346	58	6
8347	690	11
8348	850	19
8349	701	17
8350	879	6
8351	373	11
8352	70	13
8353	829	2
8354	990	17
8355	842	9
8356	556	0
8357	781	11
8358	590	13
8359	360	8
8360	511	5
8361	498	4
8362	831	4
8363	797	16
8364	329	3
8365	689	7
8366	129	7
8367	227	18
8368	84	15
8369	83	0
8370	503	17
8371	710	14
8372	298	1
8373	340	4
8374	393	19
8375	936	1
8376	89	0
8377	971	1
8378	430	6
8379	239	17
8380	478	5
8381	777	5
8382	244	9
8383	886	18
8384	148	7
8385	956	10
8386	543	3
8387	630	4
8388	638	11
8389	129	14
8390	621	7
8391	666	17
8392	317	19
8393	932	14
8394	312	14
8395	441	1
8396	174	12
8397	59	8
8398	72	9
8399	805	8
8400	480	11
8401	80	14
8402	662	5
8403	90	18
8404	850	15
8405	267	8
8406	776	12
8407	819	2
8408	449	3
8409	695	1
8410	62	9
8411	357	15
8412	456	7
8413	213	19
8414	16	9
8415	719	18
8416	471	4
8417	178	2
8418	402	0
8419	728	10
8420	848	2
8421	373	7
8422	774	1
8423	67	15
8424	980	15
8425	980	5
8426	538	17
8427	19	12
8428	597	8
8429	792	3
8430	49	2
8431	80	6
8432	429	7
8433	721	3
8434	867	3
8435	81	9
8436	642	5
8437	671	13
8438	800	2
8439	986	19
8440	947	2
8441	619	10
8442	801	13
8443	995	16
8444	317	1
8445	262	3
8446	669	10
8447	557	10
8448	796	7
8449	23	15
8450	820	0
8451	380	2
8452	703	18
8453	527	0
8454	785	8
8455	409	11
8456	743	19
8457	840	11
8458	368	11
8459	568	18
8460	166	18
8461	886	15
8462	567	14
8463	171	2
8464	379	12
8465	265	7
8466	871	17
8467	320	9
8468	681	2
8469	631	5
8470	852	1
8471	979	7
8472	301	11
8473	883	3
8474	641	17
8475	202	15
8476	267	6
8477	300	17
8478	363	13
8479	963	7
8480	227	16
8481	31	6
8482	83	11
8483	233	7
8484	623	0
8485	757	13
8486	639	1
8487	490	6
8488	272	15
8489	242	10
8490	286	16
8491	718	7
8492	298	14
8493	59	8
8494	332	2
8495	425	18
8496	843	1
8497	102	9
8498	684	14
8499	54	13
8500	735	11
8501	912	7
8502	116	7
8503	396	17
8504	595	19
8505	435	8
8506	112	15
8507	518	15
8508	405	5
8509	377	1
8510	63	5
8511	473	8
8512	256	6
8513	539	3
8514	988	2
8515	626	6
8516	783	2
8517	331	8
8518	338	11
8519	104	5
8520	680	14
8521	509	18
8522	193	6
8523	1	5
8524	166	7
8525	696	16
8526	171	10
8527	983	5
8528	968	15
8529	782	11
8530	55	17
8531	874	8
8532	677	2
8533	726	2
8534	624	10
8535	306	3
8536	767	8
8537	627	10
8538	132	9
8539	417	17
8540	199	4
8541	710	12
8542	823	12
8543	150	3
8544	530	0
8545	478	0
8546	959	0
8547	849	11
8548	580	19
8549	159	19
8550	705	13
8551	870	15
8552	61	5
8553	416	19
8554	935	10
8555	824	10
8556	460	9
8557	123	7
8558	673	6
8559	953	15
8560	695	12
8561	868	11
8562	876	1
8563	725	3
8564	605	18
8565	511	19
8566	931	15
8567	854	7
8568	361	13
8569	926	13
8570	264	3
8571	769	0
8572	69	11
8573	313	9
8574	224	10
8575	268	7
8576	840	5
8577	547	18
8578	761	12
8579	832	11
8580	803	18
8581	468	9
8582	140	7
8583	417	2
8584	783	4
8585	879	5
8586	92	11
8587	445	19
8588	236	6
8589	762	6
8590	430	15
8591	657	3
8592	722	0
8593	558	7
8594	757	2
8595	483	4
8596	188	13
8597	129	12
8598	69	16
8599	718	1
8600	755	17
8601	974	14
8602	623	1
8603	755	16
8604	210	14
8605	166	15
8606	507	13
8607	125	10
8608	378	6
8609	516	6
8610	116	14
8611	465	8
8612	539	6
8613	849	15
8614	341	16
8615	387	13
8616	256	14
8617	607	2
8618	620	11
8619	684	17
8620	857	10
8621	152	7
8622	940	8
8623	674	10
8624	877	7
8625	546	17
8626	956	0
8627	245	8
8628	576	10
8629	0	17
8630	883	18
8631	328	10
8632	353	2
8633	292	2
8634	187	11
8635	394	9
8636	852	13
8637	487	17
8638	486	0
8639	886	7
8640	511	2
8641	684	1
8642	334	18
8643	412	5
8644	123	5
8645	971	1
8646	351	16
8647	477	16
8648	240	15
8649	293	4
8650	269	15
8651	663	3
8652	375	13
8653	772	11
8654	989	19
8655	991	0
8656	425	1
8657	992	1
8658	793	4
8659	96	2
8660	113	2
8661	830	19
8662	902	11
8663	422	12
8664	528	17
8665	893	9
8666	288	15
8667	501	0
8668	800	15
8669	714	3
8670	502	2
8671	681	14
8672	140	16
8673	914	13
8674	107	1
8675	980	0
8676	36	7
8677	217	13
8678	273	14
8679	362	2
8680	134	3
8681	226	18
8682	396	19
8683	555	18
8684	597	15
8685	222	10
8686	623	14
8687	960	12
8688	343	8
8689	787	12
8690	61	5
8691	722	17
8692	689	14
8693	757	1
8694	65	11
8695	154	12
8696	982	0
8697	651	2
8698	450	2
8699	317	12
8700	141	5
8701	89	7
8702	543	4
8703	566	12
8704	584	3
8705	64	14
8706	312	4
8707	657	6
8708	137	6
8709	465	11
8710	737	7
8711	882	4
8712	30	19
8713	251	3
8714	864	19
8715	34	1
8716	362	3
8717	745	3
8718	627	0
8719	646	7
8720	825	9
8721	219	5
8722	660	8
8723	557	19
8724	61	8
8725	184	1
8726	244	1
8727	795	3
8728	333	4
8729	635	12
8730	849	18
8731	475	2
8732	956	13
8733	790	6
8734	324	13
8735	893	2
8736	436	16
8737	417	4
8738	776	14
8739	287	11
8740	486	14
8741	485	17
8742	514	6
8743	533	16
8744	610	2
8745	525	0
8746	314	11
8747	283	7
8748	67	7
8749	885	6
8750	288	19
8751	14	13
8752	432	2
8753	542	4
8754	97	12
8755	375	2
8756	324	5
8757	216	0
8758	148	13
8759	949	17
8760	836	9
8761	832	16
8762	926	6
8763	6	15
8764	656	19
8765	330	1
8766	247	12
8767	878	19
8768	812	16
8769	274	9
8770	715	1
8771	419	14
8772	981	14
8773	966	8
8774	32	15
8775	663	12
8776	873	15
8777	453	13
8778	780	0
8779	226	8
8780	988	11
8781	883	16
8782	584	19
8783	432	5
8784	159	12
8785	908	12
8786	437	19
8787	117	6
8788	260	10
8789	265	0
8790	455	10
8791	157	12
8792	772	17
8793	686	18
8794	866	15
8795	734	15
8796	936	12
8797	969	1
8798	533	7
8799	133	16
8800	465	13
8801	373	6
8802	634	3
8803	438	8
8804	424	16
8805	463	7
8806	158	4
8807	812	3
8808	890	9
8809	572	4
8810	636	17
8811	95	8
8812	207	2
8813	74	0
8814	379	12
8815	904	12
8816	510	8
8817	933	11
8818	377	12
8819	203	18
8820	853	6
8821	385	13
8822	930	5
8823	949	6
8824	850	2
8825	443	16
8826	1	6
8827	444	5
8828	558	4
8829	354	0
8830	720	11
8831	105	19
8832	297	10
8833	802	7
8834	774	3
8835	176	9
8836	585	10
8837	2	0
8838	550	2
8839	632	17
8840	740	16
8841	80	4
8842	737	17
8843	84	7
8844	677	6
8845	654	17
8846	379	8
8847	312	8
8848	886	16
8849	499	17
8850	234	2
8851	770	1
8852	895	19
8853	461	14
8854	699	15
8855	681	17
8856	273	19
8857	882	14
8858	559	16
8859	299	19
8860	281	7
8861	722	6
8862	140	4
8863	920	4
8864	878	1
8865	957	16
8866	925	8
8867	119	11
8868	309	8
8869	845	18
8870	40	17
8871	71	10
8872	349	6
8873	96	14
8874	754	15
8875	760	9
8876	628	8
8877	817	14
8878	105	8
8879	377	14
8880	583	5
8881	243	2
8882	9	3
8883	610	6
8884	439	17
8885	321	2
8886	767	6
8887	918	4
8888	467	15
8889	747	13
8890	311	10
8891	166	8
8892	613	8
8893	725	7
8894	275	8
8895	480	13
8896	577	17
8897	674	18
8898	310	16
8899	455	12
8900	935	12
8901	19	19
8902	443	16
8903	623	12
8904	767	7
8905	580	2
8906	933	0
8907	490	18
8908	446	14
8909	992	17
8910	693	2
8911	456	1
8912	421	14
8913	150	15
8914	646	18
8915	369	16
8916	61	0
8917	933	4
8918	961	9
8919	840	7
8920	953	0
8921	272	12
8922	236	2
8923	20	3
8924	478	17
8925	680	1
8926	20	4
8927	908	0
8928	549	1
8929	420	11
8930	50	18
8931	848	16
8932	887	6
8933	292	4
8934	634	6
8935	12	9
8936	115	2
8937	549	5
8938	357	12
8939	899	6
8940	789	12
8941	65	7
8942	376	16
8943	199	14
8944	107	0
8945	919	0
8946	651	9
8947	926	7
8948	795	15
8949	395	10
8950	408	15
8951	365	3
8952	212	4
8953	957	0
8954	465	3
8955	454	12
8956	834	7
8957	464	0
8958	519	4
8959	220	15
8960	62	17
8961	154	13
8962	911	11
8963	54	2
8964	553	6
8965	224	8
8966	307	14
8967	574	14
8968	596	17
8969	461	3
8970	18	0
8971	130	6
8972	836	8
8973	135	19
8974	553	8
8975	572	14
8976	566	11
8977	842	18
8978	547	12
8979	740	19
8980	639	1
8981	228	19
8982	560	14
8983	348	8
8984	890	2
8985	141	15
8986	138	1
8987	431	14
8988	953	6
8989	569	8
8990	283	12
8991	552	2
8992	733	11
8993	178	9
8994	370	17
8995	793	1
8996	975	19
8997	912	4
8998	752	0
8999	33	14
9000	49	11
9001	490	17
9002	573	14
9003	233	16
9004	717	6
9005	238	4
9006	211	5
9007	592	4
9008	917	9
9009	744	12
9010	39	3
9011	380	15
9012	490	6
9013	362	18
9014	824	19
9015	832	11
9016	66	7
9017	351	13
9018	903	12
9019	426	1
9020	423	5
9021	856	18
9022	412	13
9023	456	2
9024	949	19
9025	958	0
9026	842	8
9027	26	14
9028	71	1
9029	504	17
9030	254	6
9031	779	18
9032	876	14
9033	164	19
9034	338	15
9035	896	15
9036	964	5
9037	421	11
9038	818	3
9039	402	11
9040	123	10
9041	983	19
9042	255	5
9043	619	14
9044	18	9
9045	889	13
9046	743	1
9047	834	2
9048	362	11
9049	418	1
9050	949	7
9051	743	7
9052	185	16
9053	372	6
9054	956	11
9055	398	15
9056	516	3
9057	95	14
9058	603	12
9059	837	19
9060	666	6
9061	236	18
9062	795	16
9063	655	17
9064	135	15
9065	601	6
9066	834	1
9067	768	10
9068	952	13
9069	498	4
9070	817	1
9071	393	16
9072	321	1
9073	193	8
9074	908	9
9075	96	6
9076	818	17
9077	138	6
9078	750	17
9079	604	1
9080	21	6
9081	852	9
9082	972	11
9083	980	9
9084	920	17
9085	257	16
9086	347	1
9087	477	1
9088	653	12
9089	372	1
9090	532	0
9091	886	0
9092	235	11
9093	718	7
9094	915	2
9095	375	14
9096	123	11
9097	512	8
9098	986	12
9099	614	11
9100	578	0
9101	181	16
9102	907	11
9103	923	0
9104	481	12
9105	552	19
9106	768	7
9107	181	19
9108	916	16
9109	843	2
9110	394	6
9111	280	14
9112	330	1
9113	870	18
9114	791	12
9115	983	6
9116	620	2
9117	946	10
9118	55	6
9119	449	9
9120	563	18
9121	112	10
9122	724	13
9123	192	1
9124	418	7
9125	538	19
9126	519	19
9127	756	13
9128	246	3
9129	343	7
9130	64	9
9131	484	9
9132	672	10
9133	493	7
9134	152	13
9135	218	9
9136	486	13
9137	211	11
9138	732	14
9139	466	11
9140	753	6
9141	257	8
9142	111	2
9143	451	5
9144	629	2
9145	326	11
9146	519	11
9147	559	5
9148	668	12
9149	929	3
9150	942	1
9151	285	10
9152	775	17
9153	327	7
9154	25	19
9155	81	19
9156	472	6
9157	608	13
9158	207	10
9159	487	1
9160	341	3
9161	403	3
9162	536	6
9163	101	18
9164	953	11
9165	413	17
9166	24	11
9167	284	4
9168	271	12
9169	571	17
9170	89	7
9171	421	7
9172	739	17
9173	156	12
9174	369	8
9175	864	19
9176	885	17
9177	906	0
9178	734	11
9179	711	12
9180	432	1
9181	146	4
9182	661	2
9183	283	18
9184	453	7
9185	915	16
9186	179	4
9187	253	6
9188	266	15
9189	885	6
9190	283	15
9191	109	19
9192	440	11
9193	851	10
9194	866	7
9195	392	3
9196	629	13
9197	870	18
9198	50	5
9199	590	3
9200	811	5
9201	92	16
9202	63	14
9203	379	18
9204	299	3
9205	159	8
9206	842	0
9207	843	12
9208	505	15
9209	151	16
9210	598	13
9211	714	1
9212	174	16
9213	443	0
9214	3	12
9215	127	17
9216	578	0
9217	436	5
9218	772	12
9219	649	0
9220	472	17
9221	691	3
9222	984	1
9223	509	9
9224	904	6
9225	657	14
9226	377	3
9227	583	3
9228	483	10
9229	624	9
9230	571	2
9231	647	3
9232	831	10
9233	91	12
9234	753	7
9235	626	5
9236	142	0
9237	748	9
9238	790	15
9239	890	15
9240	668	17
9241	378	13
9242	568	18
9243	739	5
9244	944	16
9245	222	5
9246	240	15
9247	620	18
9248	395	15
9249	241	5
9250	850	10
9251	396	19
9252	180	13
9253	815	12
9254	991	18
9255	75	15
9256	164	4
9257	169	15
9258	198	16
9259	957	0
9260	686	12
9261	133	19
9262	680	17
9263	230	11
9264	693	4
9265	695	18
9266	872	6
9267	940	14
9268	506	10
9269	189	11
9270	394	5
9271	667	3
9272	118	10
9273	876	12
9274	972	19
9275	251	7
9276	774	8
9277	453	12
9278	156	11
9279	839	10
9280	430	12
9281	628	18
9282	2	19
9283	989	1
9284	9	15
9285	635	17
9286	491	1
9287	581	2
9288	123	5
9289	464	7
9290	686	12
9291	597	0
9292	207	19
9293	786	5
9294	504	17
9295	6	7
9296	879	19
9297	862	5
9298	648	8
9299	80	2
9300	117	7
9301	49	7
9302	120	14
9303	293	10
9304	257	5
9305	120	11
9306	186	7
9307	617	9
9308	895	3
9309	721	9
9310	876	8
9311	468	6
9312	936	14
9313	153	3
9314	956	6
9315	560	9
9316	923	18
9317	852	19
9318	214	13
9319	830	11
9320	551	8
9321	384	18
9322	708	11
9323	656	12
9324	445	0
9325	61	1
9326	635	8
9327	76	17
9328	330	3
9329	586	19
9330	540	1
9331	750	17
9332	162	16
9333	966	9
9334	112	8
9335	742	9
9336	320	10
9337	313	1
9338	645	17
9339	164	3
9340	932	2
9341	517	19
9342	840	4
9343	623	3
9344	302	5
9345	489	18
9346	431	6
9347	117	2
9348	643	19
9349	99	13
9350	969	18
9351	647	15
9352	365	2
9353	216	3
9354	473	7
9355	158	11
9356	988	15
9357	310	17
9358	610	9
9359	281	6
9360	386	17
9361	719	17
9362	182	18
9363	607	6
9364	714	13
9365	30	9
9366	448	7
9367	438	7
9368	450	13
9369	582	3
9370	103	15
9371	378	4
9372	652	19
9373	87	1
9374	478	9
9375	174	6
9376	632	11
9377	128	6
9378	820	17
9379	920	10
9380	916	10
9381	777	15
9382	524	9
9383	952	19
9384	897	1
9385	127	18
9386	55	13
9387	595	15
9388	912	2
9389	160	6
9390	124	7
9391	385	12
9392	3	0
9393	522	11
9394	548	15
9395	897	15
9396	559	5
9397	914	19
9398	326	15
9399	469	8
9400	91	14
9401	639	5
9402	704	5
9403	397	15
9404	962	5
9405	924	17
9406	316	12
9407	151	17
9408	580	2
9409	878	2
9410	121	13
9411	852	18
9412	3	11
9413	70	9
9414	407	10
9415	839	15
9416	881	8
9417	130	7
9418	595	7
9419	132	10
9420	813	1
9421	964	18
9422	447	2
9423	830	19
9424	586	5
9425	861	10
9426	659	10
9427	296	6
9428	642	1
9429	556	11
9430	886	15
9431	999	9
9432	309	4
9433	461	1
9434	9	19
9435	799	6
9436	367	3
9437	331	17
9438	415	7
9439	588	6
9440	525	11
9441	17	12
9442	558	16
9443	717	17
9444	13	2
9445	10	7
9446	895	8
9447	82	0
9448	298	2
9449	164	5
9450	763	1
9451	647	19
9452	663	14
9453	435	13
9454	872	11
9455	661	3
9456	673	13
9457	931	6
9458	563	1
9459	73	6
9460	371	7
9461	326	1
9462	164	1
9463	580	0
9464	5	13
9465	371	12
9466	934	6
9467	344	14
9468	710	10
9469	515	5
9470	787	14
9471	166	16
9472	793	3
9473	117	7
9474	828	3
9475	169	8
9476	967	10
9477	101	6
9478	847	9
9479	228	1
9480	983	6
9481	484	10
9482	484	11
9483	633	19
9484	825	15
9485	195	3
9486	444	9
9487	893	18
9488	152	14
9489	382	11
9490	367	12
9491	997	6
9492	335	9
9493	808	14
9494	133	16
9495	193	17
9496	807	6
9497	962	7
9498	172	19
9499	650	12
9500	484	16
9501	19	18
9502	50	19
9503	902	16
9504	551	7
9505	583	11
9506	279	6
9507	829	15
9508	716	9
9509	818	12
9510	525	0
9511	999	2
9512	351	11
9513	953	11
9514	177	15
9515	339	2
9516	62	3
9517	937	4
9518	967	2
9519	124	9
9520	132	4
9521	581	19
9522	146	14
9523	615	5
9524	343	2
9525	885	3
9526	533	0
9527	575	9
9528	76	14
9529	954	7
9530	130	18
9531	71	4
9532	276	10
9533	200	0
9534	359	8
9535	589	13
9536	926	13
9537	319	15
9538	777	7
9539	85	6
9540	412	2
9541	666	9
9542	602	18
9543	387	3
9544	147	7
9545	522	15
9546	275	11
9547	79	9
9548	430	3
9549	8	16
9550	910	15
9551	639	8
9552	196	17
9553	381	17
9554	717	5
9555	579	12
9556	847	13
9557	36	10
9558	840	13
9559	732	8
9560	744	12
9561	114	3
9562	649	13
9563	825	15
9564	811	10
9565	759	13
9566	232	6
9567	151	14
9568	179	10
9569	225	15
9570	606	16
9571	912	4
9572	448	0
9573	302	16
9574	59	18
9575	446	7
9576	179	15
9577	110	13
9578	764	6
9579	923	11
9580	652	12
9581	117	4
9582	581	14
9583	178	7
9584	306	8
9585	814	7
9586	879	17
9587	661	8
9588	36	8
9589	483	13
9590	943	14
9591	407	1
9592	754	1
9593	343	14
9594	839	8
9595	899	18
9596	507	5
9597	362	16
9598	176	17
9599	382	18
9600	446	4
9601	547	1
9602	52	15
9603	129	3
9604	415	15
9605	836	2
9606	169	3
9607	423	13
9608	492	0
9609	99	1
9610	625	18
9611	177	15
9612	126	7
9613	518	10
9614	111	8
9615	886	2
9616	107	4
9617	0	6
9618	433	7
9619	193	10
9620	740	10
9621	980	0
9622	988	13
9623	700	10
9624	21	15
9625	559	17
9626	121	4
9627	279	13
9628	478	2
9629	896	2
9630	677	14
9631	383	1
9632	377	7
9633	228	17
9634	330	9
9635	965	16
9636	477	19
9637	826	3
9638	517	3
9639	707	4
9640	40	0
9641	591	2
9642	35	7
9643	148	16
9644	872	18
9645	404	4
9646	135	12
9647	371	4
9648	724	2
9649	873	9
9650	318	8
9651	295	17
9652	899	8
9653	831	7
9654	506	13
9655	136	13
9656	928	8
9657	396	0
9658	165	14
9659	638	1
9660	370	2
9661	154	11
9662	559	10
9663	786	13
9664	785	5
9665	456	17
9666	53	14
9667	226	5
9668	713	4
9669	131	15
9670	127	17
9671	237	11
9672	503	2
9673	830	13
9674	685	12
9675	746	13
9676	634	0
9677	999	9
9678	172	10
9679	314	18
9680	5	19
9681	388	2
9682	315	16
9683	312	10
9684	918	7
9685	480	18
9686	497	14
9687	123	14
9688	515	12
9689	552	16
9690	868	13
9691	160	18
9692	417	9
9693	584	9
9694	249	8
9695	63	7
9696	692	18
9697	595	10
9698	41	17
9699	509	9
9700	784	11
9701	201	17
9702	980	10
9703	343	12
9704	60	12
9705	223	4
9706	783	13
9707	80	9
9708	456	16
9709	832	14
9710	400	10
9711	589	4
9712	969	5
9713	483	13
9714	324	18
9715	978	3
9716	372	9
9717	772	0
9718	895	3
9719	717	14
9720	610	8
9721	134	11
9722	392	7
9723	955	0
9724	101	14
9725	515	16
9726	399	2
9727	117	13
9728	270	16
9729	0	15
9730	9	1
9731	627	10
9732	116	8
9733	71	11
9734	36	11
9735	756	17
9736	93	2
9737	833	17
9738	74	8
9739	896	8
9740	252	13
9741	673	11
9742	817	6
9743	122	1
9744	147	8
9745	350	10
9746	763	19
9747	507	2
9748	338	18
9749	901	1
9750	197	8
9751	30	16
9752	411	18
9753	854	13
9754	586	7
9755	204	4
9756	814	14
9757	803	19
9758	188	7
9759	685	4
9760	23	1
9761	86	17
9762	559	13
9763	351	15
9764	181	3
9765	309	14
9766	234	5
9767	283	13
9768	125	17
9769	708	3
9770	955	12
9771	384	7
9772	905	19
9773	924	9
9774	750	15
9775	307	8
9776	193	8
9777	646	1
9778	292	6
9779	873	16
9780	375	18
9781	343	5
9782	792	7
9783	110	13
9784	83	10
9785	503	2
9786	764	12
9787	694	18
9788	213	3
9789	928	4
9790	426	6
9791	581	19
9792	169	8
9793	836	18
9794	527	4
9795	408	14
9796	206	19
9797	945	11
9798	886	14
9799	842	18
9800	770	5
9801	453	6
9802	474	11
9803	184	1
9804	603	7
9805	97	19
9806	3	13
9807	605	17
9808	600	12
9809	876	10
9810	208	1
9811	629	1
9812	909	4
9813	573	9
9814	201	8
9815	822	2
9816	782	2
9817	658	9
9818	605	2
9819	986	13
9820	641	1
9821	188	0
9822	63	16
9823	570	2
9824	707	18
9825	276	19
9826	12	6
9827	32	9
9828	906	2
9829	489	14
9830	775	17
9831	370	7
9832	607	6
9833	807	5
9834	825	17
9835	237	12
9836	285	0
9837	55	9
9838	618	18
9839	459	13
9840	96	6
9841	866	2
9842	680	9
9843	428	2
9844	73	3
9845	804	12
9846	752	6
9847	549	14
9848	207	11
9849	644	2
9850	162	10
9851	757	8
9852	999	8
9853	471	2
9854	978	5
9855	864	16
9856	600	19
9857	366	14
9858	321	19
9859	11	9
9860	90	1
9861	665	15
9862	39	4
9863	234	0
9864	367	12
9865	6	12
9866	763	11
9867	453	18
9868	341	12
9869	554	6
9870	262	10
9871	395	3
9872	701	10
9873	132	7
9874	59	8
9875	659	19
9876	456	16
9877	219	18
9878	751	15
9879	649	17
9880	606	8
9881	61	6
9882	579	6
9883	197	1
9884	695	19
9885	977	6
9886	817	16
9887	387	8
9888	177	11
9889	688	6
9890	809	15
9891	68	5
9892	439	7
9893	756	4
9894	998	15
9895	718	19
9896	893	19
9897	288	12
9898	312	4
9899	461	10
9900	729	13
9901	817	17
9902	992	17
9903	87	12
9904	933	4
9905	707	9
9906	728	15
9907	37	16
9908	961	17
9909	814	18
9910	956	8
9911	561	7
9912	16	10
9913	141	2
9914	769	1
9915	184	8
9916	711	19
9917	529	12
9918	550	18
9919	310	9
9920	783	14
9921	633	13
9922	18	18
9923	914	14
9924	84	14
9925	240	5
9926	693	1
9927	929	7
9928	272	7
9929	939	12
9930	288	4
9931	195	12
9932	141	19
9933	571	12
9934	583	9
9935	577	13
9936	515	15
9937	600	17
9938	628	5
9939	473	4
9940	120	1
9941	304	9
9942	988	5
9943	182	7
9944	405	9
9945	692	6
9946	502	5
9947	951	0
9948	92	1
9949	218	4
9950	503	9
9951	493	11
9952	845	10
9953	806	10
9954	621	17
9955	820	18
9956	944	12
9957	754	1
9958	532	15
9959	648	11
9960	18	15
9961	739	9
9962	40	12
9963	839	6
9964	481	3
9965	190	5
9966	752	16
9967	56	2
9968	646	0
9969	721	2
9970	145	1
9971	954	14
9972	110	14
9973	221	18
9974	654	15
9975	103	17
9976	702	2
9977	270	17
9978	463	6
9979	757	18
9980	55	8
9981	341	7
9982	350	8
9983	56	15
9984	117	17
9985	2	13
9986	76	15
9987	455	16
9988	972	6
9989	543	16
9990	866	5
9991	231	0
9992	636	0
9993	237	13
9994	455	10
9995	852	6
9996	206	15
9997	904	19
9998	908	13
9999	318	14
10000	986	14
10001	194	7
10002	114	8
10003	518	9
10004	509	15
10005	95	2
10006	400	11
10007	457	19
10008	999	15
10009	387	15
10010	480	3
10011	201	10
10012	762	18
10013	312	16
10014	758	7
10015	16	15
10016	984	0
10017	118	4
10018	244	9
10019	369	7
10020	957	11
10021	124	14
10022	259	16
10023	316	6
10024	221	7
10025	790	15
10026	466	13
10027	464	7
10028	390	4
10029	780	7
10030	95	0
10031	671	18
10032	590	7
10033	738	14
10034	33	14
10035	999	0
10036	555	0
10037	815	9
10038	86	5
10039	777	18
10040	135	3
10041	969	7
10042	82	0
10043	332	17
10044	253	0
10045	576	19
10046	494	10
10047	251	9
10048	295	13
10049	596	13
10050	11	14
10051	419	17
10052	199	7
10053	566	4
10054	704	1
10055	730	15
10056	801	2
10057	850	12
10058	730	6
10059	983	11
10060	963	10
10061	805	6
10062	991	1
10063	777	8
10064	380	2
10065	754	15
10066	98	7
10067	694	4
10068	171	15
10069	654	13
10070	400	10
10071	305	15
10072	522	7
10073	571	6
10074	248	15
10075	978	17
10076	367	2
10077	971	10
10078	477	17
10079	179	16
10080	652	3
10081	648	19
10082	428	16
10083	998	16
10084	881	6
10085	684	15
10086	194	11
10087	228	7
10088	777	12
10089	611	11
10090	264	14
10091	546	0
10092	151	19
10093	348	11
10094	676	11
10095	620	12
10096	336	4
10097	152	9
10098	91	7
10099	568	2
10100	604	7
10101	529	5
10102	344	15
10103	896	2
10104	411	14
10105	485	5
10106	518	13
10107	85	17
10108	437	4
10109	466	19
10110	278	19
10111	956	1
10112	450	15
10113	349	4
10114	284	2
10115	519	12
10116	301	19
10117	842	13
10118	935	8
10119	436	11
10120	885	14
10121	702	19
10122	102	16
10123	854	17
10124	989	19
10125	128	8
10126	380	3
10127	870	2
10128	535	2
10129	351	12
10130	79	15
10131	919	12
10132	386	15
10133	305	11
10134	696	5
10135	870	9
10136	47	14
10137	583	19
10138	253	5
10139	641	14
10140	543	1
10141	604	19
10142	91	9
10143	24	7
10144	215	1
10145	824	17
10146	374	7
10147	903	7
10148	135	11
10149	321	18
10150	605	1
10151	618	2
10152	385	9
10153	693	10
10154	730	10
10155	701	16
10156	303	12
10157	461	3
10158	941	10
10159	554	16
10160	994	15
10161	418	5
10162	845	0
10163	218	16
10164	743	14
10165	438	10
10166	166	1
10167	537	17
10168	668	19
10169	332	4
10170	627	3
10171	443	14
10172	247	3
10173	424	19
10174	272	3
10175	407	4
10176	506	1
10177	462	12
10178	618	11
10179	524	9
10180	201	14
10181	39	12
10182	855	17
10183	842	18
10184	230	16
10185	377	18
10186	544	18
10187	495	15
10188	21	12
10189	178	4
10190	426	18
10191	748	10
10192	323	11
10193	639	12
10194	426	5
10195	109	17
10196	897	16
10197	79	14
10198	921	1
10199	365	8
10200	844	6
10201	638	5
10202	534	3
10203	471	12
10204	500	17
10205	201	2
10206	582	8
10207	209	12
10208	94	3
10209	289	18
10210	183	4
10211	657	1
10212	322	7
10213	466	14
10214	929	3
10215	30	4
10216	430	18
10217	239	18
10218	855	19
10219	334	6
10220	492	1
10221	369	8
10222	489	16
10223	566	3
10224	664	15
10225	457	17
10226	273	3
10227	440	6
10228	446	11
10229	311	3
10230	772	4
10231	917	1
10232	50	19
10233	551	14
10234	815	4
10235	393	10
10236	288	8
10237	591	2
10238	220	1
10239	600	2
10240	193	19
10241	965	16
10242	642	0
10243	887	19
10244	696	17
10245	23	1
10246	329	6
10247	546	14
10248	120	17
10249	645	6
10250	47	19
10251	32	5
10252	302	0
10253	127	18
10254	904	3
10255	213	18
10256	543	14
10257	748	13
10258	850	10
10259	819	19
10260	99	3
10261	750	19
10262	255	9
10263	413	11
10264	911	15
10265	450	6
10266	695	6
10267	236	7
10268	926	18
10269	306	16
10270	762	4
10271	301	4
10272	64	18
10273	247	10
10274	318	8
10275	45	9
10276	712	6
10277	735	19
10278	591	6
10279	891	8
10280	961	13
10281	125	9
10282	390	17
10283	687	0
10284	708	18
10285	416	15
10286	618	11
10287	80	4
10288	321	16
10289	690	9
10290	78	8
10291	442	5
10292	737	19
10293	644	16
10294	972	16
10295	94	14
10296	174	10
10297	310	11
10298	864	3
10299	128	3
10300	406	10
10301	29	5
10302	963	11
10303	355	19
10304	296	5
10305	493	15
10306	652	13
10307	19	17
10308	700	12
10309	985	16
10310	884	14
10311	710	3
10312	616	6
10313	476	6
10314	763	7
10315	892	2
10316	218	11
10317	187	11
10318	562	6
10319	278	2
10320	244	3
10321	829	17
10322	8	1
10323	485	7
10324	950	10
10325	38	1
10326	84	19
10327	374	3
10328	572	8
10329	653	5
10330	242	10
10331	92	4
10332	921	13
10333	679	1
10334	385	5
10335	198	14
10336	220	2
10337	265	12
10338	734	10
10339	567	7
10340	46	11
10341	117	13
10342	272	9
10343	577	6
10344	163	3
10345	38	0
10346	295	9
10347	709	9
10348	933	18
10349	199	18
10350	330	5
10351	423	4
10352	749	7
10353	79	5
10354	680	14
10355	399	7
10356	759	3
10357	565	3
10358	712	7
10359	356	7
10360	551	8
10361	333	10
10362	93	19
10363	829	19
10364	758	16
10365	70	12
10366	268	10
10367	810	19
10368	917	13
10369	878	3
10370	982	1
10371	424	17
10372	309	10
10373	296	4
10374	787	0
10375	486	9
10376	482	8
10377	822	17
10378	0	2
10379	104	3
10380	226	13
10381	256	2
10382	600	11
10383	437	5
10384	35	4
10385	389	19
10386	991	19
10387	155	4
10388	23	0
10389	21	3
10390	250	6
10391	289	17
10392	724	14
10393	392	8
10394	469	17
10395	310	10
10396	429	15
10397	477	17
10398	636	12
10399	559	7
10400	234	0
10401	17	9
10402	998	3
10403	636	8
10404	597	16
10405	273	7
10406	458	12
10407	36	6
10408	599	0
10409	369	19
10410	735	9
10411	255	12
10412	682	16
10413	652	15
10414	476	4
10415	912	4
10416	431	8
10417	187	5
10418	680	7
10419	574	17
10420	191	10
10421	343	4
10422	487	13
10423	620	11
10424	461	19
10425	994	5
10426	777	3
10427	824	2
10428	108	7
10429	241	18
10430	229	19
10431	294	15
10432	985	16
10433	832	10
10434	352	18
10435	585	0
10436	409	8
10437	600	8
10438	557	13
10439	206	3
10440	800	10
10441	274	13
10442	667	4
10443	318	4
10444	671	5
10445	705	10
10446	195	19
10447	710	10
10448	620	15
10449	408	4
10450	145	7
10451	171	5
10452	849	5
10453	415	4
10454	955	0
10455	540	18
10456	933	8
10457	753	15
10458	53	18
10459	818	5
10460	253	11
10461	731	9
10462	239	12
10463	904	16
10464	957	9
10465	182	3
10466	474	0
10467	618	8
10468	127	14
10469	269	17
10470	213	0
10471	905	19
10472	735	3
10473	451	7
10474	440	7
10475	313	1
10476	963	18
10477	814	6
10478	256	10
10479	266	10
10480	243	2
10481	562	7
10482	34	1
10483	239	6
10484	204	8
10485	780	3
10486	453	17
10487	720	13
10488	28	10
10489	473	11
10490	344	18
10491	613	1
10492	122	5
10493	287	2
10494	995	13
10495	989	10
10496	209	6
10497	796	10
10498	133	18
10499	103	3
10500	414	8
10501	381	12
10502	912	14
10503	325	16
10504	787	13
10505	265	1
10506	420	4
10507	1	9
10508	920	4
10509	684	18
10510	186	0
10511	12	16
10512	768	16
10513	345	14
10514	875	0
10515	271	18
10516	454	18
10517	364	8
10518	255	4
10519	539	6
10520	924	5
10521	622	3
10522	866	10
10523	905	7
10524	568	3
10525	246	0
10526	301	10
10527	198	3
10528	755	12
10529	318	9
10530	252	4
10531	235	1
10532	683	10
10533	210	19
10534	779	15
10535	525	7
10536	994	6
10537	745	16
10538	314	11
10539	797	19
10540	53	18
10541	96	5
10542	648	17
10543	311	2
10544	905	11
10545	40	17
10546	443	1
10547	257	11
10548	378	9
10549	576	1
10550	451	9
10551	70	9
10552	180	5
10553	868	11
10554	846	17
10555	721	9
10556	373	17
10557	865	7
10558	813	13
10559	426	7
10560	68	9
10561	79	11
10562	491	3
10563	683	1
10564	145	13
10565	510	18
10566	451	0
10567	819	17
10568	557	4
10569	942	11
10570	373	4
10571	484	1
10572	237	18
10573	370	0
10574	522	2
10575	882	13
10576	924	3
10577	457	13
10578	404	9
10579	144	1
10580	244	6
10581	416	13
10582	554	12
10583	514	0
10584	742	15
10585	258	14
10586	279	18
10587	522	9
10588	634	0
10589	609	10
10590	390	6
10591	999	14
10592	652	4
10593	258	9
10594	117	1
10595	411	3
10596	965	1
10597	255	8
10598	445	5
10599	282	6
10600	308	3
10601	702	15
10602	719	4
10603	829	11
10604	894	9
10605	431	15
10606	526	5
10607	192	18
10608	211	15
10609	99	7
10610	143	12
10611	527	8
10612	399	19
10613	261	8
10614	780	14
10615	993	19
10616	415	10
10617	571	7
10618	966	13
10619	715	10
10620	601	8
10621	515	6
10622	8	18
10623	828	6
10624	361	16
10625	459	15
10626	473	19
10627	121	1
10628	318	4
10629	708	5
10630	639	1
10631	211	9
10632	933	8
10633	88	1
10634	962	9
10635	67	7
10636	100	18
10637	779	4
10638	883	0
10639	42	17
10640	467	4
10641	603	6
10642	57	18
10643	216	6
10644	674	2
10645	7	2
10646	658	16
10647	666	17
10648	88	3
10649	547	4
10650	923	8
10651	490	4
10652	813	0
10653	925	10
10654	206	16
10655	425	12
10656	865	7
10657	872	7
10658	842	18
10659	464	12
10660	133	14
10661	616	10
10662	359	15
10663	476	0
10664	61	15
10665	841	2
10666	293	2
10667	807	18
10668	141	8
10669	267	18
10670	637	0
10671	66	15
10672	925	11
10673	805	16
10674	499	12
10675	218	3
10676	65	3
10677	843	4
10678	660	16
10679	591	7
10680	739	19
10681	739	15
10682	227	4
10683	285	18
10684	254	7
10685	494	12
10686	12	13
10687	596	19
10688	435	11
10689	799	4
10690	807	16
10691	335	14
10692	318	18
10693	164	17
10694	631	14
10695	309	13
10696	446	18
10697	532	10
10698	253	9
10699	589	13
10700	663	7
10701	815	8
10702	518	3
10703	318	3
10704	544	8
10705	656	10
10706	993	14
10707	966	4
10708	539	1
10709	91	15
10710	386	9
10711	920	9
10712	162	14
10713	72	0
10714	702	1
10715	830	18
10716	898	13
10717	332	4
10718	412	16
10719	182	8
10720	451	12
10721	540	15
10722	982	3
10723	945	12
10724	283	16
10725	40	9
10726	582	18
10727	580	13
10728	158	8
10729	188	4
10730	790	10
10731	725	7
10732	735	10
10733	615	4
10734	271	17
10735	512	11
10736	86	2
10737	489	3
10738	371	19
10739	279	9
10740	679	19
10741	296	2
10742	916	4
10743	899	5
10744	877	9
10745	83	18
10746	207	5
10747	751	10
10748	201	17
10749	883	3
10750	601	15
10751	497	8
10752	139	13
10753	514	12
10754	268	13
10755	737	14
10756	967	12
10757	778	1
10758	492	10
10759	863	7
10760	750	1
10761	105	10
10762	691	7
10763	856	9
10764	39	3
10765	924	2
10766	488	3
10767	872	2
10768	499	17
10769	402	12
10770	371	5
10771	476	17
10772	823	5
10773	704	2
10774	603	8
10775	616	17
10776	82	6
10777	307	14
10778	102	9
10779	516	11
10780	951	5
10781	511	19
10782	650	18
10783	331	18
10784	655	9
10785	527	8
10786	165	11
10787	581	8
10788	892	10
10789	858	12
10790	617	11
10791	174	1
10792	393	18
10793	945	15
10794	835	1
10795	520	17
10796	337	9
10797	445	10
10798	775	10
10799	354	4
10800	157	7
10801	89	8
10802	163	10
10803	808	18
10804	674	10
10805	204	14
10806	651	1
10807	196	11
10808	200	3
10809	998	18
10810	635	1
10811	897	13
10812	208	16
10813	311	11
10814	598	2
10815	868	5
10816	102	19
10817	80	10
10818	374	15
10819	988	19
10820	822	11
10821	974	12
10822	703	19
10823	851	5
10824	382	12
10825	30	6
10826	682	4
10827	109	18
10828	740	0
10829	110	17
10830	634	8
10831	516	14
10832	508	7
10833	623	7
10834	859	16
10835	448	15
10836	217	19
10837	17	2
10838	482	9
10839	130	19
10840	420	10
10841	85	10
10842	818	18
10843	483	15
10844	456	3
10845	460	0
10846	719	9
10847	941	4
10848	589	17
10849	470	4
10850	943	10
10851	264	10
10852	836	8
10853	382	11
10854	440	19
10855	601	16
10856	463	1
10857	100	6
10858	488	12
10859	793	7
10860	952	19
10861	781	7
10862	468	8
10863	774	5
10864	319	12
10865	162	15
10866	415	2
10867	543	17
10868	908	4
10869	790	10
10870	186	0
10871	261	10
10872	444	19
10873	261	14
10874	40	3
10875	914	0
10876	167	6
10877	153	14
10878	20	11
10879	974	19
10880	877	14
10881	105	13
10882	442	14
10883	889	14
10884	465	14
10885	63	19
10886	872	0
10887	228	0
10888	763	4
10889	611	17
10890	223	4
10891	630	6
10892	320	8
10893	879	0
10894	404	5
10895	964	15
10896	370	12
10897	330	16
10898	250	0
10899	494	19
10900	541	4
10901	127	19
10902	553	13
10903	701	18
10904	114	17
10905	793	1
10906	334	16
10907	198	17
10908	189	8
10909	243	11
10910	878	12
10911	391	17
10912	728	15
10913	806	13
10914	135	10
10915	936	3
10916	817	8
10917	341	19
10918	856	8
10919	504	17
10920	735	5
10921	207	12
10922	138	4
10923	48	10
10924	875	7
10925	995	16
10926	712	6
10927	656	17
10928	995	1
10929	288	1
10930	101	4
10931	169	11
10932	718	7
10933	61	12
10934	890	15
10935	162	8
10936	579	4
10937	947	10
10938	831	13
10939	807	5
10940	493	5
10941	778	3
10942	553	10
10943	973	5
10944	56	9
10945	464	2
10946	878	6
10947	603	15
10948	369	8
10949	913	11
10950	672	8
10951	902	11
10952	374	0
10953	507	5
10954	446	17
10955	416	9
10956	343	11
10957	216	5
10958	606	2
10959	85	18
10960	569	18
10961	535	1
10962	593	6
10963	784	5
10964	855	11
10965	158	1
10966	804	7
10967	476	5
10968	83	9
10969	176	9
10970	546	9
10971	880	4
10972	499	2
10973	386	14
10974	636	9
10975	83	19
10976	28	5
10977	509	1
10978	94	2
10979	150	4
10980	95	17
10981	822	7
10982	150	9
10983	841	2
10984	342	11
10985	721	14
10986	771	11
10987	930	2
10988	916	16
10989	340	10
10990	666	9
10991	850	5
10992	65	15
10993	739	17
10994	296	17
10995	682	8
10996	405	18
10997	376	19
10998	496	8
10999	928	6
11000	796	1
11001	419	11
11002	354	18
11003	150	9
11004	782	15
11005	125	2
11006	726	17
11007	496	12
11008	381	12
11009	430	19
11010	35	4
11011	742	16
11012	146	18
11013	811	3
11014	323	17
11015	38	10
11016	257	13
11017	823	16
11018	405	19
11019	706	11
11020	298	14
11021	728	0
11022	560	16
11023	299	14
11024	349	17
11025	18	6
11026	404	5
11027	896	0
11028	477	5
11029	718	8
11030	504	13
11031	675	18
11032	492	9
11033	25	19
11034	225	12
11035	165	8
11036	64	1
11037	287	8
11038	516	1
11039	346	14
11040	929	18
11041	281	6
11042	689	10
11043	681	0
11044	501	10
11045	651	15
11046	215	19
11047	250	2
11048	316	10
11049	333	0
11050	345	8
11051	423	13
11052	585	9
11053	67	3
11054	652	14
11055	984	13
11056	592	7
11057	833	7
11058	738	15
11059	260	15
11060	268	11
11061	142	4
11062	918	17
11063	992	13
11064	535	2
11065	213	15
11066	493	11
11067	295	6
11068	551	8
11069	224	2
11070	837	19
11071	382	10
11072	112	8
11073	460	8
11074	506	10
11075	799	6
11076	866	7
11077	552	6
11078	811	4
11079	96	9
11080	825	18
11081	467	0
11082	18	10
11083	223	12
11084	925	16
11085	185	5
11086	628	10
11087	704	15
11088	643	3
11089	318	6
11090	581	19
11091	643	5
11092	777	12
11093	517	3
11094	634	4
11095	542	3
11096	491	7
11097	411	2
11098	787	4
11099	239	10
11100	565	12
11101	539	5
11102	858	1
11103	636	7
11104	983	11
11105	453	15
11106	337	1
11107	673	10
11108	118	5
11109	442	4
11110	570	19
11111	913	11
11112	140	5
11113	760	14
11114	544	14
11115	44	14
11116	571	14
11117	72	19
11118	766	3
11119	325	11
11120	598	10
11121	902	15
11122	277	15
11123	321	18
11124	588	0
11125	922	18
11126	915	11
11127	243	7
11128	533	7
11129	19	4
11130	820	6
11131	491	1
11132	398	6
11133	82	4
11134	1	8
11135	140	2
11136	651	10
11137	877	0
11138	496	3
11139	290	18
11140	360	12
11141	111	7
11142	923	0
11143	689	12
11144	586	10
11145	732	12
11146	153	3
11147	878	9
11148	391	19
11149	647	5
11150	395	19
11151	913	12
11152	348	12
11153	359	2
11154	185	6
11155	352	9
11156	362	17
11157	384	4
11158	402	15
11159	962	11
11160	651	5
11161	968	17
11162	757	12
11163	561	1
11164	377	8
11165	211	10
11166	608	11
11167	817	15
11168	290	1
11169	703	12
11170	238	14
11171	354	19
11172	40	2
11173	592	9
11174	196	9
11175	424	10
11176	250	2
11177	894	11
11178	640	9
11179	23	1
11180	326	18
11181	536	3
11182	393	4
11183	672	3
11184	630	9
11185	659	10
11186	487	1
11187	317	7
11188	374	2
11189	674	9
11190	679	8
11191	968	10
11192	925	11
11193	112	9
11194	166	15
11195	919	11
11196	526	10
11197	931	5
11198	232	2
11199	517	5
11200	116	6
11201	72	15
11202	716	10
11203	437	12
11204	334	2
11205	165	0
11206	483	2
11207	689	3
11208	519	1
11209	143	13
11210	14	14
11211	41	2
11212	867	10
11213	917	11
11214	553	15
11215	221	19
11216	234	14
11217	645	6
11218	56	18
11219	485	16
11220	670	16
11221	810	0
11222	787	14
11223	328	16
11224	828	3
11225	845	19
11226	421	11
11227	756	17
11228	849	17
11229	16	0
11230	789	8
11231	430	17
11232	925	5
11233	777	9
11234	532	3
11235	604	18
11236	383	4
11237	649	11
11238	549	17
11239	374	9
11240	405	1
11241	588	0
11242	45	15
11243	3	10
11244	716	19
11245	200	9
11246	579	17
11247	378	9
11248	721	3
11249	697	0
11250	464	16
11251	854	6
11252	58	16
11253	278	9
11254	384	2
11255	797	9
11256	432	9
11257	414	9
11258	10	19
11259	386	3
11260	279	14
11261	232	8
11262	862	3
11263	613	9
11264	754	6
11265	333	3
11266	2	5
11267	197	0
11268	277	8
11269	450	16
11270	944	0
11271	745	9
11272	151	16
11273	828	8
11274	649	16
11275	133	15
11276	822	5
11277	167	8
11278	610	5
11279	345	6
11280	918	15
11281	159	0
11282	577	5
11283	66	9
11284	432	11
11285	690	10
11286	850	5
11287	476	14
11288	392	4
11289	839	10
11290	382	19
11291	662	12
11292	61	1
11293	998	16
11294	191	10
11295	267	8
11296	962	6
11297	798	14
11298	836	7
11299	516	4
11300	62	14
11301	167	0
11302	499	10
11303	580	7
11304	957	6
11305	653	16
11306	838	14
11307	233	2
11308	851	1
11309	791	8
11310	403	3
11311	394	7
11312	172	11
11313	798	10
11314	689	14
11315	954	14
11316	338	5
11317	843	6
11318	824	13
11319	627	18
11320	938	8
11321	253	5
11322	63	0
11323	912	19
11324	840	12
11325	665	18
11326	978	0
11327	579	0
11328	524	12
11329	685	12
11330	414	14
11331	75	15
11332	969	3
11333	514	19
11334	885	6
11335	605	10
11336	927	8
11337	453	11
11338	997	14
11339	20	19
11340	256	0
11341	862	15
11342	37	1
11343	41	7
11344	539	0
11345	379	1
11346	11	4
11347	685	12
11348	871	5
11349	249	4
11350	930	2
11351	572	2
11352	770	14
11353	197	14
11354	392	13
11355	434	4
11356	771	15
11357	444	18
11358	441	12
11359	758	14
11360	786	0
11361	336	4
11362	583	7
11363	171	6
11364	611	13
11365	959	15
11366	671	4
11367	908	16
11368	591	0
11369	686	3
11370	239	2
11371	18	15
11372	398	12
11373	607	12
11374	742	19
11375	950	0
11376	128	3
11377	222	18
11378	489	15
11379	560	0
11380	288	11
11381	9	9
11382	510	2
11383	542	10
11384	134	17
11385	843	12
11386	674	18
11387	385	3
11388	537	11
11389	425	5
11390	982	4
11391	600	15
11392	575	2
11393	539	3
11394	739	17
11395	756	10
11396	6	10
11397	793	8
11398	378	13
11399	685	12
11400	238	8
11401	28	3
11402	886	2
11403	426	9
11404	805	9
11405	692	5
11406	19	19
11407	207	16
11408	535	16
11409	570	5
11410	664	3
11411	348	15
11412	37	9
11413	175	19
11414	215	19
11415	602	9
11416	992	18
11417	433	8
11418	798	4
11419	732	6
11420	290	14
11421	554	12
11422	29	19
11423	317	15
11424	931	17
11425	461	12
11426	432	19
11427	640	5
11428	88	12
11429	509	17
11430	748	19
11431	807	15
11432	877	2
11433	247	3
11434	756	7
11435	297	0
11436	417	14
11437	496	8
11438	303	8
11439	75	10
11440	18	10
11441	838	3
11442	431	3
11443	62	15
11444	935	12
11445	46	1
11446	576	3
11447	380	17
11448	381	19
11449	771	4
11450	25	18
11451	892	16
11452	684	3
11453	701	1
11454	1	19
11455	708	0
11456	250	17
11457	839	16
11458	248	2
11459	226	15
11460	72	9
11461	471	17
11462	665	11
11463	751	13
11464	305	4
11465	622	9
11466	460	4
11467	443	1
11468	536	15
11469	645	17
11470	831	17
11471	308	2
11472	396	12
11473	420	5
11474	394	4
11475	706	13
11476	0	13
11477	584	2
11478	525	8
11479	495	0
11480	922	18
11481	13	18
11482	235	8
11483	198	9
11484	688	8
11485	250	1
11486	792	12
11487	54	18
11488	461	14
11489	739	17
11490	283	3
11491	762	14
11492	132	10
11493	745	15
11494	454	3
11495	876	1
11496	584	8
11497	817	18
11498	753	2
11499	146	0
11500	883	10
11501	329	8
11502	801	4
11503	872	6
11504	694	2
11505	322	7
11506	373	7
11507	177	16
11508	695	17
11509	80	13
11510	767	7
11511	134	0
11512	112	1
11513	184	16
11514	28	4
11515	973	11
11516	438	5
11517	340	18
11518	485	15
11519	50	12
11520	105	11
11521	714	15
11522	100	3
11523	738	16
11524	150	8
11525	767	15
11526	688	6
11527	982	3
11528	209	6
11529	908	16
11530	432	4
11531	270	1
11532	971	18
11533	286	18
11534	542	16
11535	669	6
11536	205	3
11537	779	3
11538	263	0
11539	99	14
11540	253	5
11541	587	17
11542	106	16
11543	182	2
11544	52	6
11545	703	12
11546	914	6
11547	925	6
11548	466	9
11549	175	3
11550	317	14
11551	850	12
11552	898	17
11553	377	12
11554	336	2
11555	964	9
11556	466	6
11557	654	12
11558	862	16
11559	642	9
11560	393	11
11561	520	15
11562	461	1
11563	443	6
11564	164	14
11565	773	4
11566	911	4
11567	389	1
11568	812	8
11569	63	16
11570	191	0
11571	238	13
11572	591	16
11573	627	13
11574	530	17
11575	532	10
11576	6	18
11577	657	7
11578	62	4
11579	381	12
11580	28	17
11581	856	15
11582	597	4
11583	183	12
11584	324	14
11585	299	2
11586	930	15
11587	3	0
11588	352	10
11589	427	3
11590	141	3
11591	174	16
11592	88	17
11593	485	5
11594	191	3
11595	608	2
11596	129	16
11597	992	3
11598	958	4
11599	183	7
11600	336	0
11601	825	3
11602	861	2
11603	518	10
11604	288	15
11605	343	18
11606	519	12
11607	972	13
11608	144	12
11609	111	7
11610	745	17
11611	240	4
11612	4	17
11613	791	13
11614	725	3
11615	494	12
11616	363	0
11617	297	18
11618	10	16
11619	527	15
11620	342	7
11621	409	19
11622	216	0
11623	312	12
11624	814	3
11625	738	4
11626	866	5
11627	892	13
11628	735	1
11629	422	14
11630	316	15
11631	311	18
11632	926	5
11633	852	8
11634	353	7
11635	625	8
11636	413	8
11637	787	19
11638	514	10
11639	843	19
11640	227	11
11641	843	11
11642	379	6
11643	300	5
11644	109	1
11645	483	1
11646	331	14
11647	506	5
11648	414	8
11649	654	1
11650	216	13
11651	346	5
11652	256	8
11653	339	5
11654	933	9
11655	610	5
11656	379	7
11657	578	4
11658	756	10
11659	144	7
11660	453	1
11661	117	4
11662	822	4
11663	268	15
11664	590	0
11665	912	12
11666	752	7
11667	966	10
11668	245	14
11669	476	13
11670	452	0
11671	719	18
11672	545	10
11673	939	7
11674	599	10
11675	606	17
11676	138	3
11677	37	13
11678	314	8
11679	206	6
11680	108	0
11681	14	8
11682	121	12
11683	303	7
11684	605	14
11685	604	12
11686	411	2
11687	736	18
11688	753	9
11689	257	4
11690	316	17
11691	866	4
11692	560	0
11693	837	19
11694	166	4
11695	355	7
11696	265	13
11697	94	9
11698	164	8
11699	820	14
11700	330	8
11701	248	19
11702	11	10
11703	289	15
11704	321	0
11705	873	19
11706	816	18
11707	494	11
11708	853	2
11709	277	3
11710	364	1
11711	96	16
11712	708	14
11713	568	8
11714	556	0
11715	637	18
11716	236	19
11717	498	12
11718	412	16
11719	562	2
11720	770	12
11721	562	12
11722	964	8
11723	253	16
11724	432	8
11725	377	13
11726	667	15
11727	449	10
11728	716	19
11729	650	1
11730	162	19
11731	536	9
11732	906	6
11733	142	9
11734	816	14
11735	856	4
11736	778	16
11737	338	2
11738	907	6
11739	638	15
11740	230	11
11741	968	18
11742	167	19
11743	987	19
11744	279	14
11745	587	8
11746	349	1
11747	320	18
11748	94	2
11749	409	2
11750	227	13
11751	226	4
11752	128	8
11753	755	18
11754	457	16
11755	351	0
11756	975	12
11757	395	10
11758	882	9
11759	341	1
11760	441	15
11761	466	2
11762	121	1
11763	224	13
11764	804	13
11765	921	4
11766	184	8
11767	701	15
11768	244	16
11769	453	13
11770	712	12
11771	622	17
11772	533	15
11773	253	0
11774	714	12
11775	63	12
11776	560	1
11777	877	8
11778	744	9
11779	858	15
11780	6	19
11781	388	13
11782	997	8
11783	551	19
11784	730	15
11785	687	6
11786	932	13
11787	561	13
11788	520	19
11789	347	2
11790	39	7
11791	664	17
11792	8	7
11793	249	16
11794	866	7
11795	794	10
11796	640	9
11797	624	13
11798	819	12
11799	890	19
11800	44	14
11801	979	1
11802	997	16
11803	388	5
11804	492	7
11805	659	18
11806	293	19
11807	538	15
11808	712	18
11809	770	10
11810	730	2
11811	264	6
11812	975	8
11813	203	6
11814	732	15
11815	429	7
11816	545	6
11817	543	3
11818	69	2
11819	411	0
11820	957	15
11821	933	18
11822	64	8
11823	460	7
11824	380	4
11825	360	9
11826	937	12
11827	461	17
11828	147	6
11829	648	2
11830	765	12
11831	124	19
11832	353	14
11833	919	18
11834	826	4
11835	52	1
11836	200	0
11837	296	6
11838	376	10
11839	14	8
11840	688	6
11841	454	19
11842	936	7
11843	518	7
11844	295	6
11845	832	10
11846	581	13
11847	618	18
11848	450	11
11849	381	12
11850	770	3
11851	818	18
11852	830	16
11853	650	9
11854	718	10
11855	64	9
11856	549	4
11857	405	0
11858	154	19
11859	179	19
11860	124	11
11861	859	19
11862	314	11
11863	595	6
11864	843	4
11865	547	9
11866	690	6
11867	922	2
11868	595	2
11869	797	17
11870	944	0
11871	988	2
11872	915	7
11873	401	16
11874	960	5
11875	680	7
11876	780	10
11877	749	12
11878	123	18
11879	473	19
11880	682	18
11881	137	16
11882	414	12
11883	877	10
11884	142	12
11885	944	8
11886	540	18
11887	510	16
11888	936	9
11889	527	11
11890	663	2
11891	501	13
11892	882	3
11893	427	0
11894	252	6
11895	836	19
11896	761	17
11897	440	17
11898	76	4
11899	88	14
11900	939	14
11901	665	5
11902	258	18
11903	669	9
11904	839	13
11905	213	6
11906	474	8
11907	457	16
11908	29	11
11909	663	2
11910	790	6
11911	982	2
11912	438	8
11913	944	14
11914	413	13
11915	403	0
11916	306	10
11917	973	7
11918	705	16
11919	393	0
11920	322	1
11921	884	3
11922	584	14
11923	266	7
11924	577	19
11925	26	0
11926	31	13
11927	942	15
11928	321	2
11929	890	18
11930	288	16
11931	119	12
11932	182	8
11933	540	10
11934	343	10
11935	470	10
11936	321	2
11937	446	13
11938	495	8
11939	749	8
11940	684	13
11941	162	0
11942	192	3
11943	639	16
11944	469	19
11945	378	9
11946	860	8
11947	558	2
11948	375	17
11949	258	0
11950	91	8
11951	172	0
11952	323	1
11953	760	2
11954	906	9
11955	152	16
11956	677	2
11957	357	2
11958	389	7
11959	339	5
11960	429	2
11961	826	7
11962	952	14
11963	559	4
11964	527	2
11965	549	0
11966	417	5
11967	46	6
11968	461	5
11969	722	12
11970	756	3
11971	649	2
11972	682	7
11973	112	8
11974	964	11
11975	35	18
11976	170	5
11977	750	8
11978	969	8
11979	40	5
11980	23	11
11981	252	16
11982	745	7
11983	622	8
11984	803	17
11985	344	5
11986	323	18
11987	853	16
11988	474	2
11989	466	16
11990	424	9
11991	265	8
11992	780	12
11993	635	16
11994	397	16
11995	181	5
11996	158	14
11997	813	4
11998	11	12
11999	518	3
12000	83	13
12001	261	18
12002	959	8
12003	718	12
12004	938	16
12005	75	16
12006	410	18
12007	827	0
12008	440	8
12009	62	12
12010	310	7
12011	181	2
12012	166	12
12013	567	4
12014	611	4
12015	856	13
12016	651	3
12017	980	10
12018	128	1
12019	587	18
12020	923	13
12021	963	5
12022	569	13
12023	930	4
12024	228	1
12025	416	12
12026	907	12
12027	33	2
12028	616	4
12029	568	10
12030	893	8
12031	200	16
12032	942	10
12033	249	19
12034	677	11
12035	447	2
12036	519	17
12037	920	18
12038	580	19
12039	299	14
12040	240	8
12041	891	12
12042	863	14
12043	815	11
12044	794	15
12045	723	7
12046	260	13
12047	602	10
12048	394	9
12049	627	16
12050	747	2
12051	238	2
12052	814	13
12053	376	10
12054	705	0
12055	836	11
12056	343	1
12057	619	11
12058	861	12
12059	838	5
12060	847	19
12061	623	12
12062	800	6
12063	626	17
12064	597	0
12065	508	11
12066	239	19
12067	526	5
12068	262	14
12069	258	11
12070	773	10
12071	194	9
12072	426	4
12073	132	2
12074	715	19
12075	526	0
12076	646	14
12077	843	12
12078	594	5
12079	550	10
12080	783	9
12081	87	6
12082	927	6
12083	910	15
12084	981	6
12085	774	5
12086	586	6
12087	874	2
12088	690	7
12089	266	10
12090	449	14
12091	875	12
12092	526	8
12093	649	12
12094	573	9
12095	319	10
12096	771	17
12097	907	13
12098	297	9
12099	243	5
12100	209	9
12101	960	7
12102	288	17
12103	304	11
12104	790	19
12105	598	5
12106	552	19
12107	432	4
12108	45	0
12109	724	16
12110	790	0
12111	463	4
12112	8	10
12113	366	7
12114	320	17
12115	63	5
12116	618	10
12117	765	7
12118	789	7
12119	178	12
12120	979	7
12121	594	7
12122	61	0
12123	165	13
12124	758	3
12125	355	8
12126	644	16
12127	388	14
12128	856	10
12129	451	17
12130	401	4
12131	912	10
12132	812	14
12133	928	15
12134	16	17
12135	448	0
12136	866	10
12137	679	4
12138	430	18
12139	146	9
12140	824	6
12141	224	18
12142	106	3
12143	974	16
12144	850	16
12145	413	19
12146	224	14
12147	860	7
12148	124	8
12149	72	5
12150	889	12
12151	944	3
12152	270	13
12153	909	4
12154	99	10
12155	868	18
12156	922	5
12157	723	15
12158	984	11
12159	84	15
12160	532	8
12161	972	6
12162	390	13
12163	697	0
12164	800	2
12165	662	16
12166	931	6
12167	246	8
12168	252	15
12169	23	5
12170	616	9
12171	822	3
12172	387	9
12173	783	9
12174	753	3
12175	237	0
12176	234	7
12177	334	14
12178	18	12
12179	855	14
12180	637	4
12181	226	16
12182	231	16
12183	319	5
12184	165	17
12185	223	0
12186	860	11
12187	379	18
12188	293	7
12189	586	1
12190	649	10
12191	171	0
12192	358	8
12193	352	1
12194	18	13
12195	289	2
12196	117	2
12197	151	18
12198	516	16
12199	743	12
12200	475	2
12201	498	19
12202	420	0
12203	769	7
12204	543	1
12205	330	7
12206	198	0
12207	984	16
12208	686	14
12209	738	8
12210	227	0
12211	637	0
12212	408	0
12213	511	12
12214	713	2
12215	145	17
12216	717	17
12217	273	13
12218	221	15
12219	509	1
12220	982	19
12221	303	9
12222	798	16
12223	497	15
12224	828	5
12225	202	17
12226	709	8
12227	563	9
12228	595	8
12229	804	4
12230	816	17
12231	629	16
12232	313	1
12233	815	15
12234	602	5
12235	640	9
12236	998	11
12237	866	15
12238	374	5
12239	662	7
12240	738	11
12241	657	7
12242	552	7
12243	45	11
12244	769	9
12245	134	12
12246	371	7
12247	292	7
12248	387	10
12249	866	2
12250	690	7
12251	849	15
12252	568	3
12253	973	8
12254	897	16
12255	359	3
12256	550	3
12257	959	19
12258	758	3
12259	507	15
12260	261	10
12261	776	4
12262	236	8
12263	176	5
12264	606	19
12265	105	5
12266	405	10
12267	518	9
12268	94	14
12269	959	8
12270	917	12
12271	865	16
12272	480	18
12273	611	18
12274	465	11
12275	799	15
12276	460	16
12277	635	4
12278	207	8
12279	948	0
12280	806	18
12281	9	15
12282	785	8
12283	822	7
12284	577	6
12285	350	8
12286	344	16
12287	17	3
12288	471	8
12289	483	15
12290	474	4
12291	648	3
12292	75	8
12293	743	3
12294	298	18
12295	78	6
12296	756	19
12297	745	15
12298	574	15
12299	174	12
12300	992	2
12301	647	11
12302	921	17
12303	333	7
12304	70	13
12305	90	12
12306	372	3
12307	254	19
12308	636	18
12309	26	13
12310	280	16
12311	355	5
12312	221	1
12313	144	9
12314	177	19
12315	879	6
12316	502	6
12317	572	7
12318	156	14
12319	13	13
12320	234	11
12321	949	0
12322	92	12
12323	627	10
12324	342	8
12325	100	7
12326	560	19
12327	714	8
12328	66	7
12329	829	15
12330	134	10
12331	427	15
12332	95	3
12333	557	11
12334	489	18
12335	980	8
12336	444	10
12337	438	6
12338	592	11
12339	362	3
12340	132	10
12341	670	10
12342	551	17
12343	458	5
12344	623	18
12345	313	2
12346	54	0
12347	594	16
12348	942	17
12349	341	13
12350	480	2
12351	99	15
12352	378	17
12353	625	7
12354	766	17
12355	486	3
12356	663	11
12357	101	10
12358	209	14
12359	482	17
12360	17	3
12361	202	0
12362	109	17
12363	600	6
12364	741	13
12365	559	6
12366	853	19
12367	176	9
12368	24	12
12369	155	13
12370	834	5
12371	39	15
12372	115	9
12373	339	12
12374	864	11
12375	757	19
12376	312	19
12377	12	11
12378	464	3
12379	815	17
12380	799	15
12381	833	11
12382	425	4
12383	796	15
12384	343	10
12385	732	19
12386	832	19
12387	136	7
12388	459	6
12389	285	8
12390	125	14
12391	963	18
12392	81	11
12393	238	18
12394	585	14
12395	913	12
12396	541	8
12397	167	3
12398	779	3
12399	261	6
12400	198	19
12401	601	10
12402	345	13
12403	863	7
12404	417	1
12405	972	9
12406	186	8
12407	345	7
12408	470	13
12409	331	7
12410	877	2
12411	52	18
12412	486	12
12413	203	15
12414	962	8
12415	213	1
12416	325	13
12417	350	16
12418	680	7
12419	215	8
12420	577	2
12421	783	2
12422	1	15
12423	290	9
12424	85	17
12425	547	13
12426	532	15
12427	872	9
12428	142	11
12429	490	2
12430	468	15
12431	259	16
12432	691	7
12433	516	12
12434	904	0
12435	750	14
12436	676	5
12437	952	11
12438	38	8
12439	687	13
12440	865	12
12441	900	6
12442	618	8
12443	443	3
12444	196	15
12445	902	3
12446	423	7
12447	902	13
12448	325	11
12449	68	13
12450	726	5
12451	431	18
12452	145	17
12453	659	4
12454	116	13
12455	505	19
12456	348	11
12457	972	8
12458	184	13
12459	927	8
12460	138	1
12461	393	5
12462	986	8
12463	807	19
12464	630	9
12465	269	4
12466	918	2
12467	439	7
12468	766	16
12469	720	19
12470	470	7
12471	433	11
12472	671	19
12473	19	10
12474	994	7
12475	77	17
12476	39	7
12477	227	18
12478	286	4
12479	188	4
12480	19	7
12481	8	14
12482	397	4
12483	130	15
12484	845	0
12485	622	17
12486	202	17
12487	410	12
12488	895	16
12489	848	18
12490	532	18
12491	361	13
12492	965	8
12493	922	14
12494	787	14
12495	821	14
12496	954	8
12497	653	17
12498	959	7
12499	286	16
12500	745	18
12501	289	12
12502	320	4
12503	197	19
12504	693	5
12505	533	3
12506	479	3
12507	835	5
12508	950	12
12509	24	1
12510	686	18
12511	53	12
12512	65	16
12513	426	7
12514	890	9
12515	818	7
12516	791	14
12517	759	11
12518	609	6
12519	171	2
12520	769	4
12521	82	13
12522	700	4
12523	479	7
12524	288	3
12525	60	9
12526	937	2
12527	427	3
12528	661	10
12529	283	0
12530	99	10
12531	419	13
12532	185	9
12533	389	5
12534	293	15
12535	27	18
12536	990	11
12537	950	13
12538	786	18
12539	28	16
12540	494	11
12541	189	16
12542	147	15
12543	568	5
12544	132	11
12545	797	17
12546	812	7
12547	541	1
12548	751	16
12549	293	8
12550	353	11
12551	430	0
12552	778	2
12553	488	3
12554	874	18
12555	399	5
12556	680	13
12557	178	8
12558	653	13
12559	503	9
12560	507	9
12561	793	9
12562	450	13
12563	848	15
12564	653	13
12565	134	6
12566	412	9
12567	83	11
12568	442	0
12569	444	11
12570	415	5
12571	419	11
12572	566	2
12573	660	8
12574	608	5
12575	160	2
12576	371	1
12577	413	17
12578	400	19
12579	957	8
12580	252	5
12581	814	5
12582	194	1
12583	718	4
12584	956	10
12585	595	6
12586	141	18
12587	66	10
12588	329	1
12589	597	6
12590	816	15
12591	74	6
12592	602	0
12593	885	13
12594	928	16
12595	520	0
12596	889	2
12597	439	11
12598	893	16
12599	128	0
12600	645	1
12601	488	6
12602	286	3
12603	671	14
12604	182	10
12605	233	7
12606	41	7
12607	458	17
12608	528	1
12609	381	8
12610	961	5
12611	625	10
12612	682	2
12613	867	17
12614	83	5
12615	239	8
12616	291	12
12617	862	5
12618	488	11
12619	705	16
12620	522	5
12621	152	16
12622	592	2
12623	164	0
12624	634	9
12625	340	1
12626	633	4
12627	431	1
12628	843	2
12629	405	4
12630	711	1
12631	21	1
12632	445	6
12633	965	12
12634	263	12
12635	551	6
12636	337	11
12637	631	17
12638	40	6
12639	855	17
12640	695	19
12641	417	10
12642	450	12
12643	668	16
12644	807	18
12645	240	14
12646	391	12
12647	418	2
12648	189	18
12649	261	0
12650	567	13
12651	213	15
12652	652	13
12653	517	14
12654	218	1
12655	825	14
12656	228	17
12657	920	17
12658	670	6
12659	177	17
12660	713	10
12661	657	11
12662	998	8
12663	966	0
12664	783	6
12665	586	2
12666	406	19
12667	401	1
12668	990	14
12669	637	8
12670	171	16
12671	552	15
12672	38	10
12673	214	14
12674	872	18
12675	684	12
12676	887	15
12677	604	7
12678	333	12
12679	768	13
12680	175	17
12681	775	1
12682	232	16
12683	127	13
12684	964	13
12685	194	16
12686	887	15
12687	293	18
12688	169	14
12689	617	8
12690	894	19
12691	304	10
12692	102	1
12693	681	12
12694	474	18
12695	445	19
12696	442	16
12697	230	14
12698	919	13
12699	906	2
12700	800	1
12701	805	4
12702	144	2
12703	902	1
12704	474	8
12705	92	5
12706	289	6
12707	249	16
12708	570	18
12709	113	9
12710	546	14
12711	572	5
12712	978	0
12713	709	0
12714	615	9
12715	406	4
12716	829	15
12717	654	3
12718	506	8
12719	226	12
12720	412	9
12721	399	17
12722	416	1
12723	119	2
12724	79	9
12725	575	9
12726	515	14
12727	153	16
12728	736	15
12729	218	8
12730	646	10
12731	355	11
12732	408	19
12733	448	11
12734	701	19
12735	111	7
12736	397	14
12737	756	16
12738	94	9
12739	112	17
12740	903	13
12741	239	3
12742	384	12
12743	112	12
12744	697	15
12745	557	17
12746	981	14
12747	865	5
12748	161	8
12749	333	2
12750	550	0
12751	17	6
12752	119	18
12753	871	10
12754	174	10
12755	12	16
12756	541	6
12757	282	12
12758	426	10
12759	480	15
12760	144	9
12761	879	4
12762	817	16
12763	606	0
12764	791	7
12765	559	0
12766	910	14
12767	312	12
12768	209	12
12769	917	4
12770	918	5
12771	611	5
12772	931	11
12773	470	14
12774	397	9
12775	445	10
12776	844	12
12777	608	2
12778	143	8
12779	943	3
12780	429	10
12781	57	4
12782	684	2
12783	914	4
12784	454	15
12785	885	19
12786	86	17
12787	187	15
12788	476	12
12789	3	16
12790	516	5
12791	642	17
12792	430	8
12793	158	3
12794	667	13
12795	808	14
12796	460	5
12797	92	6
12798	271	5
12799	312	17
12800	858	19
12801	73	4
12802	805	19
12803	566	5
12804	585	12
12805	951	14
12806	835	10
12807	496	18
12808	553	17
12809	230	19
12810	109	0
12811	74	19
12812	230	7
12813	660	12
12814	498	16
12815	814	1
12816	685	17
12817	250	11
12818	442	15
12819	959	2
12820	330	1
12821	331	0
12822	918	19
12823	594	9
12824	149	9
12825	89	16
12826	432	5
12827	889	7
12828	276	17
12829	380	12
12830	173	4
12831	115	13
12832	266	9
12833	518	5
12834	846	19
12835	108	13
12836	869	1
12837	474	19
12838	841	5
12839	153	15
12840	873	1
12841	236	2
12842	461	18
12843	451	3
12844	13	9
12845	37	4
12846	904	16
12847	30	3
12848	660	7
12849	427	0
12850	603	10
12851	817	16
12852	92	0
12853	878	3
12854	993	15
12855	63	6
12856	122	12
12857	134	18
12858	820	6
12859	653	17
12860	838	13
12861	459	9
12862	989	0
12863	763	1
12864	856	16
12865	73	4
12866	976	10
12867	338	14
12868	710	18
12869	315	5
12870	260	14
12871	646	13
12872	151	9
12873	945	8
12874	931	4
12875	491	9
12876	787	4
12877	538	15
12878	624	15
12879	518	19
12880	610	17
12881	524	5
12882	438	1
12883	895	18
12884	208	2
12885	478	5
12886	10	9
12887	601	7
12888	108	4
12889	754	7
12890	995	0
12891	328	12
12892	612	0
12893	763	19
12894	491	1
12895	747	11
12896	584	9
12897	663	13
12898	785	19
12899	530	16
12900	724	4
12901	907	6
12902	884	6
12903	126	2
12904	45	2
12905	698	19
12906	782	9
12907	628	15
12908	480	10
12909	876	15
12910	612	10
12911	214	17
12912	354	1
12913	222	16
12914	396	5
12915	163	15
12916	846	3
12917	635	10
12918	778	16
12919	182	1
12920	717	0
12921	84	2
12922	931	15
12923	791	2
12924	972	16
12925	468	11
12926	25	19
12927	874	1
12928	215	13
12929	693	4
12930	868	15
12931	817	15
12932	357	18
12933	590	14
12934	7	1
12935	123	5
12936	808	0
12937	810	4
12938	119	11
12939	201	9
12940	393	0
12941	346	18
12942	666	14
12943	782	1
12944	499	11
12945	774	18
12946	742	9
12947	431	2
12948	405	8
12949	330	1
12950	188	5
12951	819	19
12952	91	7
12953	136	15
12954	895	2
12955	241	17
12956	702	0
12957	161	11
12958	979	6
12959	889	12
12960	639	9
12961	487	3
12962	98	17
12963	982	12
12964	349	13
12965	440	12
12966	527	12
12967	628	0
12968	222	0
12969	350	19
12970	524	10
12971	904	9
12972	385	18
12973	757	8
12974	208	18
12975	134	9
12976	340	18
12977	284	2
12978	286	3
12979	601	17
12980	212	15
12981	140	19
12982	818	8
12983	255	9
12984	162	10
12985	629	1
12986	971	1
12987	629	4
12988	761	2
12989	216	15
12990	282	12
12991	123	1
12992	972	17
12993	989	0
12994	811	2
12995	817	13
12996	260	17
12997	861	17
12998	902	10
12999	240	15
13000	800	16
13001	481	18
13002	392	8
13003	76	17
13004	192	3
13005	980	9
13006	493	15
13007	133	5
13008	882	3
13009	502	5
13010	269	6
13011	404	13
13012	880	10
13013	136	2
13014	576	13
13015	54	18
13016	507	17
13017	368	8
13018	628	0
13019	368	2
13020	734	13
13021	773	16
13022	845	17
13023	85	4
13024	692	16
13025	881	3
13026	229	5
13027	859	3
13028	13	17
13029	85	6
13030	365	16
13031	263	6
13032	883	8
13033	774	17
13034	890	8
13035	736	4
13036	335	1
13037	864	5
13038	52	10
13039	601	2
13040	287	5
13041	343	11
13042	906	15
13043	260	1
13044	849	4
13045	397	0
13046	628	13
13047	851	15
13048	635	15
13049	800	4
13050	549	18
13051	441	15
13052	976	13
13053	853	9
13054	784	6
13055	103	7
13056	648	18
13057	563	2
13058	690	19
13059	285	19
13060	205	16
13061	453	2
13062	765	11
13063	775	12
13064	853	6
13065	88	17
13066	671	4
13067	384	5
13068	695	18
13069	975	6
13070	601	9
13071	929	14
13072	130	0
13073	866	11
13074	588	7
13075	451	11
13076	0	7
13077	62	2
13078	119	12
13079	550	0
13080	12	6
13081	283	19
13082	850	16
13083	404	15
13084	436	17
13085	720	9
13086	11	3
13087	885	18
13088	394	13
13089	613	3
13090	869	11
13091	123	8
13092	915	15
13093	352	7
13094	949	4
13095	293	12
13096	243	17
13097	477	18
13098	44	1
13099	975	18
13100	357	12
13101	29	17
13102	548	7
13103	483	13
13104	71	15
13105	590	3
13106	785	15
13107	227	18
13108	134	6
13109	340	7
13110	242	5
13111	761	6
13112	802	7
13113	143	16
13114	901	6
13115	144	3
13116	172	4
13117	716	6
13118	677	6
13119	647	5
13120	195	14
13121	377	8
13122	156	8
13123	868	4
13124	196	9
13125	642	14
13126	875	19
13127	781	1
13128	631	16
13129	123	1
13130	990	18
13131	514	7
13132	105	1
13133	191	16
13134	554	9
13135	426	15
13136	748	13
13137	864	9
13138	293	10
13139	913	16
13140	653	18
13141	398	14
13142	753	11
13143	187	13
13144	307	13
13145	883	19
13146	779	18
13147	691	16
13148	305	15
13149	885	15
13150	662	14
13151	69	13
13152	182	12
13153	749	17
13154	851	11
13155	164	3
13156	177	11
13157	512	11
13158	374	5
13159	35	6
13160	824	18
13161	558	9
13162	312	2
13163	327	11
13164	694	15
13165	590	16
13166	376	1
13167	893	11
13168	522	17
13169	984	13
13170	696	2
13171	453	9
13172	544	8
13173	967	14
13174	311	5
13175	639	8
13176	752	8
13177	146	17
13178	942	4
13179	999	10
13180	625	9
13181	525	19
13182	42	9
13183	717	7
13184	502	11
13185	560	11
13186	809	11
13187	300	18
13188	290	0
13189	857	4
13190	424	2
13191	590	6
13192	113	6
13193	158	5
13194	298	19
13195	197	6
13196	10	7
13197	468	8
13198	902	9
13199	838	13
13200	959	15
13201	447	11
13202	133	3
13203	427	7
13204	231	11
13205	729	3
13206	211	7
13207	792	19
13208	321	17
13209	515	4
13210	609	14
13211	403	2
13212	399	15
13213	925	2
13214	18	3
13215	954	11
13216	17	13
13217	324	11
13218	997	12
13219	329	16
13220	527	10
13221	165	17
13222	187	11
13223	352	16
13224	243	8
13225	143	5
13226	993	13
13227	227	18
13228	287	19
13229	870	1
13230	345	18
13231	515	0
13232	164	16
13233	225	6
13234	208	0
13235	839	16
13236	928	11
13237	473	13
13238	987	9
13239	87	1
13240	766	5
13241	466	4
13242	704	15
13243	981	16
13244	722	9
13245	408	3
13246	663	2
13247	251	1
13248	243	10
13249	215	12
13250	601	8
13251	825	8
13252	196	3
13253	162	6
13254	931	15
13255	737	10
13256	689	18
13257	193	7
13258	707	14
13259	264	0
13260	848	5
13261	541	18
13262	406	11
13263	526	13
13264	79	16
13265	826	7
13266	351	10
13267	434	17
13268	456	7
13269	225	18
13270	280	14
13271	596	19
13272	290	15
13273	872	16
13274	183	19
13275	926	12
13276	213	16
13277	891	12
13278	189	19
13279	939	7
13280	324	12
13281	493	7
13282	949	14
13283	681	15
13284	375	18
13285	604	7
13286	23	5
13287	426	0
13288	117	6
13289	981	18
13290	893	12
13291	206	12
13292	578	5
13293	847	5
13294	99	10
13295	346	19
13296	627	17
13297	418	16
13298	15	3
13299	450	8
13300	320	0
13301	314	14
13302	103	16
13303	723	5
13304	259	13
13305	458	8
13306	971	11
13307	925	17
13308	933	11
13309	626	2
13310	274	15
13311	510	1
13312	826	15
13313	269	7
13314	568	9
13315	591	7
13316	991	12
13317	118	13
13318	17	13
13319	322	6
13320	421	12
13321	578	2
13322	134	8
13323	462	19
13324	225	9
13325	719	12
13326	508	19
13327	843	16
13328	920	12
13329	291	12
13330	480	13
13331	517	18
13332	943	13
13333	919	4
13334	176	2
13335	128	12
13336	493	5
13337	449	8
13338	582	11
13339	712	12
13340	568	17
13341	328	14
13342	56	6
13343	508	13
13344	507	3
13345	8	4
13346	600	4
13347	173	11
13348	965	2
13349	349	19
13350	398	12
13351	272	6
13352	430	16
13353	288	3
13354	749	11
13355	480	3
13356	338	17
13357	738	16
13358	197	8
13359	516	16
13360	596	17
13361	276	17
13362	953	7
13363	134	7
13364	499	14
13365	881	13
13366	630	18
13367	923	1
13368	518	14
13369	53	13
13370	54	12
13371	203	17
13372	712	18
13373	394	17
13374	739	2
13375	217	12
13376	293	6
13377	648	10
13378	900	3
13379	998	7
13380	818	6
13381	494	13
13382	639	7
13383	77	16
13384	495	12
13385	937	9
13386	45	5
13387	11	2
13388	230	5
13389	680	7
13390	657	19
13391	102	13
13392	872	9
13393	400	9
13394	692	7
13395	196	15
13396	282	12
13397	98	6
13398	316	1
13399	566	14
13400	773	12
13401	951	19
13402	869	6
13403	188	12
13404	56	16
13405	193	15
13406	386	16
13407	19	14
13408	938	12
13409	233	0
13410	700	19
13411	529	15
13412	583	13
13413	304	11
13414	440	10
13415	858	5
13416	116	19
13417	408	13
13418	495	2
13419	429	12
13420	264	14
13421	907	3
13422	259	13
13423	356	7
13424	584	15
13425	259	16
13426	896	2
13427	637	1
13428	834	15
13429	516	12
13430	567	15
13431	295	5
13432	412	10
13433	316	13
13434	807	4
13435	1	15
13436	155	19
13437	721	17
13438	633	9
13439	642	18
13440	15	14
13441	296	5
13442	54	17
13443	741	1
13444	853	5
13445	370	3
13446	930	8
13447	831	4
13448	355	17
13449	120	7
13450	872	11
13451	691	12
13452	18	1
13453	275	17
13454	822	13
13455	978	8
13456	402	5
13457	692	12
13458	223	2
13459	929	10
13460	664	11
13461	593	18
13462	398	8
13463	407	0
13464	552	6
13465	369	19
13466	24	13
13467	884	11
13468	613	19
13469	177	17
13470	755	0
13471	854	6
13472	243	17
13473	378	17
13474	311	2
13475	747	7
13476	867	18
13477	947	6
13478	753	4
13479	85	15
13480	356	19
13481	949	13
13482	54	7
13483	342	0
13484	59	13
13485	606	8
13486	107	18
13487	183	16
13488	43	1
13489	173	10
13490	488	14
13491	284	12
13492	65	4
13493	696	19
13494	846	4
13495	697	5
13496	654	1
13497	60	19
13498	595	12
13499	569	19
13500	49	6
13501	652	10
13502	385	11
13503	921	6
13504	935	4
13505	880	5
13506	763	19
13507	786	19
13508	918	19
13509	466	2
13510	366	18
13511	308	0
13512	818	17
13513	802	6
13514	104	11
13515	807	13
13516	69	16
13517	314	16
13518	900	17
13519	120	13
13520	346	4
13521	194	3
13522	135	8
13523	711	10
13524	684	8
13525	868	9
13526	658	6
13527	690	1
13528	820	19
13529	108	19
13530	457	16
13531	830	15
13532	205	5
13533	814	10
13534	343	16
13535	634	5
13536	682	10
13537	480	19
13538	471	12
13539	705	5
13540	441	11
13541	993	16
13542	790	11
13543	608	7
13544	644	10
13545	546	1
13546	844	15
13547	658	5
13548	969	5
13549	863	3
13550	245	0
13551	764	5
13552	782	17
13553	969	7
13554	448	16
13555	318	16
13556	645	14
13557	483	2
13558	158	10
13559	307	5
13560	73	0
13561	259	10
13562	164	3
13563	271	15
13564	653	16
13565	803	16
13566	416	19
13567	491	3
13568	501	3
13569	645	4
13570	571	16
13571	187	8
13572	109	0
13573	135	1
13574	316	13
13575	426	3
13576	933	14
13577	675	4
13578	923	14
13579	166	5
13580	600	5
13581	912	10
13582	922	1
13583	680	7
13584	829	16
13585	826	1
13586	86	6
13587	67	16
13588	181	10
13589	710	2
13590	149	13
13591	260	19
13592	278	15
13593	216	1
13594	106	8
13595	700	19
13596	485	8
13597	169	6
13598	794	17
13599	123	18
13600	131	5
13601	533	19
13602	691	14
13603	266	0
13604	625	12
13605	31	9
13606	895	15
13607	104	6
13608	371	14
13609	71	5
13610	236	9
13611	147	17
13612	30	19
13613	345	5
13614	682	7
13615	963	2
13616	844	15
13617	523	19
13618	650	9
13619	195	3
13620	249	14
13621	687	8
13622	836	10
13623	585	4
13624	664	7
13625	900	19
13626	349	7
13627	267	16
13628	674	19
13629	218	10
13630	670	16
13631	383	1
13632	789	10
13633	105	6
13634	279	16
13635	156	11
13636	813	2
13637	760	3
13638	644	9
13639	928	9
13640	394	14
13641	948	8
13642	464	8
13643	616	18
13644	444	2
13645	99	2
13646	482	15
13647	584	17
13648	155	19
13649	513	14
13650	574	0
13651	631	7
13652	651	11
13653	724	14
13654	479	10
13655	406	2
13656	47	13
13657	109	0
13658	76	4
13659	865	15
13660	891	15
13661	805	9
13662	683	9
13663	305	8
13664	917	0
13665	153	13
13666	125	17
13667	121	19
13668	832	13
13669	730	18
13670	406	14
13671	167	6
13672	203	17
13673	17	15
13674	504	9
13675	722	14
13676	855	4
13677	657	4
13678	105	12
13679	681	0
13680	264	6
13681	253	17
13682	843	7
13683	235	0
13684	117	2
13685	859	9
13686	383	13
13687	761	18
13688	428	18
13689	401	3
13690	692	18
13691	187	16
13692	300	17
13693	46	6
13694	203	16
13695	634	8
13696	731	8
13697	534	16
13698	513	8
13699	683	4
13700	542	13
13701	71	18
13702	787	15
13703	924	7
13704	54	9
13705	132	18
13706	316	12
13707	446	17
13708	770	15
13709	251	2
13710	314	6
13711	455	16
13712	818	0
13713	815	9
13714	161	17
13715	436	2
13716	962	5
13717	101	11
13718	691	17
13719	418	14
13720	520	9
13721	907	1
13722	418	18
13723	780	11
13724	7	11
13725	98	11
13726	7	14
13727	824	17
13728	471	19
13729	661	17
13730	104	1
13731	723	5
13732	468	9
13733	828	12
13734	189	3
13735	802	0
13736	435	5
13737	504	2
13738	381	13
13739	364	1
13740	67	10
13741	246	1
13742	579	7
13743	147	19
13744	589	2
13745	972	7
13746	412	13
13747	183	7
13748	278	2
13749	820	18
13750	612	18
13751	156	1
13752	142	0
13753	328	11
13754	518	15
13755	927	3
13756	676	3
13757	906	7
13758	937	10
13759	18	13
13760	407	19
13761	39	10
13762	142	15
13763	191	15
13764	218	14
13765	105	14
13766	360	8
13767	34	16
13768	413	0
13769	669	15
13770	526	14
13771	109	4
13772	591	19
13773	21	6
13774	129	3
13775	911	0
13776	373	19
13777	371	12
13778	878	13
13779	980	17
13780	512	15
13781	150	6
13782	258	13
13783	131	8
13784	533	14
13785	931	19
13786	81	2
13787	458	18
13788	80	12
13789	242	6
13790	701	10
13791	194	9
13792	15	1
13793	253	14
13794	592	1
13795	778	9
13796	48	13
13797	790	5
13798	256	17
13799	332	16
13800	725	6
13801	147	5
13802	640	18
13803	903	12
13804	16	2
13805	367	18
13806	864	16
13807	448	1
13808	868	10
13809	572	8
13810	571	7
13811	743	14
13812	565	6
13813	474	4
13814	224	16
13815	360	17
13816	390	4
13817	968	10
13818	878	17
13819	345	16
13820	354	10
13821	569	14
13822	475	13
13823	288	16
13824	741	6
13825	959	16
13826	350	18
13827	855	6
13828	824	6
13829	252	2
13830	954	19
13831	101	17
13832	741	15
13833	988	12
13834	10	13
13835	303	10
13836	543	17
13837	118	3
13838	499	4
13839	796	15
13840	969	10
13841	637	14
13842	466	13
13843	868	14
13844	421	14
13845	931	11
13846	763	19
13847	609	14
13848	798	3
13849	518	9
13850	990	13
13851	996	15
13852	921	18
13853	180	8
13854	665	14
13855	464	7
13856	806	2
13857	140	15
13858	267	18
13859	960	8
13860	579	10
13861	431	9
13862	161	10
13863	604	16
13864	762	7
13865	271	8
13866	496	15
13867	60	5
13868	291	13
13869	600	2
13870	482	11
13871	413	6
13872	757	5
13873	860	12
13874	844	2
13875	304	14
13876	533	9
13877	633	7
13878	798	3
13879	876	6
13880	109	8
13881	98	12
13882	35	9
13883	421	7
13884	343	3
13885	437	6
13886	245	15
13887	74	13
13888	252	1
13889	314	10
13890	217	16
13891	67	10
13892	201	0
13893	192	11
13894	660	6
13895	993	15
13896	847	10
13897	51	7
13898	206	15
13899	296	9
13900	334	1
13901	654	15
13902	232	9
13903	735	13
13904	108	1
13905	780	6
13906	501	11
13907	423	11
13908	896	17
13909	307	18
13910	822	6
13911	985	17
13912	472	7
13913	297	1
13914	444	0
13915	810	0
13916	118	19
13917	61	13
13918	904	17
13919	652	13
13920	57	5
13921	753	14
13922	746	5
13923	662	9
13924	918	16
13925	406	7
13926	44	13
13927	929	12
13928	253	8
13929	333	0
13930	272	10
13931	196	1
13932	992	15
13933	108	9
13934	724	10
13935	801	6
13936	693	13
13937	295	8
13938	385	13
13939	660	14
13940	908	0
13941	874	5
13942	126	6
13943	311	14
13944	137	9
13945	894	1
13946	826	2
13947	619	16
13948	654	3
13949	846	9
13950	837	17
13951	427	6
13952	198	14
13953	56	16
13954	580	5
13955	79	12
13956	809	18
13957	819	4
13958	673	7
13959	422	2
13960	987	9
13961	165	12
13962	820	19
13963	572	13
13964	189	0
13965	660	13
13966	824	10
13967	187	9
13968	88	19
13969	157	17
13970	644	1
13971	198	15
13972	988	12
13973	347	2
13974	103	6
13975	290	18
13976	506	12
13977	642	14
13978	208	0
13979	498	10
13980	278	1
13981	234	3
13982	1	7
13983	282	3
13984	561	16
13985	299	1
13986	332	19
13987	107	13
13988	147	7
13989	847	12
13990	591	19
13991	198	15
13992	206	13
13993	626	12
13994	503	12
13995	165	14
13996	580	1
13997	366	18
13998	454	1
13999	39	16
14000	772	18
14001	165	3
14002	424	5
14003	311	19
14004	152	6
14005	594	7
14006	67	17
14007	416	12
14008	436	2
14009	680	9
14010	861	4
14011	904	11
14012	422	6
14013	339	13
14014	89	0
14015	451	0
14016	173	16
14017	94	15
14018	544	14
14019	28	2
14020	977	0
14021	302	3
14022	57	11
14023	624	16
14024	395	18
14025	607	13
14026	18	17
14027	770	0
14028	971	4
14029	520	18
14030	302	10
14031	972	10
14032	695	2
14033	140	2
14034	89	5
14035	166	7
14036	723	11
14037	372	10
14038	204	19
14039	686	13
14040	145	13
14041	25	10
14042	399	4
14043	268	14
14044	267	18
14045	774	14
14046	774	10
14047	445	18
14048	126	19
14049	26	16
14050	206	8
14051	734	11
14052	221	5
14053	44	10
14054	267	2
14055	705	0
14056	216	0
14057	438	5
14058	240	18
14059	588	11
14060	952	0
14061	166	18
14062	145	12
14063	90	15
14064	488	17
14065	58	18
14066	493	0
14067	706	15
14068	25	9
14069	769	2
14070	958	0
14071	761	19
14072	666	9
14073	303	16
14074	987	17
14075	758	0
14076	721	12
14077	368	1
14078	15	12
14079	826	16
14080	29	19
14081	645	5
14082	872	7
14083	276	3
14084	707	9
14085	884	14
14086	303	7
14087	195	15
14088	337	15
14089	781	14
14090	114	0
14091	173	2
14092	925	8
14093	752	1
14094	655	5
14095	222	8
14096	623	2
14097	152	4
14098	823	3
14099	162	12
14100	159	9
14101	201	7
14102	104	10
14103	550	11
14104	426	17
14105	84	5
14106	83	2
14107	664	2
14108	270	11
14109	204	1
14110	660	14
14111	619	16
14112	189	17
14113	662	17
14114	674	7
14115	342	2
14116	132	14
14117	694	16
14118	29	2
14119	669	6
14120	995	6
14121	527	18
14122	394	12
14123	100	8
14124	739	7
14125	3	14
14126	766	13
14127	26	18
14128	529	3
14129	418	0
14130	367	9
14131	556	17
14132	12	12
14133	192	0
14134	800	13
14135	91	12
14136	842	2
14137	392	4
14138	44	2
14139	254	5
14140	807	7
14141	268	8
14142	813	5
14143	98	0
14144	931	9
14145	74	9
14146	912	0
14147	390	7
14148	262	0
14149	577	4
14150	502	2
14151	382	7
14152	141	7
14153	502	8
14154	236	9
14155	88	2
14156	101	19
14157	463	2
14158	821	17
14159	676	15
14160	141	4
14161	487	14
14162	510	4
14163	937	12
14164	284	11
14165	735	18
14166	154	1
14167	265	2
14168	160	17
14169	442	4
14170	539	2
14171	221	16
14172	471	5
14173	404	10
14174	876	19
14175	278	17
14176	935	1
14177	455	9
14178	303	10
14179	604	15
14180	634	1
14181	247	5
14182	562	14
14183	709	2
14184	415	7
14185	990	3
14186	440	9
14187	817	9
14188	22	12
14189	874	7
14190	57	8
14191	554	6
14192	534	12
14193	937	17
14194	326	15
14195	294	6
14196	482	6
14197	887	12
14198	312	12
14199	250	6
14200	131	9
14201	772	0
14202	426	15
14203	537	11
14204	803	0
14205	886	5
14206	741	7
14207	677	19
14208	427	4
14209	878	17
14210	937	7
14211	467	4
14212	692	9
14213	897	6
14214	281	18
14215	26	5
14216	865	5
14217	813	8
14218	501	12
14219	12	17
14220	296	8
14221	126	2
14222	993	13
14223	240	7
14224	992	0
14225	474	15
14226	472	3
14227	277	2
14228	192	2
14229	785	0
14230	133	16
14231	195	11
14232	704	14
14233	403	11
14234	907	18
14235	373	8
14236	110	10
14237	455	14
14238	75	5
14239	669	0
14240	524	1
14241	17	7
14242	423	2
14243	225	3
14244	313	19
14245	873	5
14246	597	3
14247	899	9
14248	939	12
14249	85	1
14250	766	17
14251	81	7
14252	497	9
14253	421	18
14254	267	15
14255	809	3
14256	57	1
14257	907	6
14258	112	15
14259	538	15
14260	820	19
14261	854	11
14262	778	11
14263	119	1
14264	260	9
14265	170	0
14266	518	6
14267	892	10
14268	94	18
14269	951	4
14270	137	18
14271	6	12
14272	3	12
14273	567	3
14274	699	16
14275	727	19
14276	456	15
14277	790	1
14278	873	9
14279	208	5
14280	26	0
14281	557	17
14282	53	17
14283	77	13
14284	632	6
14285	430	12
14286	131	2
14287	105	17
14288	174	5
14289	154	5
14290	300	15
14291	968	15
14292	743	15
14293	147	3
14294	880	6
14295	4	8
14296	700	9
14297	842	11
14298	26	13
14299	765	7
14300	311	0
14301	933	5
14302	230	10
14303	73	1
14304	213	4
14305	287	15
14306	920	0
14307	157	0
14308	991	15
14309	457	4
14310	39	18
14311	313	5
14312	221	7
14313	740	18
14314	534	11
14315	169	19
14316	314	5
14317	864	1
14318	520	5
14319	34	2
14320	419	15
14321	980	13
14322	982	9
14323	824	19
14324	888	12
14325	948	18
14326	816	18
14327	856	12
14328	74	11
14329	903	15
14330	190	17
14331	771	3
14332	109	3
14333	374	4
14334	575	16
14335	254	10
14336	537	14
14337	894	19
14338	777	12
14339	295	10
14340	241	17
14341	836	11
14342	689	5
14343	401	17
14344	890	0
14345	6	1
14346	707	13
14347	652	14
14348	412	12
14349	695	5
14350	991	15
14351	570	12
14352	827	12
14353	76	13
14354	542	19
14355	29	18
14356	681	1
14357	426	14
14358	778	4
14359	260	15
14360	293	14
14361	75	15
14362	457	0
14363	761	4
14364	35	9
14365	572	11
14366	265	6
14367	650	19
14368	820	1
14369	387	17
14370	787	10
14371	704	19
14372	496	14
14373	725	4
14374	411	9
14375	539	16
14376	302	13
14377	450	9
14378	505	5
14379	729	4
14380	518	5
14381	310	9
14382	232	15
14383	696	10
14384	157	10
14385	960	12
14386	750	8
14387	434	2
14388	155	13
14389	349	9
14390	594	8
14391	56	12
14392	289	17
14393	641	18
14394	680	4
14395	48	19
14396	620	16
14397	413	5
14398	642	14
14399	595	5
14400	531	11
14401	939	11
14402	786	14
14403	181	3
14404	745	15
14405	498	6
14406	844	3
14407	336	19
14408	249	18
14409	605	12
14410	447	13
14411	491	14
14412	690	19
14413	735	15
14414	186	6
14415	46	3
14416	767	0
14417	280	10
14418	189	13
14419	50	13
14420	0	14
14421	769	10
14422	510	15
14423	122	10
14424	295	17
14425	372	2
14426	616	0
14427	805	7
14428	953	8
14429	342	0
14430	971	0
14431	143	3
14432	733	8
14433	870	13
14434	56	13
14435	715	0
14436	453	7
14437	206	8
14438	933	14
14439	436	7
14440	622	16
14441	803	9
14442	11	15
14443	785	3
14444	223	18
14445	865	8
14446	667	14
14447	477	9
14448	783	12
14449	46	1
14450	46	11
14451	500	15
14452	623	12
14453	361	17
14454	303	4
14455	124	5
14456	431	7
14457	698	7
14458	178	2
14459	211	6
14460	340	0
14461	100	19
14462	486	10
14463	346	2
14464	340	4
14465	425	6
14466	527	3
14467	322	19
14468	941	17
14469	410	18
14470	688	14
14471	508	6
14472	93	10
14473	326	19
14474	398	13
14475	399	4
14476	189	14
14477	667	12
14478	97	3
14479	988	8
14480	162	11
14481	231	0
14482	753	2
14483	0	8
14484	258	18
14485	301	18
14486	749	8
14487	41	7
14488	709	19
14489	746	3
14490	595	6
14491	97	0
14492	545	17
14493	13	4
14494	840	15
14495	138	8
14496	290	0
14497	67	3
14498	591	13
14499	619	1
14500	709	4
14501	3	15
14502	195	15
14503	538	3
14504	989	8
14505	771	4
14506	376	12
14507	409	7
14508	737	18
14509	863	2
14510	764	6
14511	768	6
14512	856	2
14513	300	5
14514	926	10
14515	619	16
14516	472	1
14517	789	14
14518	25	11
14519	309	13
14520	446	17
14521	972	0
14522	302	15
14523	998	9
14524	799	15
14525	393	12
14526	357	13
14527	890	12
14528	115	11
14529	298	18
14530	169	5
14531	502	17
14532	625	15
14533	724	12
14534	337	16
14535	934	12
14536	775	1
14537	737	16
14538	470	17
14539	184	12
14540	36	4
14541	695	18
14542	946	7
14543	162	17
14544	951	12
14545	338	12
14546	708	13
14547	311	6
14548	291	6
14549	539	5
14550	647	13
14551	127	15
14552	670	1
14553	950	7
14554	696	14
14555	65	18
14556	651	10
14557	776	1
14558	417	18
14559	979	3
14560	827	7
14561	153	3
14562	943	2
14563	700	11
14564	712	19
14565	50	5
14566	76	5
14567	300	14
14568	332	3
14569	1	5
14570	797	16
14571	568	9
14572	941	1
14573	266	11
14574	566	10
14575	166	5
14576	726	13
14577	623	9
14578	428	15
14579	410	12
14580	848	15
14581	767	10
14582	994	2
14583	84	10
14584	247	0
14585	895	10
14586	79	11
14587	904	11
14588	235	3
14589	949	7
14590	969	9
14591	171	0
14592	627	10
14593	371	8
14594	927	0
14595	807	10
14596	792	7
14597	227	8
14598	180	6
14599	723	6
14600	14	15
14601	742	4
14602	672	5
14603	614	19
14604	66	18
14605	997	5
14606	258	18
14607	983	14
14608	754	12
14609	662	16
14610	911	6
14611	123	4
14612	117	5
14613	971	18
14614	836	5
14615	459	9
14616	871	18
14617	342	7
14618	564	9
14619	426	3
14620	560	14
14621	983	16
14622	45	7
14623	441	3
14624	20	8
14625	474	4
14626	481	12
14627	384	14
14628	956	4
14629	367	13
14630	274	2
14631	676	10
14632	537	17
14633	0	7
14634	240	15
14635	857	2
14636	260	8
14637	434	9
14638	737	8
14639	59	19
14640	375	17
14641	865	15
14642	468	9
14643	937	15
14644	182	17
14645	125	13
14646	842	8
14647	993	13
14648	176	12
14649	679	6
14650	991	19
14651	570	15
14652	940	4
14653	106	4
14654	138	0
14655	594	10
14656	336	2
14657	885	0
14658	580	1
14659	342	14
14660	222	19
14661	959	8
14662	217	13
14663	655	15
14664	360	17
14665	970	9
14666	663	4
14667	226	15
14668	727	3
14669	532	9
14670	306	18
14671	97	8
14672	368	12
14673	497	18
14674	132	1
14675	613	5
14676	132	19
14677	378	8
14678	783	19
14679	933	8
14680	1	0
14681	112	10
14682	360	2
14683	534	15
14684	931	12
14685	116	14
14686	66	5
14687	709	4
14688	631	4
14689	175	9
14690	839	9
14691	942	1
14692	264	13
14693	674	1
14694	459	8
14695	954	16
14696	87	6
14697	650	0
14698	281	12
14699	431	1
14700	714	18
14701	525	6
14702	853	9
14703	207	19
14704	986	3
14705	98	6
14706	89	7
14707	144	3
14708	924	2
14709	214	8
14710	539	0
14711	605	17
14712	170	19
14713	820	15
14714	456	19
14715	400	16
14716	469	13
14717	498	7
14718	959	2
14719	184	5
14720	406	6
14721	945	3
14722	650	15
14723	76	13
14724	218	10
14725	486	11
14726	509	8
14727	454	13
14728	633	17
14729	764	19
14730	309	1
14731	937	0
14732	785	16
14733	690	10
14734	237	7
14735	125	11
14736	27	18
14737	390	12
14738	96	12
14739	795	18
14740	641	9
14741	302	6
14742	476	4
14743	680	9
14744	17	18
14745	509	8
14746	951	14
14747	699	13
14748	975	12
14749	571	11
14750	592	7
14751	804	0
14752	578	13
14753	409	8
14754	944	18
14755	686	13
14756	297	12
14757	755	1
14758	496	18
14759	470	2
14760	764	15
14761	365	19
14762	262	13
14763	745	11
14764	100	9
14765	306	17
14766	273	0
14767	227	13
14768	247	8
14769	232	18
14770	546	17
14771	660	13
14772	782	11
14773	106	5
14774	718	9
14775	387	17
14776	179	11
14777	557	11
14778	290	0
14779	925	18
14780	794	3
14781	765	10
14782	115	15
14783	317	8
14784	489	1
14785	359	11
14786	543	17
14787	919	16
14788	251	18
14789	741	0
14790	526	2
14791	303	15
14792	585	1
14793	10	11
14794	635	13
14795	913	5
14796	739	3
14797	152	12
14798	400	1
14799	194	12
14800	474	9
14801	372	10
14802	240	9
14803	265	14
14804	461	5
14805	959	9
14806	859	12
14807	873	2
14808	513	9
14809	468	9
14810	709	15
14811	703	3
14812	898	17
14813	810	12
14814	602	2
14815	199	7
14816	778	10
14817	191	7
14818	731	4
14819	896	1
14820	628	1
14821	960	2
14822	907	4
14823	659	11
14824	751	1
14825	661	7
14826	769	6
14827	586	13
14828	740	5
14829	750	11
14830	520	17
14831	109	18
14832	325	14
14833	292	18
14834	110	3
14835	72	1
14836	530	4
14837	918	13
14838	140	0
14839	792	18
14840	280	8
14841	907	15
14842	496	3
14843	266	2
14844	382	12
14845	18	3
14846	329	14
14847	208	15
14848	996	10
14849	187	12
14850	315	7
14851	560	15
14852	554	13
14853	335	0
14854	487	0
14855	965	18
14856	301	7
14857	12	7
14858	293	1
14859	905	0
14860	524	0
14861	731	7
14862	108	4
14863	212	19
14864	5	1
14865	233	17
14866	164	13
14867	748	13
14868	39	18
14869	35	10
14870	94	11
14871	939	12
14872	404	16
14873	308	17
14874	754	5
14875	543	18
14876	416	5
14877	478	2
14878	169	9
14879	143	17
14880	23	2
14881	41	4
14882	620	4
14883	829	15
14884	224	19
14885	4	13
14886	574	5
14887	39	2
14888	894	16
14889	424	3
14890	908	12
14891	893	8
14892	249	7
14893	334	7
14894	446	9
14895	762	6
14896	165	6
14897	525	5
14898	843	13
14899	653	18
14900	378	0
14901	378	15
14902	625	8
14903	641	1
14904	643	18
14905	486	2
14906	133	10
14907	240	19
14908	713	0
14909	379	16
14910	569	17
14911	381	8
14912	640	6
14913	438	3
14914	139	0
14915	188	15
14916	333	3
14917	613	3
14918	899	16
14919	986	16
14920	63	17
14921	843	1
14922	398	10
14923	331	0
14924	208	6
14925	307	0
14926	692	8
14927	119	1
14928	821	15
14929	847	14
14930	561	8
14931	718	7
14932	739	15
14933	249	4
14934	600	5
14935	636	10
14936	108	9
14937	451	4
14938	151	15
14939	963	7
14940	68	10
14941	553	15
14942	909	16
14943	643	19
14944	681	7
14945	535	0
14946	741	2
14947	995	13
14948	605	17
14949	730	18
14950	673	10
14951	560	5
14952	817	0
14953	379	11
14954	823	19
14955	12	9
14956	195	3
14957	849	6
14958	324	3
14959	385	18
14960	494	4
14961	479	3
14962	73	3
14963	393	3
14964	922	18
14965	801	0
14966	693	14
14967	851	6
14968	659	16
14969	912	9
14970	895	4
14971	718	15
14972	502	3
14973	299	7
14974	725	12
14975	208	3
14976	209	7
14977	634	14
14978	546	14
14979	125	16
14980	923	9
14981	717	13
14982	224	4
14983	378	19
14984	919	10
14985	796	11
14986	155	8
14987	630	9
14988	712	14
14989	315	8
14990	220	12
14991	593	12
14992	455	1
14993	285	14
14994	353	6
14995	819	1
14996	609	15
14997	273	12
14998	551	7
14999	999	14
15000	265	8
15001	348	7
15002	595	16
15003	899	15
15004	167	9
15005	825	7
15006	416	9
15007	379	0
15008	110	7
15009	806	8
15010	458	10
15011	966	16
15012	519	14
15013	778	14
15014	753	7
15015	594	1
15016	412	8
15017	47	6
15018	230	9
15019	444	4
15020	987	3
15021	579	4
15022	673	7
15023	296	6
15024	421	1
15025	956	9
15026	408	19
15027	463	6
15028	597	18
15029	625	16
15030	992	2
15031	863	3
15032	629	3
15033	317	2
15034	516	18
15035	240	0
15036	128	11
15037	769	15
15038	828	2
15039	440	7
15040	486	0
15041	440	17
15042	926	3
15043	784	9
15044	994	9
15045	821	1
15046	922	14
15047	134	3
15048	508	16
15049	310	10
15050	125	0
15051	388	15
15052	469	17
15053	214	13
15054	623	8
15055	523	9
15056	166	13
15057	287	3
15058	463	7
15059	49	13
15060	283	17
15061	846	7
15062	411	2
15063	894	2
15064	596	9
15065	317	13
15066	278	4
15067	272	14
15068	555	4
15069	254	16
15070	813	16
15071	783	18
15072	907	8
15073	129	16
15074	434	13
15075	592	16
15076	959	15
15077	456	6
15078	300	18
15079	59	8
15080	159	19
15081	563	14
15082	701	10
15083	212	1
15084	177	7
15085	598	10
15086	116	8
15087	389	16
15088	787	14
15089	912	8
15090	981	3
15091	203	16
15092	918	10
15093	928	4
15094	209	11
15095	33	17
15096	417	5
15097	81	19
15098	133	8
15099	521	7
15100	208	1
15101	691	2
15102	796	14
15103	91	5
15104	660	15
15105	454	11
15106	621	10
15107	695	5
15108	134	3
15109	93	10
15110	635	15
15111	236	0
15112	182	5
15113	139	3
15114	447	3
15115	537	8
15116	162	12
15117	115	14
15118	602	13
15119	429	12
15120	685	19
15121	982	10
15122	992	17
15123	576	11
15124	336	0
15125	413	16
15126	421	1
15127	99	12
15128	865	4
15129	519	0
15130	213	18
15131	708	18
15132	804	16
15133	294	7
15134	200	0
15135	949	16
15136	722	3
15137	128	12
15138	797	9
15139	191	2
15140	936	3
15141	526	4
15142	443	3
15143	228	12
15144	429	8
15145	227	2
15146	34	2
15147	127	10
15148	518	9
15149	317	4
15150	23	4
15151	762	10
15152	189	13
15153	991	19
15154	159	6
15155	750	4
15156	846	12
15157	585	6
15158	884	8
15159	409	8
15160	456	10
15161	17	15
15162	268	8
15163	830	2
15164	794	4
15165	761	15
15166	456	6
15167	900	2
15168	243	9
15169	657	2
15170	564	3
15171	265	1
15172	602	6
15173	755	13
15174	510	18
15175	994	9
15176	182	5
15177	298	4
15178	358	19
15179	119	15
15180	592	18
15181	539	14
15182	129	13
15183	315	1
15184	837	1
15185	224	14
15186	209	12
15187	990	1
15188	553	7
15189	34	13
15190	4	0
15191	935	11
15192	393	3
15193	77	13
15194	826	9
15195	48	14
15196	723	9
15197	241	6
15198	348	10
15199	65	0
15200	220	13
15201	686	19
15202	289	7
15203	793	0
15204	657	3
15205	595	6
15206	257	3
15207	491	8
15208	597	0
15209	977	1
15210	772	5
15211	806	19
15212	77	3
15213	423	8
15214	771	8
15215	877	0
15216	226	15
15217	484	3
15218	720	17
15219	873	18
15220	759	9
15221	914	0
15222	212	14
15223	27	13
15224	77	2
15225	482	7
15226	381	3
15227	699	17
15228	274	5
15229	43	0
15230	656	15
15231	702	17
15232	831	18
15233	636	12
15234	614	6
15235	277	0
15236	396	7
15237	370	3
15238	772	16
15239	409	2
15240	408	11
15241	868	12
15242	559	9
15243	474	15
15244	848	17
15245	832	4
15246	601	0
15247	67	17
15248	162	9
15249	44	12
15250	183	18
15251	585	0
15252	113	13
15253	721	14
15254	762	0
15255	844	13
15256	720	3
15257	969	12
15258	564	10
15259	322	12
15260	968	0
15261	639	19
15262	552	5
15263	907	1
15264	839	17
15265	856	3
15266	809	4
15267	618	6
15268	906	2
15269	299	11
15270	577	17
15271	138	9
15272	773	13
15273	131	1
15274	762	3
15275	538	11
15276	394	4
15277	588	4
15278	75	6
15279	659	17
15280	880	11
15281	560	15
15282	897	12
15283	886	10
15284	206	8
15285	980	8
15286	199	19
15287	186	12
15288	591	0
15289	799	6
15290	672	13
15291	925	7
15292	197	15
15293	883	17
15294	681	2
15295	84	17
15296	984	6
15297	100	18
15298	839	19
15299	956	10
15300	104	1
15301	17	16
15302	37	12
15303	787	18
15304	372	8
15305	259	6
15306	58	8
15307	84	7
15308	625	15
15309	924	6
15310	582	19
15311	661	15
15312	115	2
15313	279	15
15314	611	16
15315	387	16
15316	688	15
15317	724	14
15318	445	6
15319	322	14
15320	341	14
15321	646	6
15322	974	11
15323	837	17
15324	150	5
15325	457	14
15326	963	14
15327	905	9
15328	839	19
15329	976	5
15330	150	0
15331	658	13
15332	956	0
15333	189	6
15334	469	5
15335	11	11
15336	609	10
15337	196	6
15338	502	8
15339	226	13
15340	284	10
15341	538	4
15342	415	8
15343	386	13
15344	672	6
15345	984	0
15346	222	9
15347	11	18
15348	833	5
15349	563	16
15350	225	4
15351	407	11
15352	135	9
15353	118	8
15354	362	3
15355	614	12
15356	825	19
15357	175	10
15358	401	15
15359	694	2
15360	600	10
15361	543	14
15362	158	10
15363	692	15
15364	10	12
15365	327	18
15366	507	3
15367	672	15
15368	110	4
15369	414	11
15370	949	0
15371	838	16
15372	996	18
15373	969	8
15374	306	7
15375	605	3
15376	584	12
15377	133	6
15378	427	5
15379	309	12
15380	438	8
15381	190	13
15382	650	10
15383	73	12
15384	279	9
15385	891	5
15386	419	7
15387	466	12
15388	777	4
15389	985	6
15390	136	4
15391	158	10
15392	780	18
15393	346	9
15394	62	15
15395	989	18
15396	675	10
15397	904	4
15398	534	13
15399	878	11
15400	544	10
15401	332	6
15402	688	17
15403	136	4
15404	548	10
15405	899	4
15406	435	15
15407	779	18
15408	212	3
15409	881	18
15410	118	14
15411	927	4
15412	614	16
15413	762	18
15414	384	16
15415	576	0
15416	608	9
15417	670	11
15418	491	13
15419	649	3
15420	209	12
15421	144	3
15422	275	5
15423	303	4
15424	556	1
15425	420	2
15426	467	15
15427	283	8
15428	803	3
15429	314	8
15430	387	11
15431	245	0
15432	370	18
15433	423	2
15434	695	5
15435	636	12
15436	890	14
15437	918	13
15438	404	10
15439	413	14
15440	947	2
15441	268	9
15442	178	17
15443	974	13
15444	777	0
15445	723	18
15446	602	9
15447	663	11
15448	352	6
15449	878	18
15450	381	14
15451	574	0
15452	849	12
15453	874	12
15454	296	2
15455	927	15
15456	363	15
15457	396	7
15458	566	9
15459	796	11
15460	467	9
15461	682	13
15462	531	13
15463	495	13
15464	192	14
15465	168	19
15466	15	3
15467	826	6
15468	572	0
15469	676	7
15470	620	12
15471	488	2
15472	57	4
15473	185	4
15474	681	11
15475	93	8
15476	424	15
15477	909	7
15478	533	1
15479	963	5
15480	274	19
15481	75	7
15482	913	10
15483	145	4
15484	974	7
15485	653	0
15486	10	4
15487	491	12
15488	469	14
15489	670	7
15490	670	7
15491	139	16
15492	86	6
15493	431	10
15494	824	2
15495	190	6
15496	924	6
15497	433	18
15498	374	11
15499	675	5
15500	578	12
15501	59	2
15502	658	3
15503	931	9
15504	994	15
15505	849	19
15506	820	3
15507	551	11
15508	691	16
15509	399	11
15510	769	14
15511	740	6
15512	684	16
15513	352	16
15514	919	15
15515	136	7
15516	234	1
15517	527	9
15518	823	1
15519	507	9
15520	435	3
15521	594	15
15522	886	1
15523	611	0
15524	126	5
15525	154	7
15526	679	6
15527	39	2
15528	896	15
15529	494	14
15530	653	0
15531	214	1
15532	523	5
15533	834	8
15534	995	2
15535	600	17
15536	230	10
15537	165	7
15538	852	7
15539	214	16
15540	646	17
15541	100	13
15542	602	17
15543	670	9
15544	460	1
15545	235	1
15546	916	5
15547	575	8
15548	516	5
15549	650	5
15550	986	1
15551	890	1
15552	256	5
15553	333	7
15554	436	5
15555	920	12
15556	295	10
15557	234	14
15558	290	7
15559	709	7
15560	481	8
15561	626	0
15562	523	4
15563	917	17
15564	399	13
15565	963	10
15566	26	0
15567	782	19
15568	26	9
15569	808	7
15570	783	3
15571	437	3
15572	924	15
15573	539	17
15574	941	16
15575	998	14
15576	971	0
15577	151	7
15578	435	15
15579	763	3
15580	180	4
15581	320	19
15582	650	13
15583	480	2
15584	563	10
15585	328	6
15586	919	16
15587	994	17
15588	154	10
15589	222	4
15590	387	5
15591	470	12
15592	75	8
15593	650	13
15594	734	15
15595	693	3
15596	460	0
15597	909	11
15598	335	0
15599	795	8
15600	257	7
15601	991	5
15602	86	3
15603	306	17
15604	270	8
15605	709	4
15606	511	14
15607	551	0
15608	610	16
15609	445	18
15610	52	7
15611	499	16
15612	501	6
15613	211	5
15614	8	3
15615	29	14
15616	473	18
15617	605	2
15618	902	4
15619	56	12
15620	745	4
15621	558	9
15622	685	3
15623	733	15
15624	257	1
15625	138	15
15626	832	18
15627	315	8
15628	552	12
15629	773	13
15630	953	10
15631	56	16
15632	923	11
15633	426	3
15634	411	2
15635	848	1
15636	680	6
15637	683	15
15638	605	12
15639	832	3
15640	929	4
15641	861	4
15642	739	17
15643	57	0
15644	372	0
15645	998	16
15646	935	18
15647	957	11
15648	946	19
15649	152	16
15650	303	15
15651	585	0
15652	263	4
15653	561	12
15654	757	8
15655	208	8
15656	181	4
15657	496	0
15658	578	2
15659	891	18
15660	297	10
15661	631	16
15662	602	0
15663	115	6
15664	912	15
15665	94	19
15666	763	4
15667	273	17
15668	262	6
15669	447	6
15670	649	12
15671	504	14
15672	398	19
15673	259	19
15674	112	14
15675	654	12
15676	468	2
15677	417	4
15678	567	4
15679	452	14
15680	637	12
15681	334	2
15682	701	11
15683	733	5
15684	913	13
15685	109	16
15686	302	2
15687	760	6
15688	473	2
15689	87	17
15690	957	7
15691	868	8
15692	887	14
15693	176	16
15694	471	14
15695	514	11
15696	117	19
15697	481	5
15698	909	0
15699	742	0
15700	41	15
15701	411	19
15702	719	10
15703	956	7
15704	855	1
15705	535	4
15706	300	9
15707	285	14
15708	561	3
15709	258	17
15710	33	6
15711	617	13
15712	780	6
15713	73	16
15714	664	6
15715	219	10
15716	950	2
15717	553	8
15718	685	12
15719	411	9
15720	536	1
15721	84	10
15722	7	8
15723	999	4
15724	520	11
15725	794	16
15726	211	0
15727	428	0
15728	342	8
15729	810	2
15730	968	4
15731	73	19
15732	599	9
15733	22	2
15734	39	14
15735	296	16
15736	291	17
15737	696	9
15738	811	8
15739	203	5
15740	581	14
15741	772	16
15742	330	1
15743	667	18
15744	507	16
15745	107	16
15746	416	17
15747	731	5
15748	708	7
15749	101	19
15750	681	11
15751	440	9
15752	489	3
15753	281	0
15754	635	13
15755	960	4
15756	178	13
15757	426	7
15758	269	9
15759	926	9
15760	144	6
15761	678	3
15762	725	0
15763	327	0
15764	103	15
15765	52	7
15766	398	4
15767	381	14
15768	664	0
15769	46	5
15770	28	16
15771	826	10
15772	37	0
15773	88	0
15774	293	18
15775	387	5
15776	401	8
15777	544	9
15778	708	13
15779	392	2
15780	335	10
15781	233	18
15782	702	7
15783	733	4
15784	974	17
15785	421	9
15786	679	5
15787	85	2
15788	120	8
15789	160	4
15790	836	14
15791	200	11
15792	892	14
15793	187	4
15794	995	10
15795	339	7
15796	967	4
15797	199	17
15798	898	17
15799	98	9
15800	886	12
15801	722	17
15802	349	8
15803	884	1
15804	897	0
15805	474	6
15806	736	6
15807	352	8
15808	51	16
15809	361	18
15810	945	11
15811	366	10
15812	423	18
15813	592	0
15814	293	14
15815	616	19
15816	104	1
15817	216	16
15818	411	11
15819	762	4
15820	500	18
15821	392	10
15822	920	4
15823	890	19
15824	465	2
15825	907	7
15826	339	9
15827	294	12
15828	676	14
15829	720	10
15830	47	14
15831	65	7
15832	507	13
15833	734	19
15834	642	5
15835	179	6
15836	409	15
15837	239	16
15838	112	13
15839	222	9
15840	356	15
15841	403	0
15842	557	9
15843	832	10
15844	632	11
15845	912	9
15846	105	19
15847	834	11
15848	590	5
15849	797	12
15850	549	18
15851	315	6
15852	445	7
15853	377	4
15854	881	8
15855	852	3
15856	203	6
15857	497	18
15858	560	2
15859	395	3
15860	369	0
15861	640	16
15862	323	16
15863	472	14
15864	558	12
15865	810	0
15866	541	4
15867	730	2
15868	972	7
15869	764	5
15870	376	16
15871	472	18
15872	586	11
15873	423	19
15874	124	1
15875	805	15
15876	121	10
15877	250	18
15878	603	4
15879	328	14
15880	493	12
15881	74	1
15882	586	0
15883	602	19
15884	816	8
15885	82	17
15886	363	12
15887	205	11
15888	839	10
15889	812	19
15890	521	5
15891	332	16
15892	195	1
15893	120	17
15894	671	5
15895	830	11
15896	267	9
15897	350	19
15898	734	2
15899	155	0
15900	585	4
15901	855	9
15902	228	7
15903	983	4
15904	140	4
15905	691	3
15906	935	14
15907	238	5
15908	453	11
15909	382	9
15910	806	11
15911	521	1
15912	375	8
15913	89	15
15914	331	1
15915	942	0
15916	738	15
15917	93	14
15918	85	3
15919	455	18
15920	185	15
15921	15	11
15922	540	16
15923	849	17
15924	681	2
15925	947	15
15926	903	11
15927	773	7
15928	581	11
15929	55	0
15930	889	0
15931	41	17
15932	141	4
15933	148	14
15934	260	13
15935	945	17
15936	285	0
15937	302	15
15938	677	6
15939	690	6
15940	840	9
15941	736	17
15942	760	9
15943	108	13
15944	915	4
15945	869	1
15946	736	10
15947	410	13
15948	458	15
15949	600	5
15950	355	19
15951	837	3
15952	435	9
15953	846	14
15954	571	18
15955	621	0
15956	834	6
15957	789	9
15958	559	10
15959	506	7
15960	883	3
15961	916	7
15962	530	0
15963	853	0
15964	384	11
15965	954	7
15966	954	0
15967	956	11
15968	325	18
15969	116	13
15970	578	11
15971	775	16
15972	337	15
15973	341	11
15974	384	16
15975	563	9
15976	529	3
15977	726	4
15978	927	16
15979	755	3
15980	858	0
15981	911	7
15982	477	1
15983	59	2
15984	388	10
15985	17	17
15986	969	5
15987	479	3
15988	571	8
15989	528	5
15990	77	7
15991	675	17
15992	18	9
15993	713	17
15994	41	4
15995	455	18
15996	278	10
15997	602	0
15998	262	13
15999	432	12
16000	961	11
16001	272	11
16002	900	10
16003	971	15
16004	874	13
16005	418	8
16006	906	10
16007	885	10
16008	979	11
16009	88	4
16010	94	6
16011	473	18
16012	601	12
16013	396	2
16014	318	11
16015	257	10
16016	344	15
16017	761	8
16018	627	8
16019	520	19
16020	775	10
16021	856	2
16022	750	5
16023	572	5
16024	259	17
16025	782	0
16026	17	15
16027	373	3
16028	956	6
16029	848	7
16030	274	14
16031	699	19
16032	584	15
16033	470	9
16034	83	7
16035	28	15
16036	169	17
16037	389	16
16038	721	17
16039	737	2
16040	253	9
16041	182	17
16042	388	1
16043	75	7
16044	254	2
16045	744	14
16046	190	9
16047	392	15
16048	882	9
16049	545	6
16050	943	15
16051	237	0
16052	618	16
16053	629	12
16054	333	19
16055	998	14
16056	602	15
16057	634	15
16058	553	17
16059	949	18
16060	306	15
16061	105	13
16062	795	8
16063	585	8
16064	718	7
16065	477	3
16066	748	6
16067	666	18
16068	885	11
16069	477	18
16070	102	15
16071	558	4
16072	980	0
16073	380	7
16074	382	16
16075	897	11
16076	433	6
16077	789	18
16078	896	0
16079	475	17
16080	702	13
16081	523	18
16082	680	13
16083	104	7
16084	602	3
16085	76	8
16086	33	13
16087	744	5
16088	891	18
16089	858	7
16090	819	19
16091	325	13
16092	664	7
16093	582	13
16094	249	15
16095	154	14
16096	601	4
16097	977	3
16098	563	9
16099	833	19
16100	521	2
16101	61	17
16102	427	8
16103	264	2
16104	445	11
16105	66	5
16106	135	7
16107	836	4
16108	301	9
16109	978	10
16110	493	3
16111	739	11
16112	171	0
16113	596	18
16114	716	5
16115	685	3
16116	997	13
16117	453	0
16118	373	18
16119	102	8
16120	522	15
16121	160	3
16122	296	4
16123	26	4
16124	87	1
16125	312	2
16126	326	2
16127	189	5
16128	330	6
16129	561	12
16130	872	16
16131	837	9
16132	297	16
16133	854	3
16134	522	10
16135	920	6
16136	676	19
16137	969	17
16138	807	18
16139	723	9
16140	443	4
16141	747	8
16142	517	15
16143	443	4
16144	516	7
16145	545	18
16146	527	19
16147	912	4
16148	316	15
16149	103	19
16150	187	5
16151	892	5
16152	195	19
16153	215	0
16154	498	12
16155	370	10
16156	494	5
16157	430	3
16158	982	17
16159	12	0
16160	499	6
16161	235	1
16162	229	15
16163	44	14
16164	426	13
16165	337	13
16166	731	12
16167	848	19
16168	638	8
16169	550	18
16170	122	15
16171	866	13
16172	320	12
16173	872	0
16174	851	14
16175	672	12
16176	489	11
16177	79	6
16178	941	2
16179	473	10
16180	579	19
16181	427	8
16182	48	4
16183	323	12
16184	61	4
16185	380	3
16186	948	19
16187	807	8
16188	935	1
16189	101	16
16190	181	9
16191	236	17
16192	513	2
16193	328	2
16194	156	11
16195	835	4
16196	151	15
16197	309	2
16198	301	19
16199	155	14
16200	640	17
16201	901	19
16202	611	1
16203	249	10
16204	304	17
16205	148	7
16206	869	10
16207	869	12
16208	116	10
16209	884	9
16210	625	3
16211	760	13
16212	24	12
16213	821	15
16214	50	19
16215	923	8
16216	522	2
16217	871	13
16218	781	9
16219	895	18
16220	138	8
16221	72	0
16222	255	11
16223	745	11
16224	576	12
16225	579	18
16226	507	18
16227	454	6
16228	494	3
16229	2	8
16230	716	6
16231	92	2
16232	209	14
16233	219	14
16234	788	14
16235	30	8
16236	286	18
16237	931	4
16238	168	12
16239	793	17
16240	239	9
16241	15	17
16242	506	8
16243	414	19
16244	526	6
16245	944	9
16246	847	9
16247	150	2
16248	774	11
16249	187	5
16250	259	0
16251	488	10
16252	945	0
16253	655	3
16254	878	6
16255	331	18
16256	737	7
16257	745	3
16258	601	2
16259	480	11
16260	115	9
16261	295	2
16262	96	8
16263	835	15
16264	620	16
16265	793	14
16266	62	3
16267	11	5
16268	207	19
16269	764	0
16270	366	8
16271	386	4
16272	952	9
16273	974	15
16274	596	7
16275	439	11
16276	369	9
16277	896	15
16278	330	18
16279	175	19
16280	192	15
16281	124	4
16282	70	6
16283	319	17
16284	749	14
16285	692	19
16286	943	0
16287	943	7
16288	664	2
16289	188	17
16290	936	11
16291	779	9
16292	864	13
16293	669	10
16294	24	18
16295	435	12
16296	407	1
16297	339	7
16298	905	3
16299	932	2
16300	577	0
16301	13	1
16302	331	14
16303	55	11
16304	525	8
16305	101	11
16306	597	16
16307	63	16
16308	201	8
16309	469	7
16310	727	6
16311	742	9
16312	274	13
16313	121	16
16314	809	12
16315	482	12
16316	233	6
16317	630	10
16318	74	14
16319	337	0
16320	261	11
16321	252	4
16322	877	17
16323	917	8
16324	673	8
16325	627	12
16326	171	14
16327	6	11
16328	734	15
16329	758	10
16330	450	17
16331	777	18
16332	590	19
16333	146	0
16334	760	2
16335	993	11
16336	523	9
16337	396	3
16338	363	3
16339	452	1
16340	689	10
16341	819	7
16342	552	9
16343	804	19
16344	238	5
16345	986	15
16346	971	5
16347	151	14
16348	895	2
16349	197	15
16350	447	2
16351	21	3
16352	51	3
16353	546	16
16354	822	2
16355	61	19
16356	432	14
16357	853	17
16358	365	19
16359	431	4
16360	50	9
16361	660	2
16362	721	14
16363	573	19
16364	324	15
16365	586	16
16366	933	14
16367	236	14
16368	130	9
16369	682	16
16370	57	3
16371	738	2
16372	495	7
16373	267	8
16374	783	19
16375	317	11
16376	346	19
16377	465	15
16378	281	15
16379	507	15
16380	354	18
16381	14	8
16382	335	8
16383	540	16
16384	99	18
16385	128	10
16386	557	12
16387	429	11
16388	26	0
16389	657	15
16390	202	12
16391	659	12
16392	709	17
16393	340	5
16394	843	5
16395	26	3
16396	536	8
16397	672	14
16398	752	4
16399	954	15
16400	258	0
16401	667	5
16402	795	14
16403	490	6
16404	366	15
16405	627	17
16406	883	15
16407	143	19
16408	226	4
16409	185	16
16410	81	7
16411	430	3
16412	793	16
16413	41	8
16414	369	4
16415	597	15
16416	140	19
16417	757	9
16418	294	9
16419	520	3
16420	502	11
16421	760	15
16422	651	3
16423	659	11
16424	917	9
16425	844	5
16426	467	11
16427	398	19
16428	665	17
16429	666	7
16430	432	2
16431	461	17
16432	28	11
16433	598	12
16434	625	16
16435	392	18
16436	279	14
16437	678	7
16438	258	0
16439	935	14
16440	978	6
16441	828	5
16442	14	17
16443	417	11
16444	991	7
16445	174	19
16446	759	9
16447	59	10
16448	997	1
16449	329	10
16450	993	15
16451	205	4
16452	337	19
16453	829	4
16454	507	2
16455	553	4
16456	270	2
16457	201	5
16458	214	18
16459	449	12
16460	922	0
16461	647	2
16462	140	6
16463	632	7
16464	751	9
16465	879	6
16466	129	18
16467	957	10
16468	964	15
16469	728	15
16470	460	18
16471	235	1
16472	388	17
16473	425	19
16474	183	11
16475	648	8
16476	136	7
16477	673	19
16478	186	6
16479	404	12
16480	555	15
16481	255	17
16482	634	7
16483	272	11
16484	984	14
16485	141	11
16486	903	19
16487	823	3
16488	601	5
16489	54	7
16490	169	6
16491	830	6
16492	588	7
16493	658	14
16494	871	11
16495	380	16
16496	19	0
16497	241	11
16498	747	10
16499	900	14
16500	755	11
16501	592	2
16502	824	9
16503	620	0
16504	478	8
16505	54	8
16506	759	9
16507	897	14
16508	739	17
16509	519	14
16510	511	10
16511	809	6
16512	449	12
16513	320	17
16514	681	19
16515	800	0
16516	239	6
16517	414	2
16518	620	8
16519	202	6
16520	971	5
16521	57	13
16522	375	2
16523	487	10
16524	879	1
16525	723	5
16526	564	19
16527	234	5
16528	475	12
16529	433	13
16530	396	5
16531	388	7
16532	0	19
16533	401	0
16534	949	18
16535	191	0
16536	157	10
16537	648	17
16538	459	15
16539	347	12
16540	309	2
16541	301	14
16542	624	19
16543	737	10
16544	341	5
16545	35	11
16546	426	4
16547	887	19
16548	927	17
16549	416	6
16550	253	16
16551	65	16
16552	558	16
16553	524	16
16554	329	19
16555	833	15
16556	207	2
16557	142	2
16558	843	19
16559	337	14
16560	821	18
16561	382	13
16562	711	8
16563	994	2
16564	496	6
16565	857	14
16566	161	18
16567	994	7
16568	910	1
16569	727	3
16570	718	2
16571	809	16
16572	489	11
16573	690	5
16574	70	6
16575	428	16
16576	110	18
16577	415	10
16578	255	10
16579	502	17
16580	240	2
16581	594	12
16582	678	13
16583	37	4
16584	195	0
16585	966	4
16586	388	14
16587	165	18
16588	94	9
16589	391	6
16590	236	3
16591	29	7
16592	588	12
16593	899	18
16594	881	9
16595	566	4
16596	901	13
16597	308	6
16598	569	1
16599	485	17
16600	836	18
16601	391	3
16602	463	16
16603	787	12
16604	163	3
16605	207	17
16606	914	18
16607	484	16
16608	161	16
16609	83	10
16610	64	0
16611	380	19
16612	901	0
16613	238	3
16614	523	4
16615	107	2
16616	624	19
16617	271	15
16618	956	4
16619	11	15
16620	79	0
16621	401	5
16622	536	3
16623	389	2
16624	146	11
16625	735	8
16626	178	3
16627	84	19
16628	758	4
16629	601	7
16630	307	7
16631	307	15
16632	546	6
16633	654	18
16634	885	19
16635	840	6
16636	292	18
16637	884	0
16638	549	3
16639	117	1
16640	909	0
16641	903	13
16642	781	13
16643	162	2
16644	673	4
16645	126	6
16646	497	12
16647	17	19
16648	642	10
16649	25	10
16650	387	12
16651	56	14
16652	764	10
16653	16	18
16654	261	7
16655	163	6
16656	110	15
16657	544	1
16658	54	13
16659	615	11
16660	123	19
16661	578	6
16662	61	13
16663	902	8
16664	492	7
16665	833	2
16666	169	11
16667	836	12
16668	105	18
16669	927	2
16670	34	14
16671	296	19
16672	251	11
16673	662	10
16674	380	1
16675	940	17
16676	775	9
16677	631	1
16678	489	7
16679	521	9
16680	267	14
16681	93	3
16682	196	16
16683	406	15
16684	613	19
16685	737	0
16686	476	5
16687	287	11
16688	32	0
16689	875	5
16690	914	7
16691	146	12
16692	673	8
16693	950	13
16694	4	16
16695	721	6
16696	279	19
16697	840	15
16698	351	9
16699	373	2
16700	784	12
16701	896	18
16702	296	0
16703	203	4
16704	312	2
16705	230	19
16706	325	12
16707	639	10
16708	712	17
16709	931	9
16710	723	12
16711	966	15
16712	800	7
16713	272	17
16714	172	14
16715	914	9
16716	489	6
16717	512	15
16718	690	11
16719	503	9
16720	625	4
16721	39	15
16722	179	6
16723	999	16
16724	484	7
16725	993	0
16726	436	6
16727	419	6
16728	565	13
16729	945	13
16730	118	13
16731	678	13
16732	905	2
16733	109	18
16734	963	9
16735	317	17
16736	209	9
16737	815	15
16738	756	18
16739	717	6
16740	679	4
16741	826	4
16742	798	1
16743	682	19
16744	495	3
16745	92	1
16746	874	4
16747	807	1
16748	110	10
16749	135	10
16750	960	16
16751	196	15
16752	171	13
16753	273	3
16754	349	15
16755	191	3
16756	958	8
16757	122	13
16758	573	6
16759	739	4
16760	245	10
16761	99	9
16762	362	10
16763	518	2
16764	626	9
16765	810	10
16766	678	18
16767	498	16
16768	822	3
16769	605	11
16770	554	15
16771	592	3
16772	936	10
16773	461	12
16774	663	6
16775	798	15
16776	883	14
16777	316	18
16778	136	3
16779	730	4
16780	758	7
16781	702	19
16782	503	5
16783	605	17
16784	867	15
16785	848	2
16786	2	10
16787	38	6
16788	377	19
16789	973	6
16790	876	12
16791	813	1
16792	597	18
16793	144	10
16794	399	9
16795	210	15
16796	464	9
16797	625	3
16798	127	15
16799	115	3
16800	559	13
16801	670	18
16802	567	15
16803	459	14
16804	382	15
16805	647	11
16806	185	12
16807	265	7
16808	887	12
16809	854	18
16810	494	16
16811	786	16
16812	255	15
16813	916	17
16814	577	5
16815	668	15
16816	962	12
16817	991	17
16818	184	13
16819	405	7
16820	755	16
16821	955	1
16822	928	16
16823	952	3
16824	142	6
16825	45	13
16826	467	15
16827	531	0
16828	414	18
16829	43	3
16830	749	15
16831	193	19
16832	128	1
16833	30	2
16834	405	15
16835	893	15
16836	695	15
16837	298	3
16838	809	3
16839	87	2
16840	592	8
16841	356	4
16842	467	15
16843	716	13
16844	950	3
16845	860	5
16846	48	16
16847	926	18
16848	350	15
16849	318	12
16850	505	18
16851	187	15
16852	20	11
16853	368	9
16854	505	3
16855	491	11
16856	82	4
16857	143	15
16858	745	8
16859	151	10
16860	924	9
16861	760	3
16862	725	0
16863	45	8
16864	111	0
16865	932	16
16866	908	17
16867	550	7
16868	655	15
16869	626	18
16870	141	1
16871	616	9
16872	347	8
16873	820	4
16874	659	3
16875	404	8
16876	539	0
16877	224	2
16878	393	10
16879	817	13
16880	414	4
16881	711	15
16882	577	17
16883	335	16
16884	591	9
16885	832	16
16886	39	10
16887	619	14
16888	160	12
16889	452	6
16890	578	19
16891	176	19
16892	425	9
16893	124	10
16894	786	2
16895	439	17
16896	201	18
16897	71	15
16898	751	0
16899	535	15
16900	368	5
16901	39	16
16902	375	8
16903	643	4
16904	204	1
16905	242	12
16906	800	17
16907	351	12
16908	167	14
16909	834	14
16910	882	10
16911	608	11
16912	910	7
16913	47	15
16914	146	3
16915	304	10
16916	290	19
16917	507	4
16918	993	19
16919	595	8
16920	78	13
16921	348	8
16922	416	5
16923	217	12
16924	108	12
16925	253	7
16926	738	12
16927	363	11
16928	896	9
16929	911	2
16930	309	19
16931	456	12
16932	807	1
16933	58	19
16934	296	10
16935	289	17
16936	370	14
16937	872	0
16938	618	11
16939	663	4
16940	216	12
16941	447	16
16942	583	18
16943	623	16
16944	943	1
16945	957	1
16946	764	4
16947	704	7
16948	457	19
16949	986	14
16950	912	5
16951	578	18
16952	606	6
16953	347	10
16954	668	5
16955	557	4
16956	18	14
16957	546	12
16958	635	2
16959	276	5
16960	173	5
16961	646	16
16962	945	19
16963	482	0
16964	254	10
16965	206	8
16966	284	5
16967	864	13
16968	397	15
16969	489	9
16970	124	11
16971	940	17
16972	878	4
16973	981	10
16974	312	2
16975	616	16
16976	703	1
16977	32	3
16978	681	14
16979	380	10
16980	103	4
16981	962	10
16982	120	17
16983	510	13
16984	856	18
16985	21	8
16986	555	17
16987	945	4
16988	432	17
16989	36	10
16990	625	12
16991	367	9
16992	477	14
16993	181	14
16994	858	1
16995	461	4
16996	384	18
16997	992	19
16998	258	10
16999	767	16
17000	128	15
17001	347	7
17002	203	5
17003	364	11
17004	360	7
17005	28	0
17006	492	11
17007	858	15
17008	988	5
17009	504	9
17010	798	14
17011	938	14
17012	238	10
17013	304	2
17014	671	0
17015	546	1
17016	592	9
17017	651	12
17018	88	10
17019	238	7
17020	175	7
17021	686	14
17022	126	1
17023	701	8
17024	82	3
17025	111	16
17026	698	13
17027	4	17
17028	630	8
17029	740	0
17030	61	3
17031	280	16
17032	204	9
17033	710	2
17034	149	18
17035	942	7
17036	594	13
17037	545	15
17038	261	18
17039	917	9
17040	367	15
17041	257	5
17042	992	11
17043	265	1
17044	731	5
17045	405	18
17046	996	3
17047	158	13
17048	770	18
17049	629	15
17050	461	16
17051	443	18
17052	198	15
17053	705	5
17054	758	12
17055	251	13
17056	252	7
17057	422	7
17058	568	12
17059	850	18
17060	726	7
17061	834	8
17062	454	1
17063	309	19
17064	47	8
17065	465	9
17066	536	9
17067	439	15
17068	498	9
17069	476	7
17070	727	3
17071	641	5
17072	326	10
17073	630	0
17074	235	17
17075	169	5
17076	99	7
17077	216	17
17078	174	19
17079	755	6
17080	809	13
17081	968	18
17082	231	2
17083	467	5
17084	569	5
17085	16	4
17086	487	8
17087	214	4
17088	929	1
17089	665	15
17090	767	14
17091	818	3
17092	625	1
17093	796	10
17094	50	15
17095	762	3
17096	503	17
17097	93	11
17098	815	6
17099	409	11
17100	406	6
17101	497	8
17102	709	3
17103	823	15
17104	761	16
17105	33	9
17106	857	8
17107	962	5
17108	158	6
17109	855	6
17110	965	18
17111	924	19
17112	742	12
17113	395	9
17114	329	15
17115	217	10
17116	218	3
17117	276	11
17118	347	3
17119	114	14
17120	522	12
17121	722	1
17122	932	2
17123	485	4
17124	323	16
17125	462	7
17126	897	6
17127	387	17
17128	761	1
17129	148	9
17130	679	2
17131	801	0
17132	928	9
17133	260	18
17134	248	18
17135	486	9
17136	872	17
17137	667	6
17138	436	7
17139	116	0
17140	499	1
17141	280	11
17142	470	8
17143	955	5
17144	663	15
17145	69	1
17146	865	11
17147	715	8
17148	964	1
17149	827	16
17150	394	7
17151	39	5
17152	691	19
17153	181	17
17154	121	12
17155	845	17
17156	323	18
17157	95	14
17158	254	7
17159	339	13
17160	38	3
17161	618	1
17162	71	18
17163	895	1
17164	82	1
17165	74	8
17166	39	7
17167	674	4
17168	737	17
17169	30	9
17170	424	4
17171	215	7
17172	89	11
17173	787	11
17174	570	6
17175	284	2
17176	637	6
17177	377	14
17178	582	15
17179	301	17
17180	297	2
17181	224	18
17182	70	11
17183	859	4
17184	569	16
17185	635	1
17186	729	7
17187	481	13
17188	183	19
17189	215	9
17190	22	18
17191	758	9
17192	766	0
17193	607	15
17194	588	13
17195	522	5
17196	216	10
17197	125	2
17198	659	3
17199	154	18
17200	309	6
17201	780	16
17202	617	6
17203	9	4
17204	570	9
17205	282	11
17206	123	6
17207	352	12
17208	879	16
17209	923	16
17210	357	2
17211	393	2
17212	101	5
17213	465	4
17214	444	4
17215	277	11
17216	167	3
17217	300	9
17218	634	14
17219	627	17
17220	406	5
17221	65	13
17222	441	14
17223	16	12
17224	749	11
17225	170	4
17226	781	12
17227	426	4
17228	218	11
17229	782	16
17230	847	8
17231	991	10
17232	838	18
17233	568	18
17234	991	14
17235	849	4
17236	409	14
17237	482	11
17238	836	0
17239	841	4
17240	414	13
17241	477	11
17242	933	7
17243	761	1
17244	663	18
17245	426	16
17246	452	9
17247	261	17
17248	993	7
17249	813	12
17250	810	6
17251	510	2
17252	413	4
17253	805	17
17254	283	6
17255	567	13
17256	648	3
17257	439	15
17258	236	2
17259	143	16
17260	886	15
17261	950	10
17262	59	18
17263	432	15
17264	345	4
17265	992	11
17266	687	8
17267	782	14
17268	553	18
17269	457	17
17270	303	2
17271	291	16
17272	146	14
17273	68	3
17274	655	7
17275	391	2
17276	467	9
17277	823	9
17278	426	3
17279	190	11
17280	686	0
17281	954	7
17282	168	19
17283	318	18
17284	645	18
17285	149	16
17286	822	1
17287	361	13
17288	146	15
17289	652	17
17290	343	4
17291	928	16
17292	825	12
17293	747	1
17294	264	12
17295	21	16
17296	262	19
17297	209	14
17298	983	4
17299	841	18
17300	584	4
17301	899	10
17302	320	9
17303	315	2
17304	944	12
17305	938	5
17306	434	5
17307	802	19
17308	839	19
17309	116	16
17310	402	7
17311	511	14
17312	77	18
17313	259	11
17314	765	9
17315	514	19
17316	837	15
17317	647	16
17318	286	9
17319	916	4
17320	429	6
17321	456	3
17322	894	0
17323	551	0
17324	902	17
17325	952	11
17326	389	17
17327	147	18
17328	777	1
17329	927	17
17330	671	16
17331	235	0
17332	131	6
17333	585	11
17334	832	7
17335	535	0
17336	113	14
17337	622	19
17338	672	10
17339	138	13
17340	406	14
17341	854	6
17342	113	4
17343	382	1
17344	852	12
17345	930	18
17346	925	15
17347	635	7
17348	115	13
17349	12	10
17350	961	14
17351	40	15
17352	598	17
17353	339	12
17354	825	0
17355	409	11
17356	665	3
17357	453	7
17358	344	10
17359	461	16
17360	793	4
17361	667	11
17362	908	19
17363	111	18
17364	507	4
17365	901	7
17366	802	18
17367	747	15
17368	181	13
17369	751	8
17370	480	11
17371	274	13
17372	378	8
17373	960	13
17374	3	5
17375	970	0
17376	153	6
17377	154	0
17378	154	1
17379	323	1
17380	824	5
17381	646	8
17382	836	6
17383	538	14
17384	745	17
17385	429	12
17386	466	15
17387	783	7
17388	737	10
17389	47	6
17390	750	12
17391	413	1
17392	20	10
17393	349	15
17394	561	3
17395	134	18
17396	287	13
17397	128	15
17398	418	14
17399	279	10
17400	304	1
17401	793	5
17402	935	11
17403	510	4
17404	521	4
17405	25	0
17406	864	7
17407	660	6
17408	639	19
17409	148	17
17410	722	18
17411	927	17
17412	620	11
17413	37	8
17414	76	4
17415	724	14
17416	732	15
17417	902	11
17418	176	15
17419	333	19
17420	574	17
17421	505	4
17422	580	4
17423	225	2
17424	707	16
17425	573	4
17426	769	13
17427	505	7
17428	893	15
17429	622	18
17430	643	1
17431	39	4
17432	110	10
17433	989	18
17434	656	19
17435	265	4
17436	158	13
17437	155	7
17438	147	10
17439	55	4
17440	642	7
17441	956	17
17442	300	18
17443	445	7
17444	775	12
17445	338	11
17446	716	16
17447	547	3
17448	857	19
17449	323	17
17450	161	12
17451	134	17
17452	608	14
17453	983	16
17454	330	18
17455	401	16
17456	357	19
17457	861	8
17458	713	10
17459	860	5
17460	781	14
17461	591	15
17462	615	17
17463	482	9
17464	39	0
17465	980	6
17466	616	17
17467	371	19
17468	368	9
17469	289	10
17470	305	10
17471	227	2
17472	834	19
17473	76	3
17474	213	10
17475	784	1
17476	340	4
17477	396	1
17478	390	7
17479	474	10
17480	823	1
17481	27	6
17482	660	2
17483	299	15
17484	61	17
17485	140	9
17486	896	7
17487	574	16
17488	248	10
17489	988	8
17490	560	6
17491	845	7
17492	334	4
17493	274	1
17494	146	1
17495	251	12
17496	331	2
17497	214	1
17498	971	1
17499	308	10
17500	955	9
17501	104	15
17502	20	9
17503	600	1
17504	426	7
17505	94	4
17506	943	0
17507	680	13
17508	551	10
17509	152	14
17510	902	13
17511	232	2
17512	269	8
17513	807	7
17514	736	14
17515	409	2
17516	966	15
17517	435	2
17518	989	1
17519	628	9
17520	663	2
17521	982	13
17522	396	3
17523	280	3
17524	681	15
17525	491	19
17526	227	19
17527	343	16
17528	806	3
17529	862	2
17530	910	6
17531	883	18
17532	240	14
17533	581	0
17534	933	7
17535	822	7
17536	205	17
17537	500	10
17538	964	8
17539	880	12
17540	573	7
17541	311	8
17542	444	10
17543	585	4
17544	862	7
17545	789	17
17546	956	9
17547	191	1
17548	416	18
17549	554	4
17550	340	10
17551	56	13
17552	420	10
17553	246	14
17554	194	17
17555	752	10
17556	424	5
17557	806	5
17558	21	2
17559	884	14
17560	286	10
17561	124	4
17562	485	15
17563	853	4
17564	947	3
17565	50	7
17566	559	16
17567	618	8
17568	925	4
17569	721	8
17570	814	13
17571	762	3
17572	494	13
17573	369	10
17574	645	12
17575	142	11
17576	637	0
17577	899	17
17578	762	13
17579	203	18
17580	103	17
17581	794	18
17582	884	7
17583	725	17
17584	126	5
17585	931	15
17586	744	0
17587	810	19
17588	636	19
17589	64	4
17590	715	18
17591	41	11
17592	481	8
17593	166	6
17594	657	5
17595	464	1
17596	609	7
17597	191	7
17598	743	9
17599	276	0
17600	523	1
17601	675	10
17602	454	8
17603	455	2
17604	486	10
17605	79	1
17606	239	12
17607	561	14
17608	492	1
17609	641	13
17610	347	11
17611	808	5
17612	752	6
17613	626	9
17614	560	2
17615	40	1
17616	639	10
17617	442	14
17618	389	3
17619	425	12
17620	976	6
17621	161	13
17622	318	16
17623	158	14
17624	17	8
17625	503	1
17626	965	4
17627	637	0
17628	805	10
17629	554	1
17630	806	16
17631	972	16
17632	443	5
17633	151	19
17634	262	18
17635	369	11
17636	85	6
17637	71	14
17638	786	16
17639	385	5
17640	323	1
17641	823	5
17642	852	17
17643	152	18
17644	416	7
17645	800	1
17646	215	12
17647	728	13
17648	544	1
17649	608	5
17650	636	8
17651	720	1
17652	146	0
17653	957	16
17654	501	9
17655	135	16
17656	551	19
17657	572	5
17658	713	9
17659	856	13
17660	433	0
17661	828	6
17662	73	14
17663	427	9
17664	873	15
17665	359	11
17666	523	9
17667	956	13
17668	64	16
17669	49	2
17670	876	10
17671	961	12
17672	931	11
17673	345	18
17674	383	2
17675	93	2
17676	113	3
17677	282	0
17678	935	19
17679	429	11
17680	928	17
17681	913	13
17682	536	12
17683	359	9
17684	209	17
17685	518	19
17686	330	8
17687	450	17
17688	480	17
17689	317	7
17690	196	19
17691	970	2
17692	733	7
17693	278	12
17694	405	5
17695	78	19
17696	900	17
17697	971	6
17698	833	1
17699	688	16
17700	989	1
17701	685	7
17702	931	7
17703	13	8
17704	851	6
17705	312	8
17706	38	9
17707	310	5
17708	924	17
17709	510	14
17710	964	11
17711	653	13
17712	178	3
17713	179	8
17714	415	18
17715	130	0
17716	963	15
17717	727	19
17718	107	16
17719	783	14
17720	37	3
17721	737	14
17722	581	2
17723	885	0
17724	949	8
17725	183	19
17726	109	3
17727	545	16
17728	864	13
17729	635	19
17730	974	10
17731	271	9
17732	677	13
17733	209	11
17734	772	9
17735	677	10
17736	896	4
17737	402	10
17738	214	5
17739	188	15
17740	930	12
17741	893	16
17742	306	14
17743	353	2
17744	298	3
17745	905	13
17746	43	12
17747	348	2
17748	517	1
17749	567	5
17750	383	11
17751	702	15
17752	978	15
17753	238	12
17754	242	1
17755	948	11
17756	119	15
17757	631	11
17758	617	5
17759	53	6
17760	517	3
17761	265	0
17762	394	5
17763	904	15
17764	979	4
17765	227	5
17766	73	11
17767	649	4
17768	878	6
17769	125	13
17770	889	16
17771	408	6
17772	919	15
17773	732	0
17774	782	7
17775	290	11
17776	835	9
17777	170	10
17778	480	18
17779	966	6
17780	838	14
17781	640	2
17782	329	9
17783	505	7
17784	170	13
17785	773	13
17786	149	1
17787	171	3
17788	603	14
17789	225	5
17790	728	3
17791	293	19
17792	628	7
17793	446	15
17794	85	9
17795	766	13
17796	952	10
17797	259	13
17798	637	17
17799	161	0
17800	39	12
17801	427	0
17802	972	7
17803	508	10
17804	419	13
17805	981	8
17806	337	4
17807	760	3
17808	610	17
17809	118	16
17810	451	1
17811	4	3
17812	535	11
17813	258	13
17814	41	11
17815	327	1
17816	164	8
17817	263	4
17818	921	10
17819	786	17
17820	426	2
17821	341	16
17822	806	17
17823	136	17
17824	706	15
17825	635	0
17826	677	1
17827	113	12
17828	319	18
17829	564	2
17830	935	6
17831	134	6
17832	76	7
17833	144	4
17834	110	8
17835	783	17
17836	564	18
17837	740	3
17838	46	10
17839	139	18
17840	141	11
17841	987	11
17842	615	2
17843	597	11
17844	65	11
17845	733	5
17846	711	2
17847	406	0
17848	746	7
17849	850	13
17850	169	1
17851	156	19
17852	241	8
17853	102	4
17854	164	4
17855	541	7
17856	581	7
17857	146	6
17858	61	4
17859	122	4
17860	716	6
17861	261	16
17862	530	12
17863	773	4
17864	278	7
17865	738	19
17866	7	14
17867	478	7
17868	461	2
17869	729	0
17870	772	7
17871	318	4
17872	376	1
17873	415	8
17874	180	6
17875	601	6
17876	938	6
17877	136	13
17878	920	9
17879	359	18
17880	96	12
17881	215	19
17882	955	18
17883	691	5
17884	228	16
17885	586	14
17886	42	1
17887	397	8
17888	15	18
17889	591	13
17890	394	19
17891	796	1
17892	307	14
17893	151	11
17894	780	11
17895	867	3
17896	100	6
17897	437	1
17898	721	14
17899	684	2
17900	459	16
17901	553	14
17902	42	16
17903	607	13
17904	361	13
17905	495	7
17906	336	14
17907	948	13
17908	152	8
17909	354	12
17910	815	6
17911	811	5
17912	275	5
17913	196	19
17914	697	15
17915	503	13
17916	465	11
17917	435	14
17918	882	5
17919	419	3
17920	274	9
17921	482	9
17922	453	6
17923	685	1
17924	257	6
17925	991	3
17926	294	6
17927	467	1
17928	725	5
17929	478	11
17930	452	16
17931	725	7
17932	442	0
17933	955	2
17934	439	16
17935	338	1
17936	566	16
17937	185	2
17938	295	8
17939	44	3
17940	899	0
17941	623	3
17942	25	18
17943	671	13
17944	287	19
17945	773	14
17946	136	10
17947	328	17
17948	795	1
17949	997	16
17950	383	2
17951	230	5
17952	359	19
17953	681	2
17954	967	15
17955	364	12
17956	377	8
17957	398	18
17958	957	19
17959	300	13
17960	658	17
17961	772	10
17962	636	6
17963	474	10
17964	358	12
17965	255	15
17966	769	16
17967	216	18
17968	534	6
17969	87	12
17970	709	19
17971	813	4
17972	986	10
17973	700	13
17974	292	6
17975	550	19
17976	485	5
17977	517	1
17978	355	12
17979	141	7
17980	578	10
17981	130	4
17982	688	16
17983	865	9
17984	242	8
17985	951	6
17986	539	12
17987	393	11
17988	276	8
17989	478	0
17990	123	10
17991	338	2
17992	352	15
17993	664	0
17994	48	8
17995	511	5
17996	260	8
17997	120	10
17998	47	4
17999	678	16
18000	739	17
18001	760	6
18002	292	14
18003	573	17
18004	469	11
18005	185	3
18006	194	6
18007	278	17
18008	764	5
18009	923	12
18010	863	2
18011	110	17
18012	460	2
18013	559	18
18014	585	1
18015	157	6
18016	526	14
18017	771	4
18018	935	6
18019	267	12
18020	433	15
18021	71	16
18022	360	17
18023	950	7
18024	557	11
18025	978	13
18026	460	4
18027	916	6
18028	985	7
18029	216	18
18030	716	2
18031	792	1
18032	222	1
18033	741	18
18034	262	4
18035	724	14
18036	52	4
18037	237	9
18038	22	6
18039	97	3
18040	543	1
18041	311	8
18042	326	11
18043	167	13
18044	328	13
18045	397	1
18046	641	1
18047	435	4
18048	871	4
18049	955	4
18050	69	17
18051	775	9
18052	797	17
18053	780	0
18054	510	5
18055	868	7
18056	241	14
18057	568	8
18058	915	19
18059	455	10
18060	647	18
18061	598	11
18062	242	16
18063	209	1
18064	715	16
18065	560	19
18066	209	13
18067	780	0
18068	445	14
18069	560	4
18070	262	1
18071	280	14
18072	99	15
18073	25	16
18074	645	9
18075	579	11
18076	535	5
18077	887	16
18078	616	9
18079	316	15
18080	469	15
18081	587	11
18082	685	6
18083	592	12
18084	613	16
18085	995	8
18086	362	2
18087	843	13
18088	505	18
18089	962	7
18090	496	7
18091	429	11
18092	622	1
18093	155	15
18094	279	11
18095	512	2
18096	346	6
18097	306	5
18098	216	15
18099	940	2
18100	732	18
18101	812	0
18102	789	13
18103	259	9
18104	177	2
18105	849	15
18106	35	5
18107	345	12
18108	358	14
18109	258	12
18110	75	6
18111	989	5
18112	329	13
18113	477	14
18114	244	5
18115	590	14
18116	849	10
18117	606	19
18118	671	14
18119	721	3
18120	349	2
18121	677	0
18122	983	16
18123	715	5
18124	867	12
18125	692	0
18126	150	14
18127	656	12
18128	605	8
18129	30	12
18130	438	1
18131	510	2
18132	219	10
18133	523	7
18134	841	14
18135	214	10
18136	197	19
18137	325	2
18138	553	13
18139	363	8
18140	943	9
18141	576	12
18142	856	3
18143	56	17
18144	207	12
18145	235	13
18146	100	4
18147	34	15
18148	315	9
18149	612	0
18150	122	18
18151	439	7
18152	147	18
18153	427	19
18154	285	10
18155	495	8
18156	558	5
18157	22	12
18158	385	10
18159	385	9
18160	343	8
18161	416	15
18162	609	15
18163	148	18
18164	44	9
18165	617	6
18166	340	8
18167	111	4
18168	341	17
18169	273	10
18170	265	2
18171	490	6
18172	166	15
18173	529	6
18174	739	18
18175	923	7
18176	743	15
18177	578	2
18178	825	3
18179	161	17
18180	943	12
18181	117	13
18182	414	13
18183	735	0
18184	510	15
18185	157	19
18186	827	10
18187	491	3
18188	478	17
18189	18	0
18190	191	19
18191	781	15
18192	160	11
18193	708	2
18194	53	13
18195	465	11
18196	842	14
18197	946	1
18198	705	10
18199	811	7
18200	168	9
18201	196	6
18202	953	7
18203	531	17
18204	432	15
18205	990	9
18206	303	2
18207	245	18
18208	4	4
18209	884	10
18210	396	19
18211	494	19
18212	601	16
18213	927	1
18214	45	18
18215	86	3
18216	871	15
18217	35	6
18218	422	18
18219	336	8
18220	554	8
18221	830	18
18222	399	0
18223	862	16
18224	916	17
18225	493	12
18226	841	12
18227	721	2
18228	457	16
18229	337	19
18230	528	15
18231	437	11
18232	342	18
18233	488	17
18234	226	11
18235	268	11
18236	580	3
18237	789	5
18238	418	3
18239	675	2
18240	253	9
18241	350	0
18242	967	10
18243	711	5
18244	450	11
18245	219	6
18246	864	4
18247	343	6
18248	195	7
18249	380	12
18250	545	1
18251	472	2
18252	574	6
18253	763	13
18254	610	11
18255	717	19
18256	120	12
18257	676	14
18258	107	15
18259	589	7
18260	847	13
18261	277	1
18262	803	9
18263	118	2
18264	899	8
18265	50	5
18266	720	16
18267	707	11
18268	170	11
18269	255	16
18270	677	7
18271	301	0
18272	704	7
18273	218	17
18274	632	14
18275	251	5
18276	205	13
18277	434	11
18278	515	8
18279	782	10
18280	628	12
18281	418	19
18282	883	1
18283	516	3
18284	996	16
18285	69	7
18286	99	2
18287	195	10
18288	995	12
18289	737	12
18290	917	11
18291	112	9
18292	663	2
18293	467	15
18294	503	16
18295	131	9
18296	500	9
18297	394	17
18298	375	4
18299	758	6
18300	747	13
18301	884	10
18302	787	9
18303	270	1
18304	409	7
18305	445	13
18306	445	13
18307	906	9
18308	668	9
18309	387	0
18310	28	1
18311	767	4
18312	127	17
18313	473	3
18314	34	15
18315	353	18
18316	8	5
18317	982	18
18318	612	3
18319	156	19
18320	418	11
18321	213	17
18322	988	16
18323	535	13
18324	871	8
18325	205	9
18326	587	19
18327	275	8
18328	771	19
18329	142	1
18330	52	17
18331	574	15
18332	2	12
18333	755	8
18334	408	17
18335	110	8
18336	467	7
18337	771	12
18338	339	18
18339	191	12
18340	915	13
18341	446	19
18342	182	2
18343	443	4
18344	745	12
18345	925	18
18346	493	7
18347	719	11
18348	70	6
18349	685	4
18350	594	1
18351	860	6
18352	516	8
18353	637	18
18354	218	0
18355	650	6
18356	350	12
18357	556	11
18358	786	10
18359	432	12
18360	509	15
18361	226	9
18362	543	17
18363	15	2
18364	299	5
18365	341	1
18366	540	16
18367	915	5
18368	447	18
18369	369	2
18370	117	17
18371	165	13
18372	841	3
18373	233	13
18374	247	18
18375	888	15
18376	914	15
18377	295	3
18378	133	14
18379	725	18
18380	170	1
18381	513	14
18382	368	5
18383	422	16
18384	858	0
18385	525	1
18386	417	13
18387	45	4
18388	315	6
18389	31	3
18390	735	14
18391	812	13
18392	416	2
18393	909	13
18394	23	11
18395	581	1
18396	465	3
18397	56	0
18398	202	16
18399	100	13
18400	870	3
18401	918	11
18402	349	7
18403	410	16
18404	214	3
18405	773	2
18406	184	9
18407	627	17
18408	380	11
18409	525	19
18410	830	0
18411	609	12
18412	546	16
18413	226	4
18414	285	17
18415	10	10
18416	786	8
18417	173	13
18418	226	10
18419	492	10
18420	762	18
18421	883	19
18422	892	15
18423	426	18
18424	295	19
18425	423	4
18426	795	16
18427	204	10
18428	664	19
18429	100	15
18430	978	4
18431	262	3
18432	828	7
18433	211	2
18434	237	13
18435	306	2
18436	116	13
18437	802	7
18438	800	12
18439	287	14
18440	810	10
18441	918	4
18442	252	1
18443	985	16
18444	235	15
18445	827	1
18446	552	16
18447	955	13
18448	988	8
18449	83	15
18450	360	11
18451	367	19
18452	940	18
18453	338	16
18454	628	19
18455	821	3
18456	682	8
18457	584	18
18458	455	6
18459	143	1
18460	451	3
18461	387	6
18462	585	10
18463	808	3
18464	27	12
18465	809	11
18466	880	5
18467	772	9
18468	898	19
18469	278	0
18470	106	12
18471	319	15
18472	988	1
18473	247	18
18474	57	4
18475	542	6
18476	154	7
18477	883	19
18478	306	13
18479	699	16
18480	291	13
18481	88	8
18482	295	3
18483	208	6
18484	44	17
18485	398	13
18486	460	5
18487	851	5
18488	999	9
18489	568	13
18490	206	11
18491	892	10
18492	593	9
18493	212	12
18494	829	18
18495	957	10
18496	988	19
18497	567	17
18498	125	15
18499	96	6
18500	42	2
18501	986	14
18502	68	1
18503	42	16
18504	680	1
18505	320	13
18506	118	19
18507	80	17
18508	310	7
18509	940	6
18510	115	12
18511	157	12
18512	803	11
18513	965	16
18514	397	4
18515	146	17
18516	774	3
18517	823	1
18518	23	19
18519	967	6
18520	239	1
18521	677	0
18522	880	19
18523	57	2
18524	136	7
18525	692	18
18526	164	17
18527	491	17
18528	284	8
18529	736	13
18530	209	5
18531	89	4
18532	932	6
18533	476	15
18534	518	14
18535	370	0
18536	154	14
18537	600	4
18538	356	15
18539	40	0
18540	980	9
18541	284	10
18542	474	7
18543	959	18
18544	693	11
18545	307	8
18546	841	15
18547	131	11
18548	768	9
18549	307	10
18550	585	16
18551	416	1
18552	236	15
18553	168	7
18554	263	2
18555	274	12
18556	331	0
18557	122	10
18558	806	8
18559	831	17
18560	555	3
18561	757	12
18562	890	13
18563	709	13
18564	72	13
18565	733	1
18566	671	11
18567	938	11
18568	243	2
18569	85	7
18570	964	8
18571	735	7
18572	642	12
18573	429	1
18574	568	19
18575	987	0
18576	764	4
18577	764	19
18578	92	1
18579	664	15
18580	331	14
18581	315	6
18582	169	2
18583	314	12
18584	975	11
18585	31	6
18586	508	14
18587	608	2
18588	963	12
18589	656	1
18590	500	5
18591	288	17
18592	627	8
18593	166	12
18594	771	3
18595	125	3
18596	201	3
18597	992	7
18598	515	1
18599	137	13
18600	945	10
18601	156	1
18602	97	9
18603	653	12
18604	560	2
18605	57	7
18606	990	5
18607	630	12
18608	621	9
18609	986	9
18610	394	14
18611	535	19
18612	660	6
18613	29	12
18614	237	5
18615	221	18
18616	671	12
18617	220	13
18618	830	14
18619	327	9
18620	328	4
18621	147	13
18622	96	12
18623	821	11
18624	122	8
18625	200	11
18626	24	3
18627	421	18
18628	300	3
18629	462	13
18630	98	3
18631	679	8
18632	32	6
18633	497	4
18634	580	3
18635	80	4
18636	190	8
18637	78	19
18638	569	17
18639	807	18
18640	472	4
18641	94	8
18642	513	9
18643	595	6
18644	450	18
18645	155	19
18646	177	0
18647	875	1
18648	596	19
18649	497	8
18650	974	10
18651	408	16
18652	489	7
18653	957	5
18654	294	3
18655	793	0
18656	531	18
18657	665	5
18658	932	17
18659	250	17
18660	161	1
18661	600	17
18662	528	15
18663	937	7
18664	266	4
18665	897	5
18666	484	1
18667	16	12
18668	799	12
18669	709	19
18670	320	7
18671	993	5
18672	437	6
18673	140	4
18674	869	2
18675	191	9
18676	335	16
18677	32	4
18678	599	6
18679	621	19
18680	198	10
18681	833	5
18682	762	2
18683	877	1
18684	424	2
18685	617	14
18686	272	3
18687	123	2
18688	929	0
18689	782	7
18690	136	6
18691	440	7
18692	150	8
18693	336	5
18694	580	0
18695	930	13
18696	737	17
18697	160	4
18698	220	4
18699	909	11
18700	448	16
18701	234	13
18702	513	4
18703	568	6
18704	539	8
18705	929	1
18706	751	13
18707	798	11
18708	27	18
18709	277	6
18710	188	6
18711	129	19
18712	607	18
18713	189	5
18714	614	0
18715	659	0
18716	125	2
18717	54	15
18718	196	14
18719	875	10
18720	117	8
18721	31	1
18722	684	11
18723	356	4
18724	420	17
18725	451	0
18726	319	13
18727	447	5
18728	617	14
18729	38	11
18730	270	10
18731	282	9
18732	790	8
18733	441	2
18734	531	17
18735	467	18
18736	602	4
18737	551	0
18738	538	3
18739	98	3
18740	99	9
18741	293	2
18742	985	14
18743	555	14
18744	795	10
18745	993	6
18746	250	18
18747	771	6
18748	369	6
18749	645	8
18750	439	5
18751	797	7
18752	168	16
18753	152	8
18754	173	7
18755	943	17
18756	25	9
18757	873	1
18758	357	19
18759	852	12
18760	777	16
18761	639	0
18762	584	4
18763	668	4
18764	520	18
18765	666	18
18766	318	17
18767	261	14
18768	740	19
18769	577	12
18770	457	4
18771	739	3
18772	251	15
18773	626	4
18774	853	8
18775	601	18
18776	674	2
18777	384	16
18778	876	7
18779	43	14
18780	944	0
18781	456	10
18782	97	9
18783	668	8
18784	290	14
18785	571	0
18786	22	8
18787	775	1
18788	657	19
18789	12	13
18790	804	3
18791	179	13
18792	806	8
18793	751	19
18794	607	6
18795	558	12
18796	637	2
18797	762	18
18798	1	13
18799	757	10
18800	430	14
18801	976	3
18802	768	10
18803	794	5
18804	78	16
18805	504	0
18806	925	9
18807	55	19
18808	265	7
18809	129	7
18810	496	2
18811	190	8
18812	658	1
18813	633	17
18814	130	5
18815	605	13
18816	109	1
18817	664	3
18818	484	9
18819	83	0
18820	184	7
18821	161	19
18822	942	15
18823	253	3
18824	867	6
18825	69	14
18826	354	18
18827	342	6
18828	391	14
18829	581	12
18830	667	17
18831	927	18
18832	858	8
18833	381	18
18834	272	3
18835	392	6
18836	37	18
18837	855	13
18838	68	16
18839	495	14
18840	440	0
18841	990	9
18842	393	11
18843	67	1
18844	194	13
18845	517	5
18846	462	3
18847	33	7
18848	798	14
18849	884	11
18850	127	11
18851	398	7
18852	26	4
18853	702	12
18854	829	0
18855	180	15
18856	546	4
18857	681	13
18858	458	0
18859	486	2
18860	6	5
18861	368	3
18862	824	4
18863	818	18
18864	285	11
18865	422	15
18866	170	17
18867	937	7
18868	228	19
18869	307	14
18870	141	13
18871	959	17
18872	0	11
18873	49	16
18874	706	0
18875	23	9
18876	735	8
18877	951	17
18878	859	8
18879	889	7
18880	589	13
18881	41	12
18882	980	10
18883	868	4
18884	303	2
18885	56	6
18886	886	8
18887	717	10
18888	564	19
18889	10	10
18890	729	2
18891	680	13
18892	275	3
18893	964	9
18894	550	7
18895	223	6
18896	51	5
18897	888	10
18898	965	14
18899	229	2
18900	396	8
18901	967	1
18902	136	13
18903	969	1
18904	794	13
18905	951	2
18906	996	13
18907	974	0
18908	181	16
18909	600	9
18910	16	14
18911	481	2
18912	127	1
18913	661	18
18914	794	13
18915	433	8
18916	96	12
18917	835	14
18918	125	6
18919	380	1
18920	18	17
18921	353	1
18922	440	2
18923	425	7
18924	938	13
18925	187	19
18926	988	8
18927	901	6
18928	323	9
18929	779	16
18930	22	15
18931	11	9
18932	889	9
18933	345	0
18934	19	6
18935	856	14
18936	645	13
18937	487	16
18938	859	19
18939	938	19
18940	311	0
18941	171	1
18942	893	11
18943	776	15
18944	733	18
18945	798	15
18946	726	14
18947	93	1
18948	644	2
18949	483	14
18950	945	3
18951	738	16
18952	138	6
18953	850	6
18954	176	9
18955	915	17
18956	323	17
18957	942	11
18958	577	6
18959	775	19
18960	631	13
18961	631	5
18962	327	13
18963	228	9
18964	369	5
18965	345	8
18966	965	15
18967	494	6
18968	170	16
18969	824	8
18970	776	3
18971	938	6
18972	757	6
18973	608	18
18974	688	2
18975	3	16
18976	564	4
18977	15	7
18978	572	7
18979	80	18
18980	699	5
18981	825	6
18982	54	15
18983	742	1
18984	480	9
18985	828	2
18986	402	5
18987	142	18
18988	14	12
18989	79	9
18990	576	15
18991	657	8
18992	134	3
18993	921	8
18994	753	7
18995	77	16
18996	854	9
18997	909	11
18998	764	11
18999	23	8
19000	811	0
19001	166	5
19002	218	12
19003	566	11
19004	395	19
19005	96	9
19006	18	7
19007	39	16
19008	104	8
19009	293	12
19010	86	11
19011	360	18
19012	394	1
19013	53	14
19014	109	15
19015	868	2
19016	355	9
19017	548	16
19018	50	0
19019	58	18
19020	507	10
19021	893	13
19022	340	17
19023	686	4
19024	822	18
19025	314	17
19026	893	9
19027	382	10
19028	42	14
19029	123	13
19030	505	15
19031	889	15
19032	621	2
19033	612	4
19034	477	9
19035	571	9
19036	299	17
19037	491	11
19038	257	14
19039	125	16
19040	132	5
19041	302	3
19042	485	16
19043	874	10
19044	571	15
19045	119	1
19046	132	3
19047	803	1
19048	179	2
19049	172	12
19050	416	7
19051	551	3
19052	715	13
19053	650	14
19054	138	11
19055	751	15
19056	706	17
19057	367	12
19058	734	19
19059	620	6
19060	547	11
19061	144	4
19062	44	18
19063	793	14
19064	982	12
19065	988	10
19066	967	16
19067	143	11
19068	202	8
19069	62	8
19070	16	9
19071	206	8
19072	923	8
19073	95	14
19074	840	16
19075	125	15
19076	245	4
19077	930	16
19078	406	14
19079	543	13
19080	273	1
19081	898	11
19082	796	9
19083	528	13
19084	317	0
19085	743	7
19086	597	8
19087	624	18
19088	549	16
19089	490	8
19090	31	19
19091	11	3
19092	306	7
19093	202	19
19094	120	17
19095	156	11
19096	973	5
19097	692	7
19098	39	4
19099	544	18
19100	432	7
19101	848	14
19102	988	14
19103	406	4
19104	611	2
19105	315	4
19106	890	11
19107	0	9
19108	684	4
19109	212	4
19110	319	2
19111	806	3
19112	989	4
19113	831	15
19114	654	8
19115	688	10
19116	681	10
19117	579	18
19118	642	6
19119	264	11
19120	275	3
19121	157	16
19122	230	12
19123	149	16
19124	960	15
19125	411	1
19126	107	2
19127	683	7
19128	972	8
19129	597	0
19130	898	19
19131	282	16
19132	54	4
19133	843	18
19134	197	8
19135	123	10
19136	778	19
19137	918	3
19138	128	8
19139	779	7
19140	937	16
19141	957	5
19142	125	15
19143	232	13
19144	30	12
19145	632	5
19146	758	13
19147	277	11
19148	40	10
19149	920	6
19150	67	5
19151	515	12
19152	875	7
19153	527	7
19154	206	9
19155	459	16
19156	8	2
19157	546	7
19158	454	10
19159	169	14
19160	209	1
19161	836	13
19162	369	19
19163	794	9
19164	268	12
19165	255	1
19166	867	7
19167	575	15
19168	616	10
19169	414	17
19170	960	11
19171	711	5
19172	266	15
19173	743	13
19174	739	7
19175	218	8
19176	154	16
19177	493	5
19178	834	2
19179	501	17
19180	16	6
19181	702	15
19182	764	13
19183	626	1
19184	529	16
19185	606	4
19186	230	0
19187	515	12
19188	370	4
19189	391	14
19190	804	4
19191	300	0
19192	892	8
19193	587	3
19194	546	19
19195	430	11
19196	927	13
19197	347	6
19198	635	5
19199	496	13
19200	80	3
19201	144	5
19202	585	1
19203	830	4
19204	180	14
19205	819	10
19206	445	14
19207	864	0
19208	910	15
19209	208	14
19210	851	11
19211	896	19
19212	640	8
19213	173	3
19214	790	3
19215	772	10
19216	768	4
19217	73	15
19218	315	14
19219	966	5
19220	741	1
19221	764	19
19222	470	3
19223	803	18
19224	172	18
19225	979	18
19226	802	4
19227	297	9
19228	347	10
19229	601	0
19230	960	10
19231	106	11
19232	404	11
19233	548	11
19234	498	16
19235	10	17
19236	867	14
19237	569	7
19238	358	5
19239	315	0
19240	457	6
19241	422	7
19242	274	19
19243	976	18
19244	903	19
19245	48	6
19246	799	9
19247	142	3
19248	176	12
19249	588	0
19250	284	15
19251	419	0
19252	600	5
19253	845	9
19254	559	1
19255	726	11
19256	491	0
19257	440	12
19258	368	10
19259	14	15
19260	954	12
19261	62	13
19262	624	10
19263	604	13
19264	61	5
19265	776	11
19266	184	0
19267	739	10
19268	8	18
19269	132	17
19270	197	18
19271	952	8
19272	254	18
19273	313	14
19274	657	11
19275	549	11
19276	227	0
19277	718	13
19278	260	18
19279	759	19
19280	315	7
19281	147	1
19282	848	0
19283	495	17
19284	399	17
19285	739	16
19286	382	5
19287	529	15
19288	496	10
19289	158	18
19290	82	3
19291	94	1
19292	126	16
19293	537	3
19294	641	13
19295	44	11
19296	260	10
19297	882	10
19298	624	17
19299	879	10
19300	172	10
19301	123	15
19302	458	18
19303	801	3
19304	252	17
19305	340	3
19306	174	12
19307	598	11
19308	183	14
19309	258	4
19310	144	9
19311	745	3
19312	476	15
19313	319	0
19314	383	6
19315	318	5
19316	675	1
19317	559	1
19318	323	5
19319	961	3
19320	311	8
19321	140	4
19322	857	2
19323	312	15
19324	475	13
19325	78	17
19326	120	18
19327	653	3
19328	935	17
19329	893	11
19330	230	8
19331	640	0
19332	755	9
19333	205	16
19334	943	8
19335	27	5
19336	967	4
19337	932	17
19338	35	15
19339	637	11
19340	107	7
19341	39	6
19342	454	17
19343	265	16
19344	29	3
19345	258	3
19346	753	12
19347	982	17
19348	984	19
19349	508	16
19350	8	13
19351	397	15
19352	244	11
19353	142	1
19354	810	12
19355	136	19
19356	454	4
19357	751	19
19358	476	0
19359	284	2
19360	60	8
19361	653	0
19362	459	6
19363	576	1
19364	866	4
19365	195	5
19366	871	11
19367	730	4
19368	981	3
19369	447	0
19370	357	17
19371	364	18
19372	987	17
19373	443	16
19374	911	0
19375	173	13
19376	861	4
19377	923	9
19378	872	13
19379	383	12
19380	934	4
19381	263	0
19382	157	13
19383	291	13
19384	44	16
19385	997	8
19386	159	11
19387	722	1
19388	628	10
19389	6	10
19390	877	12
19391	163	9
19392	963	7
19393	485	19
19394	132	3
19395	374	6
19396	58	0
19397	145	4
19398	985	15
19399	399	15
19400	60	11
19401	913	0
19402	406	14
19403	536	13
19404	462	14
19405	356	10
19406	896	9
19407	804	0
19408	319	19
19409	901	5
19410	397	15
19411	396	17
19412	385	1
19413	529	14
19414	931	16
19415	143	3
19416	194	17
19417	64	13
19418	172	15
19419	105	10
19420	343	12
19421	668	14
19422	336	3
19423	232	12
19424	937	11
19425	107	7
19426	554	17
19427	675	3
19428	746	13
19429	171	11
19430	57	5
19431	529	7
19432	82	6
19433	635	9
19434	331	0
19435	833	16
19436	703	6
19437	237	8
19438	63	14
19439	52	1
19440	511	14
19441	875	11
19442	924	7
19443	915	17
19444	612	0
19445	756	5
19446	535	9
19447	115	6
19448	210	11
19449	808	17
19450	346	10
19451	921	2
19452	656	2
19453	765	1
19454	546	11
19455	730	14
19456	527	3
19457	718	13
19458	82	11
19459	215	14
19460	270	14
19461	773	8
19462	904	13
19463	141	16
19464	267	1
19465	780	12
19466	52	11
19467	277	11
19468	351	3
19469	427	1
19470	28	14
19471	513	6
19472	158	6
19473	522	13
19474	295	9
19475	979	13
19476	301	17
19477	969	14
19478	508	11
19479	167	4
19480	625	16
19481	54	4
19482	660	4
19483	747	10
19484	426	15
19485	207	16
19486	74	11
19487	386	18
19488	411	1
19489	129	19
19490	326	1
19491	845	11
19492	839	16
19493	985	7
19494	586	9
19495	487	12
19496	729	6
19497	870	4
19498	811	18
19499	615	4
19500	900	7
19501	808	16
19502	765	14
19503	23	0
19504	406	9
19505	921	0
19506	762	8
19507	537	0
19508	306	5
19509	307	3
19510	401	18
19511	610	19
19512	879	16
19513	68	9
19514	604	12
19515	325	19
19516	928	6
19517	6	6
19518	282	12
19519	456	11
19520	139	7
19521	601	8
19522	680	3
19523	914	9
19524	954	15
19525	489	6
19526	95	15
19527	304	13
19528	866	18
19529	420	6
19530	445	0
19531	961	2
19532	877	9
19533	574	17
19534	359	10
19535	666	1
19536	958	11
19537	973	6
19538	542	5
19539	914	8
19540	996	18
19541	429	19
19542	835	19
19543	780	1
19544	645	18
19545	515	1
19546	223	18
19547	302	16
19548	660	9
19549	240	13
19550	494	13
19551	287	12
19552	928	13
19553	72	3
19554	250	18
19555	638	4
19556	155	3
19557	676	11
19558	292	10
19559	56	1
19560	462	1
19561	385	9
19562	728	19
19563	629	19
19564	3	14
19565	56	14
19566	686	14
19567	319	9
19568	48	13
19569	239	1
19570	6	13
19571	513	4
19572	28	15
19573	689	8
19574	130	19
19575	41	7
19576	950	10
19577	164	0
19578	658	17
19579	90	9
19580	221	15
19581	236	10
19582	787	7
19583	998	15
19584	290	2
19585	133	1
19586	944	9
19587	602	14
19588	919	13
19589	90	12
19590	229	13
19591	366	5
19592	656	7
19593	585	6
19594	681	6
19595	230	17
19596	340	13
19597	607	3
19598	797	14
19599	528	12
19600	71	14
19601	918	19
19602	810	12
19603	132	8
19604	974	6
19605	148	19
19606	451	5
19607	826	1
19608	443	18
19609	333	19
19610	735	9
19611	201	7
19612	908	14
19613	885	2
19614	834	10
19615	995	10
19616	856	3
19617	48	12
19618	843	7
19619	271	12
19620	420	16
19621	229	14
19622	224	4
19623	821	14
19624	531	12
19625	952	18
19626	726	11
19627	866	12
19628	827	16
19629	402	10
19630	471	12
19631	491	19
19632	930	4
19633	889	5
19634	289	1
19635	977	14
19636	981	19
19637	689	0
19638	306	11
19639	461	15
19640	377	18
19641	228	10
19642	788	6
19643	492	14
19644	276	1
19645	377	18
19646	128	14
19647	370	6
19648	773	18
19649	699	3
19650	318	15
19651	764	5
19652	232	6
19653	249	15
19654	884	7
19655	313	11
19656	539	18
19657	872	9
19658	271	19
19659	355	18
19660	974	2
19661	508	0
19662	874	2
19663	153	16
19664	677	2
19665	327	6
19666	879	1
19667	81	18
19668	52	11
19669	427	7
19670	142	11
19671	724	14
19672	142	5
19673	667	2
19674	534	5
19675	907	0
19676	798	1
19677	300	12
19678	812	17
19679	332	16
19680	662	6
19681	701	13
19682	714	17
19683	997	15
19684	741	9
19685	318	16
19686	454	1
19687	326	8
19688	851	8
19689	829	18
19690	665	2
19691	81	13
19692	644	4
19693	685	16
19694	952	2
19695	427	0
19696	181	14
19697	182	2
19698	362	17
19699	429	6
19700	52	6
19701	459	8
19702	522	16
19703	321	6
19704	438	3
19705	897	9
19706	909	14
19707	221	3
19708	675	4
19709	989	11
19710	692	19
19711	796	12
19712	954	17
19713	821	15
19714	568	8
19715	981	9
19716	278	5
19717	147	0
19718	585	1
19719	972	0
19720	898	8
19721	369	19
19722	148	13
19723	692	18
19724	723	6
19725	452	11
19726	472	19
19727	871	19
19728	800	3
19729	720	2
19730	511	1
19731	952	4
19732	620	0
19733	647	18
19734	705	2
19735	249	6
19736	454	3
19737	605	4
19738	678	0
19739	779	0
19740	182	7
19741	132	18
19742	358	19
19743	470	15
19744	845	8
19745	267	0
19746	792	17
19747	500	12
19748	504	12
19749	14	5
19750	381	2
19751	947	18
19752	428	0
19753	134	6
19754	489	0
19755	177	4
19756	861	13
19757	884	0
19758	668	18
19759	529	6
19760	27	18
19761	987	12
19762	900	0
19763	824	11
19764	748	4
19765	242	10
19766	188	8
19767	918	15
19768	132	19
19769	220	8
19770	71	18
19771	725	1
19772	619	1
19773	792	8
19774	559	3
19775	617	11
19776	436	4
19777	226	0
19778	261	1
19779	154	10
19780	756	1
19781	869	0
19782	65	9
19783	24	4
19784	332	8
19785	150	15
19786	8	3
19787	308	2
19788	742	18
19789	498	12
19790	680	15
19791	705	2
19792	106	5
19793	940	17
19794	226	11
19795	722	12
19796	782	3
19797	994	12
19798	113	9
19799	159	10
19800	354	16
19801	847	2
19802	663	3
19803	25	1
19804	80	10
19805	738	17
19806	677	1
19807	210	11
19808	114	0
19809	737	6
19810	932	5
19811	603	1
19812	109	6
19813	96	8
19814	706	14
19815	830	8
19816	150	14
19817	733	9
19818	800	7
19819	582	16
19820	341	8
19821	298	7
19822	461	5
19823	221	6
19824	630	11
19825	771	3
19826	63	19
19827	504	4
19828	399	2
19829	63	5
19830	770	0
19831	887	7
19832	470	14
19833	698	9
19834	836	19
19835	800	12
19836	81	1
19837	310	11
19838	807	4
19839	817	13
19840	553	4
19841	249	11
19842	85	0
19843	632	18
19844	883	10
19845	958	3
19846	343	16
19847	851	0
19848	757	19
19849	5	19
19850	189	1
19851	265	10
19852	389	0
19853	369	2
19854	234	9
19855	244	1
19856	949	8
19857	552	5
19858	560	11
19859	263	12
19860	397	3
19861	892	18
19862	285	16
19863	276	2
19864	515	15
19865	414	16
19866	592	17
19867	550	18
19868	538	9
19869	989	8
19870	312	2
19871	7	11
19872	29	17
19873	905	0
19874	413	0
19875	605	7
19876	770	18
19877	572	2
19878	838	0
19879	31	17
19880	488	8
19881	253	13
19882	60	11
19883	231	17
19884	337	1
19885	13	15
19886	269	19
19887	104	9
19888	537	0
19889	371	8
19890	96	7
19891	663	13
19892	534	0
19893	745	7
19894	55	2
19895	679	4
19896	584	6
19897	549	9
19898	621	1
19899	688	13
19900	154	13
19901	904	0
19902	710	4
19903	600	5
19904	379	13
19905	870	12
19906	846	15
19907	704	5
19908	166	9
19909	692	2
19910	78	18
19911	592	10
19912	429	6
19913	289	11
19914	809	14
19915	605	19
19916	782	2
19917	307	1
19918	902	11
19919	59	11
19920	580	19
19921	611	11
19922	928	4
19923	943	19
19924	354	5
19925	67	4
19926	675	12
19927	718	14
19928	255	2
19929	60	2
19930	886	15
19931	622	2
19932	442	2
19933	868	19
19934	254	8
19935	359	18
19936	605	8
19937	794	9
19938	413	9
19939	751	2
19940	86	0
19941	155	19
19942	512	13
19943	389	9
19944	116	9
19945	768	10
19946	422	15
19947	22	9
19948	299	5
19949	396	10
19950	616	8
19951	693	1
19952	137	4
19953	978	2
19954	370	2
19955	697	19
19956	573	13
19957	230	0
19958	668	6
19959	638	10
19960	707	7
19961	47	0
19962	792	8
19963	243	16
19964	309	17
19965	190	0
19966	696	17
19967	340	19
19968	907	7
19969	227	14
19970	639	9
19971	24	16
19972	773	17
19973	640	8
19974	13	17
19975	480	8
19976	407	2
19977	738	9
19978	764	18
19979	487	1
19980	948	6
19981	663	17
19982	843	7
19983	588	1
19984	200	6
19985	43	17
19986	56	15
19987	445	15
19988	844	10
19989	213	3
19990	398	8
19991	886	1
19992	54	13
19993	734	17
19994	822	19
19995	264	9
19996	202	16
19997	595	1
19998	871	7
19999	94	8
\.


--
-- TOC entry 3659 (class 0 OID 25562)
-- Dependencies: 218
-- Data for Name: voluntario; Type: TABLE DATA; Schema: public; Owner: postgres
--

COPY public.voluntario (id, nombre, fnacimiento) FROM stdin;
0	Voluntario_0	1995-07-26
1	Voluntario_1	1989-10-07
2	Voluntario_2	1992-04-11
3	Voluntario_3	1972-01-24
4	Voluntario_4	2001-07-09
5	Voluntario_5	1994-05-27
6	Voluntario_6	1977-01-07
7	Voluntario_7	1995-01-09
8	Voluntario_8	1974-12-08
9	Voluntario_9	1989-01-13
10	Voluntario_10	1985-01-14
11	Voluntario_11	2000-03-22
12	Voluntario_12	1990-05-16
13	Voluntario_13	1982-01-16
14	Voluntario_14	1987-12-08
15	Voluntario_15	1991-01-02
16	Voluntario_16	1992-08-29
17	Voluntario_17	1975-07-13
18	Voluntario_18	2000-04-26
19	Voluntario_19	1973-10-10
20	Voluntario_20	1979-09-19
21	Voluntario_21	1992-11-27
22	Voluntario_22	1983-02-14
23	Voluntario_23	1998-07-13
24	Voluntario_24	1980-04-30
25	Voluntario_25	1985-07-03
26	Voluntario_26	1977-06-10
27	Voluntario_27	1976-12-01
28	Voluntario_28	1995-05-02
29	Voluntario_29	1976-02-06
30	Voluntario_30	1971-03-12
31	Voluntario_31	1998-01-03
32	Voluntario_32	1981-01-23
33	Voluntario_33	1972-11-09
34	Voluntario_34	2000-05-24
35	Voluntario_35	2001-02-20
36	Voluntario_36	1997-11-07
37	Voluntario_37	1987-04-29
38	Voluntario_38	1982-11-13
39	Voluntario_39	1979-09-28
40	Voluntario_40	1985-10-26
41	Voluntario_41	1974-09-10
42	Voluntario_42	1975-11-21
43	Voluntario_43	1986-03-12
44	Voluntario_44	1993-08-21
45	Voluntario_45	1987-10-25
46	Voluntario_46	1986-09-26
47	Voluntario_47	1994-12-10
48	Voluntario_48	1991-04-19
49	Voluntario_49	1992-10-01
50	Voluntario_50	1988-05-26
51	Voluntario_51	1979-07-09
52	Voluntario_52	1970-08-23
53	Voluntario_53	1979-11-17
54	Voluntario_54	1983-09-01
55	Voluntario_55	1994-08-17
56	Voluntario_56	1985-08-09
57	Voluntario_57	1978-11-24
58	Voluntario_58	1985-03-28
59	Voluntario_59	1970-07-07
60	Voluntario_60	2001-07-28
61	Voluntario_61	1976-02-12
62	Voluntario_62	1977-04-17
63	Voluntario_63	1991-05-23
64	Voluntario_64	1999-05-28
65	Voluntario_65	1991-10-31
66	Voluntario_66	1977-03-11
67	Voluntario_67	1985-02-03
68	Voluntario_68	2000-11-17
69	Voluntario_69	1999-02-03
70	Voluntario_70	1999-05-07
71	Voluntario_71	2001-01-09
72	Voluntario_72	1992-06-01
73	Voluntario_73	1997-11-09
74	Voluntario_74	1970-12-11
75	Voluntario_75	1996-06-17
76	Voluntario_76	1976-12-04
77	Voluntario_77	1986-10-21
78	Voluntario_78	1983-02-18
79	Voluntario_79	1971-07-27
80	Voluntario_80	1997-08-02
81	Voluntario_81	1995-09-26
82	Voluntario_82	1986-07-04
83	Voluntario_83	1973-02-25
84	Voluntario_84	1997-12-14
85	Voluntario_85	1996-11-30
86	Voluntario_86	1992-10-09
87	Voluntario_87	1999-07-20
88	Voluntario_88	1988-06-16
89	Voluntario_89	1981-09-17
90	Voluntario_90	1985-05-23
91	Voluntario_91	1979-10-09
92	Voluntario_92	1976-01-16
93	Voluntario_93	2000-03-01
94	Voluntario_94	1973-02-21
95	Voluntario_95	1976-02-15
96	Voluntario_96	1983-02-24
97	Voluntario_97	1990-02-12
98	Voluntario_98	1996-07-24
99	Voluntario_99	1971-09-20
100	Voluntario_100	1998-03-15
101	Voluntario_101	1978-04-22
102	Voluntario_102	1990-04-21
103	Voluntario_103	1974-08-03
104	Voluntario_104	1976-11-15
105	Voluntario_105	1999-09-15
106	Voluntario_106	1983-04-27
107	Voluntario_107	1982-01-31
108	Voluntario_108	1984-03-05
109	Voluntario_109	1971-07-28
110	Voluntario_110	1985-01-03
111	Voluntario_111	1984-07-24
112	Voluntario_112	1975-10-20
113	Voluntario_113	1984-03-11
114	Voluntario_114	1978-01-15
115	Voluntario_115	1971-10-26
116	Voluntario_116	1987-07-30
117	Voluntario_117	1974-03-28
118	Voluntario_118	1998-12-17
119	Voluntario_119	1974-05-24
120	Voluntario_120	1999-01-27
121	Voluntario_121	1977-10-26
122	Voluntario_122	1992-07-20
123	Voluntario_123	1981-02-22
124	Voluntario_124	1984-12-23
125	Voluntario_125	1990-02-07
126	Voluntario_126	1972-12-29
127	Voluntario_127	1982-03-21
128	Voluntario_128	1998-12-14
129	Voluntario_129	1978-10-30
130	Voluntario_130	1991-08-26
131	Voluntario_131	1977-02-07
132	Voluntario_132	1999-09-12
133	Voluntario_133	1983-11-10
134	Voluntario_134	1974-09-04
135	Voluntario_135	1976-02-18
136	Voluntario_136	1997-02-15
137	Voluntario_137	1980-09-05
138	Voluntario_138	1987-05-24
139	Voluntario_139	1980-01-06
140	Voluntario_140	1976-01-01
141	Voluntario_141	1975-02-12
142	Voluntario_142	1987-03-19
143	Voluntario_143	1999-01-04
144	Voluntario_144	1986-04-05
145	Voluntario_145	1996-12-27
146	Voluntario_146	1993-08-30
147	Voluntario_147	1992-06-20
148	Voluntario_148	1993-10-20
149	Voluntario_149	2001-04-29
150	Voluntario_150	1974-01-05
151	Voluntario_151	1993-06-13
152	Voluntario_152	1972-10-25
153	Voluntario_153	1992-02-17
154	Voluntario_154	2000-06-05
155	Voluntario_155	1993-04-26
156	Voluntario_156	1974-10-14
157	Voluntario_157	1974-05-30
158	Voluntario_158	1972-08-22
159	Voluntario_159	1996-01-11
160	Voluntario_160	1997-06-04
161	Voluntario_161	1981-07-22
162	Voluntario_162	1989-09-16
163	Voluntario_163	1990-05-29
164	Voluntario_164	1997-01-24
165	Voluntario_165	1975-04-26
166	Voluntario_166	1988-11-04
167	Voluntario_167	1978-03-24
168	Voluntario_168	1975-10-03
169	Voluntario_169	1984-01-13
170	Voluntario_170	1972-11-04
171	Voluntario_171	2000-01-25
172	Voluntario_172	1970-04-04
173	Voluntario_173	2000-01-05
174	Voluntario_174	2001-05-08
175	Voluntario_175	1992-02-26
176	Voluntario_176	1999-03-07
177	Voluntario_177	1989-01-21
178	Voluntario_178	1995-01-12
179	Voluntario_179	1974-06-29
180	Voluntario_180	1977-07-02
181	Voluntario_181	1999-05-07
182	Voluntario_182	1984-11-03
183	Voluntario_183	1979-01-02
184	Voluntario_184	2001-08-07
185	Voluntario_185	1976-01-24
186	Voluntario_186	1984-12-15
187	Voluntario_187	1996-04-08
188	Voluntario_188	1983-05-29
189	Voluntario_189	1971-04-20
190	Voluntario_190	1995-04-08
191	Voluntario_191	1994-05-01
192	Voluntario_192	1982-07-20
193	Voluntario_193	1984-04-21
194	Voluntario_194	1988-08-18
195	Voluntario_195	1995-03-03
196	Voluntario_196	1973-10-27
197	Voluntario_197	1976-09-27
198	Voluntario_198	1988-03-25
199	Voluntario_199	1997-04-16
200	Voluntario_200	1995-08-16
201	Voluntario_201	1986-02-14
202	Voluntario_202	1996-07-02
203	Voluntario_203	1989-08-17
204	Voluntario_204	1988-07-05
205	Voluntario_205	1972-12-26
206	Voluntario_206	1970-06-12
207	Voluntario_207	1987-04-19
208	Voluntario_208	1976-10-31
209	Voluntario_209	1987-10-02
210	Voluntario_210	1974-05-31
211	Voluntario_211	1985-10-07
212	Voluntario_212	1978-09-23
213	Voluntario_213	2001-02-22
214	Voluntario_214	1988-07-24
215	Voluntario_215	1996-12-07
216	Voluntario_216	1979-04-26
217	Voluntario_217	1980-01-04
218	Voluntario_218	1980-02-07
219	Voluntario_219	1971-06-10
220	Voluntario_220	1997-09-20
221	Voluntario_221	1973-03-31
222	Voluntario_222	1971-02-28
223	Voluntario_223	1971-03-04
224	Voluntario_224	1993-03-25
225	Voluntario_225	1986-08-24
226	Voluntario_226	1976-09-29
227	Voluntario_227	1993-05-08
228	Voluntario_228	1971-03-29
229	Voluntario_229	1998-03-05
230	Voluntario_230	1998-07-22
231	Voluntario_231	1996-12-25
232	Voluntario_232	1992-07-05
233	Voluntario_233	1972-03-30
234	Voluntario_234	1998-11-09
235	Voluntario_235	1981-05-04
236	Voluntario_236	1995-08-21
237	Voluntario_237	1991-09-30
238	Voluntario_238	1982-11-06
239	Voluntario_239	1996-08-04
240	Voluntario_240	1997-01-17
241	Voluntario_241	1995-12-14
242	Voluntario_242	1972-10-16
243	Voluntario_243	1982-07-16
244	Voluntario_244	1977-09-13
245	Voluntario_245	2001-03-07
246	Voluntario_246	1981-05-28
247	Voluntario_247	1998-07-28
248	Voluntario_248	1973-12-23
249	Voluntario_249	1970-07-27
250	Voluntario_250	1989-07-25
251	Voluntario_251	1999-10-12
252	Voluntario_252	1994-06-08
253	Voluntario_253	1990-06-22
254	Voluntario_254	1973-06-20
255	Voluntario_255	1984-11-25
256	Voluntario_256	1977-12-21
257	Voluntario_257	1972-10-21
258	Voluntario_258	1995-09-11
259	Voluntario_259	1996-06-01
260	Voluntario_260	1996-08-23
261	Voluntario_261	1970-06-19
262	Voluntario_262	2001-03-14
263	Voluntario_263	1983-03-06
264	Voluntario_264	1983-06-14
265	Voluntario_265	1977-02-03
266	Voluntario_266	1982-06-01
267	Voluntario_267	1972-05-19
268	Voluntario_268	2001-07-13
269	Voluntario_269	1988-05-19
270	Voluntario_270	1988-12-10
271	Voluntario_271	1979-06-01
272	Voluntario_272	1982-12-22
273	Voluntario_273	1976-09-21
274	Voluntario_274	1973-12-21
275	Voluntario_275	1980-05-23
276	Voluntario_276	2001-06-13
277	Voluntario_277	1990-04-11
278	Voluntario_278	1982-12-26
279	Voluntario_279	1981-02-19
280	Voluntario_280	1988-04-01
281	Voluntario_281	1995-11-30
282	Voluntario_282	1985-06-26
283	Voluntario_283	1997-05-10
284	Voluntario_284	1977-03-19
285	Voluntario_285	1982-02-03
286	Voluntario_286	1999-07-25
287	Voluntario_287	1985-08-08
288	Voluntario_288	1997-02-26
289	Voluntario_289	1994-02-27
290	Voluntario_290	1993-01-22
291	Voluntario_291	1973-10-05
292	Voluntario_292	1985-01-19
293	Voluntario_293	1977-09-18
294	Voluntario_294	1974-04-14
295	Voluntario_295	1994-06-19
296	Voluntario_296	1989-02-01
297	Voluntario_297	1987-09-14
298	Voluntario_298	1989-05-02
299	Voluntario_299	1983-05-15
300	Voluntario_300	1981-06-24
301	Voluntario_301	1986-09-13
302	Voluntario_302	1985-07-16
303	Voluntario_303	2001-08-29
304	Voluntario_304	1990-01-07
305	Voluntario_305	1992-07-01
306	Voluntario_306	1990-05-08
307	Voluntario_307	1981-08-09
308	Voluntario_308	1971-08-17
309	Voluntario_309	1994-04-20
310	Voluntario_310	1974-12-25
311	Voluntario_311	1991-11-27
312	Voluntario_312	1990-05-14
313	Voluntario_313	1989-12-30
314	Voluntario_314	1970-04-15
315	Voluntario_315	1996-01-18
316	Voluntario_316	1995-10-12
317	Voluntario_317	1981-06-07
318	Voluntario_318	1979-04-14
319	Voluntario_319	1970-06-24
320	Voluntario_320	1992-06-08
321	Voluntario_321	1982-09-22
322	Voluntario_322	1985-09-19
323	Voluntario_323	1994-11-16
324	Voluntario_324	1970-08-03
325	Voluntario_325	1974-12-25
326	Voluntario_326	2000-01-15
327	Voluntario_327	1976-05-23
328	Voluntario_328	1985-12-16
329	Voluntario_329	1971-09-05
330	Voluntario_330	1977-11-04
331	Voluntario_331	1973-04-07
332	Voluntario_332	1989-04-14
333	Voluntario_333	1976-11-30
334	Voluntario_334	1978-05-01
335	Voluntario_335	1995-02-22
336	Voluntario_336	2001-02-20
337	Voluntario_337	1973-01-05
338	Voluntario_338	1987-01-28
339	Voluntario_339	1990-01-07
340	Voluntario_340	1992-06-23
341	Voluntario_341	1970-11-17
342	Voluntario_342	1974-01-24
343	Voluntario_343	1972-08-18
344	Voluntario_344	1972-03-26
345	Voluntario_345	1994-05-23
346	Voluntario_346	2001-01-20
347	Voluntario_347	2001-06-06
348	Voluntario_348	1997-10-05
349	Voluntario_349	1997-06-23
350	Voluntario_350	1992-08-04
351	Voluntario_351	1973-04-13
352	Voluntario_352	1980-03-15
353	Voluntario_353	1984-01-27
354	Voluntario_354	1977-09-23
355	Voluntario_355	1993-08-22
356	Voluntario_356	1985-10-21
357	Voluntario_357	1992-07-30
358	Voluntario_358	1976-05-25
359	Voluntario_359	2001-04-26
360	Voluntario_360	1991-04-22
361	Voluntario_361	1993-12-23
362	Voluntario_362	1986-12-20
363	Voluntario_363	1995-05-20
364	Voluntario_364	1987-10-11
365	Voluntario_365	1987-11-25
366	Voluntario_366	1988-10-18
367	Voluntario_367	1995-04-26
368	Voluntario_368	1996-09-27
369	Voluntario_369	1987-10-02
370	Voluntario_370	1991-04-15
371	Voluntario_371	1994-03-03
372	Voluntario_372	1974-01-21
373	Voluntario_373	1980-09-14
374	Voluntario_374	1974-03-13
375	Voluntario_375	1974-09-28
376	Voluntario_376	1994-11-29
377	Voluntario_377	1974-05-21
378	Voluntario_378	1986-01-04
379	Voluntario_379	1994-10-28
380	Voluntario_380	1979-08-26
381	Voluntario_381	1970-08-16
382	Voluntario_382	1987-07-04
383	Voluntario_383	1994-02-23
384	Voluntario_384	1983-01-20
385	Voluntario_385	1982-06-14
386	Voluntario_386	1996-01-11
387	Voluntario_387	1976-10-18
388	Voluntario_388	1991-06-02
389	Voluntario_389	1996-06-21
390	Voluntario_390	1990-12-03
391	Voluntario_391	1978-07-28
392	Voluntario_392	2000-10-14
393	Voluntario_393	1983-05-18
394	Voluntario_394	1988-05-13
395	Voluntario_395	1970-02-18
396	Voluntario_396	1975-09-24
397	Voluntario_397	1981-04-03
398	Voluntario_398	1986-03-31
399	Voluntario_399	2001-01-02
400	Voluntario_400	1983-01-24
401	Voluntario_401	1977-06-21
402	Voluntario_402	1988-03-30
403	Voluntario_403	1988-09-05
404	Voluntario_404	1992-03-13
405	Voluntario_405	1986-11-03
406	Voluntario_406	1998-10-06
407	Voluntario_407	1982-09-21
408	Voluntario_408	1979-09-04
409	Voluntario_409	1972-02-20
410	Voluntario_410	1985-09-29
411	Voluntario_411	1999-04-01
412	Voluntario_412	1973-06-20
413	Voluntario_413	1974-02-22
414	Voluntario_414	1981-02-12
415	Voluntario_415	1999-09-11
416	Voluntario_416	1989-06-01
417	Voluntario_417	2000-09-26
418	Voluntario_418	1996-06-15
419	Voluntario_419	1995-08-23
420	Voluntario_420	1986-12-14
421	Voluntario_421	1975-11-04
422	Voluntario_422	1997-09-26
423	Voluntario_423	2000-01-12
424	Voluntario_424	1984-05-16
425	Voluntario_425	1989-06-22
426	Voluntario_426	1980-11-16
427	Voluntario_427	1978-10-04
428	Voluntario_428	1991-06-13
429	Voluntario_429	1996-12-09
430	Voluntario_430	1997-04-19
431	Voluntario_431	1992-03-02
432	Voluntario_432	1998-01-05
433	Voluntario_433	1987-01-16
434	Voluntario_434	1978-10-25
435	Voluntario_435	1984-09-12
436	Voluntario_436	1992-01-06
437	Voluntario_437	1983-02-11
438	Voluntario_438	1973-02-02
439	Voluntario_439	1973-03-22
440	Voluntario_440	1996-01-14
441	Voluntario_441	1980-10-15
442	Voluntario_442	1978-12-08
443	Voluntario_443	1979-03-30
444	Voluntario_444	1990-06-07
445	Voluntario_445	1975-10-21
446	Voluntario_446	1975-04-19
447	Voluntario_447	1986-07-23
448	Voluntario_448	2000-03-20
449	Voluntario_449	1988-07-07
450	Voluntario_450	1994-01-09
451	Voluntario_451	1995-06-16
452	Voluntario_452	1996-11-16
453	Voluntario_453	1971-01-31
454	Voluntario_454	1984-04-01
455	Voluntario_455	1988-07-30
456	Voluntario_456	1975-07-16
457	Voluntario_457	1994-06-06
458	Voluntario_458	1991-08-06
459	Voluntario_459	2000-12-19
460	Voluntario_460	1977-06-21
461	Voluntario_461	1982-11-15
462	Voluntario_462	1996-01-02
463	Voluntario_463	2000-03-14
464	Voluntario_464	1987-02-12
465	Voluntario_465	1990-07-12
466	Voluntario_466	1985-08-07
467	Voluntario_467	1978-08-11
468	Voluntario_468	1992-12-25
469	Voluntario_469	2000-05-05
470	Voluntario_470	1984-06-19
471	Voluntario_471	1990-05-09
472	Voluntario_472	1987-09-30
473	Voluntario_473	1990-02-27
474	Voluntario_474	1982-08-06
475	Voluntario_475	1973-08-13
476	Voluntario_476	1972-02-25
477	Voluntario_477	1996-05-21
478	Voluntario_478	2000-05-24
479	Voluntario_479	1993-02-15
480	Voluntario_480	1976-12-09
481	Voluntario_481	1982-10-30
482	Voluntario_482	1994-02-27
483	Voluntario_483	1971-03-21
484	Voluntario_484	1972-08-08
485	Voluntario_485	1979-07-01
486	Voluntario_486	1986-10-31
487	Voluntario_487	1978-09-22
488	Voluntario_488	1972-04-21
489	Voluntario_489	1979-12-02
490	Voluntario_490	1982-05-25
491	Voluntario_491	1985-01-05
492	Voluntario_492	1991-05-06
493	Voluntario_493	1979-05-09
494	Voluntario_494	1971-05-20
495	Voluntario_495	1975-11-15
496	Voluntario_496	1978-01-03
497	Voluntario_497	1970-06-29
498	Voluntario_498	1989-11-12
499	Voluntario_499	1970-03-27
500	Voluntario_500	1977-01-08
501	Voluntario_501	1992-11-08
502	Voluntario_502	1981-03-21
503	Voluntario_503	1977-11-24
504	Voluntario_504	1992-09-30
505	Voluntario_505	2001-03-16
506	Voluntario_506	1971-10-04
507	Voluntario_507	1982-08-07
508	Voluntario_508	1971-03-28
509	Voluntario_509	1975-09-21
510	Voluntario_510	1975-10-22
511	Voluntario_511	2000-06-29
512	Voluntario_512	1987-12-31
513	Voluntario_513	2000-05-10
514	Voluntario_514	1973-12-14
515	Voluntario_515	1979-10-10
516	Voluntario_516	1980-11-03
517	Voluntario_517	1992-07-22
518	Voluntario_518	1976-05-09
519	Voluntario_519	1996-02-16
520	Voluntario_520	1977-08-27
521	Voluntario_521	1993-08-17
522	Voluntario_522	1994-02-21
523	Voluntario_523	1971-06-07
524	Voluntario_524	1981-06-18
525	Voluntario_525	1973-01-03
526	Voluntario_526	1979-06-15
527	Voluntario_527	1970-09-04
528	Voluntario_528	2000-02-08
529	Voluntario_529	1984-08-04
530	Voluntario_530	1986-05-15
531	Voluntario_531	1995-10-04
532	Voluntario_532	1997-07-07
533	Voluntario_533	1976-12-06
534	Voluntario_534	1989-11-19
535	Voluntario_535	1993-05-09
536	Voluntario_536	1971-12-07
537	Voluntario_537	1977-12-20
538	Voluntario_538	1984-05-16
539	Voluntario_539	1981-07-09
540	Voluntario_540	1979-03-22
541	Voluntario_541	1990-12-07
542	Voluntario_542	1991-09-03
543	Voluntario_543	1987-11-14
544	Voluntario_544	2000-11-25
545	Voluntario_545	1978-07-19
546	Voluntario_546	1983-06-20
547	Voluntario_547	1984-03-23
548	Voluntario_548	1988-12-02
549	Voluntario_549	1983-01-04
550	Voluntario_550	2000-04-16
551	Voluntario_551	1988-05-23
552	Voluntario_552	1994-03-24
553	Voluntario_553	1991-10-27
554	Voluntario_554	1984-10-18
555	Voluntario_555	1980-07-31
556	Voluntario_556	1976-11-06
557	Voluntario_557	1998-02-08
558	Voluntario_558	1980-08-07
559	Voluntario_559	1972-10-15
560	Voluntario_560	1974-10-30
561	Voluntario_561	1974-06-02
562	Voluntario_562	2000-03-23
563	Voluntario_563	1985-08-11
564	Voluntario_564	1978-02-07
565	Voluntario_565	1972-08-15
566	Voluntario_566	1979-02-18
567	Voluntario_567	1972-07-31
568	Voluntario_568	1993-10-17
569	Voluntario_569	1975-02-02
570	Voluntario_570	1986-10-24
571	Voluntario_571	1993-03-29
572	Voluntario_572	1997-06-06
573	Voluntario_573	2000-03-12
574	Voluntario_574	1989-09-25
575	Voluntario_575	2000-09-26
576	Voluntario_576	1983-03-15
577	Voluntario_577	1971-05-19
578	Voluntario_578	2000-02-26
579	Voluntario_579	1995-04-23
580	Voluntario_580	1976-07-26
581	Voluntario_581	1975-01-31
582	Voluntario_582	1991-04-11
583	Voluntario_583	1977-10-22
584	Voluntario_584	1970-09-30
585	Voluntario_585	2001-05-29
586	Voluntario_586	1993-11-02
587	Voluntario_587	1998-04-20
588	Voluntario_588	1998-09-08
589	Voluntario_589	1993-06-15
590	Voluntario_590	1976-02-23
591	Voluntario_591	1994-11-07
592	Voluntario_592	1970-10-22
593	Voluntario_593	1978-07-23
594	Voluntario_594	1975-07-19
595	Voluntario_595	1994-04-03
596	Voluntario_596	1995-05-26
597	Voluntario_597	1997-04-15
598	Voluntario_598	1983-03-21
599	Voluntario_599	1983-10-26
600	Voluntario_600	1972-08-31
601	Voluntario_601	1978-11-14
602	Voluntario_602	1994-08-14
603	Voluntario_603	1985-06-06
604	Voluntario_604	1976-09-09
605	Voluntario_605	1991-01-22
606	Voluntario_606	2000-10-31
607	Voluntario_607	1978-05-17
608	Voluntario_608	1972-03-23
609	Voluntario_609	1981-02-23
610	Voluntario_610	1997-12-23
611	Voluntario_611	1978-06-04
612	Voluntario_612	1997-05-18
613	Voluntario_613	1995-12-22
614	Voluntario_614	1995-07-09
615	Voluntario_615	1986-12-20
616	Voluntario_616	1988-07-05
617	Voluntario_617	1975-10-24
618	Voluntario_618	1973-04-06
619	Voluntario_619	1983-01-03
620	Voluntario_620	1999-08-20
621	Voluntario_621	1991-02-19
622	Voluntario_622	1999-11-16
623	Voluntario_623	1982-02-04
624	Voluntario_624	1990-01-18
625	Voluntario_625	1972-03-04
626	Voluntario_626	2001-02-23
627	Voluntario_627	1976-10-11
628	Voluntario_628	1984-12-20
629	Voluntario_629	1993-04-03
630	Voluntario_630	1984-03-29
631	Voluntario_631	1980-04-11
632	Voluntario_632	1996-10-21
633	Voluntario_633	1980-11-11
634	Voluntario_634	1993-08-14
635	Voluntario_635	1991-10-08
636	Voluntario_636	1991-11-01
637	Voluntario_637	1985-02-23
638	Voluntario_638	1989-06-16
639	Voluntario_639	1972-06-07
640	Voluntario_640	1988-11-30
641	Voluntario_641	1989-12-19
642	Voluntario_642	2000-08-18
643	Voluntario_643	1993-03-08
644	Voluntario_644	2001-07-26
645	Voluntario_645	1983-02-06
646	Voluntario_646	1977-06-03
647	Voluntario_647	1982-08-22
648	Voluntario_648	1985-08-16
649	Voluntario_649	1990-08-22
650	Voluntario_650	1991-06-27
651	Voluntario_651	1997-05-16
652	Voluntario_652	1986-04-05
653	Voluntario_653	1971-11-21
654	Voluntario_654	1995-01-07
655	Voluntario_655	1996-01-01
656	Voluntario_656	1988-08-04
657	Voluntario_657	1970-09-26
658	Voluntario_658	1970-11-14
659	Voluntario_659	1997-12-09
660	Voluntario_660	1990-12-17
661	Voluntario_661	1997-09-10
662	Voluntario_662	1994-06-01
663	Voluntario_663	1999-06-27
664	Voluntario_664	1989-09-10
665	Voluntario_665	1973-04-14
666	Voluntario_666	1971-06-03
667	Voluntario_667	1980-10-07
668	Voluntario_668	1987-06-05
669	Voluntario_669	1984-10-30
670	Voluntario_670	1998-06-17
671	Voluntario_671	1971-12-06
672	Voluntario_672	1998-01-01
673	Voluntario_673	1973-04-04
674	Voluntario_674	1970-10-30
675	Voluntario_675	1971-08-02
676	Voluntario_676	1984-09-17
677	Voluntario_677	1976-10-04
678	Voluntario_678	1999-01-02
679	Voluntario_679	1981-11-20
680	Voluntario_680	1993-02-26
681	Voluntario_681	1991-02-23
682	Voluntario_682	1992-01-23
683	Voluntario_683	1988-07-04
684	Voluntario_684	1976-11-16
685	Voluntario_685	1990-08-17
686	Voluntario_686	1999-02-18
687	Voluntario_687	1977-02-25
688	Voluntario_688	2001-04-08
689	Voluntario_689	1978-01-24
690	Voluntario_690	1992-01-22
691	Voluntario_691	1986-10-21
692	Voluntario_692	1977-07-10
693	Voluntario_693	1983-12-14
694	Voluntario_694	1971-03-07
695	Voluntario_695	1977-02-05
696	Voluntario_696	1994-05-07
697	Voluntario_697	1993-01-26
698	Voluntario_698	1986-08-13
699	Voluntario_699	1997-07-17
700	Voluntario_700	1998-09-14
701	Voluntario_701	1977-08-08
702	Voluntario_702	1996-01-06
703	Voluntario_703	1973-08-30
704	Voluntario_704	1992-03-12
705	Voluntario_705	1998-10-06
706	Voluntario_706	1971-01-15
707	Voluntario_707	2001-07-26
708	Voluntario_708	1990-08-28
709	Voluntario_709	1979-03-29
710	Voluntario_710	1999-01-20
711	Voluntario_711	1981-05-24
712	Voluntario_712	1973-05-05
713	Voluntario_713	1988-07-26
714	Voluntario_714	2000-07-05
715	Voluntario_715	2000-04-12
716	Voluntario_716	1974-12-27
717	Voluntario_717	1999-01-04
718	Voluntario_718	1998-08-29
719	Voluntario_719	1982-11-07
720	Voluntario_720	1971-04-17
721	Voluntario_721	1970-01-17
722	Voluntario_722	1987-01-09
723	Voluntario_723	1997-10-24
724	Voluntario_724	1994-04-09
725	Voluntario_725	1991-03-21
726	Voluntario_726	1977-10-01
727	Voluntario_727	1992-08-19
728	Voluntario_728	1976-09-11
729	Voluntario_729	1991-11-17
730	Voluntario_730	1982-10-23
731	Voluntario_731	1985-01-06
732	Voluntario_732	1978-03-03
733	Voluntario_733	1983-04-04
734	Voluntario_734	1979-05-05
735	Voluntario_735	2001-10-12
736	Voluntario_736	1985-05-26
737	Voluntario_737	1993-08-24
738	Voluntario_738	1983-08-14
739	Voluntario_739	1971-03-18
740	Voluntario_740	1993-08-28
741	Voluntario_741	1983-10-24
742	Voluntario_742	1988-01-09
743	Voluntario_743	1979-10-31
744	Voluntario_744	1970-11-13
745	Voluntario_745	2001-03-10
746	Voluntario_746	1997-02-10
747	Voluntario_747	1988-05-24
748	Voluntario_748	1989-10-15
749	Voluntario_749	1991-01-05
750	Voluntario_750	1977-11-01
751	Voluntario_751	1989-03-18
752	Voluntario_752	1970-07-30
753	Voluntario_753	1983-12-02
754	Voluntario_754	1983-12-12
755	Voluntario_755	2000-02-07
756	Voluntario_756	1977-11-09
757	Voluntario_757	1990-11-18
758	Voluntario_758	1998-02-18
759	Voluntario_759	1985-03-11
760	Voluntario_760	1988-10-04
761	Voluntario_761	1977-04-04
762	Voluntario_762	1994-05-12
763	Voluntario_763	1992-09-19
764	Voluntario_764	2000-07-03
765	Voluntario_765	2000-11-05
766	Voluntario_766	1971-08-04
767	Voluntario_767	1991-11-10
768	Voluntario_768	1979-09-29
769	Voluntario_769	1990-04-07
770	Voluntario_770	1978-03-18
771	Voluntario_771	1977-03-25
772	Voluntario_772	1999-05-19
773	Voluntario_773	1986-01-25
774	Voluntario_774	1995-06-20
775	Voluntario_775	1978-01-25
776	Voluntario_776	1986-07-22
777	Voluntario_777	1995-06-28
778	Voluntario_778	1993-03-31
779	Voluntario_779	1975-07-19
780	Voluntario_780	1979-04-24
781	Voluntario_781	2001-06-20
782	Voluntario_782	1978-12-17
783	Voluntario_783	1983-01-14
784	Voluntario_784	1991-12-12
785	Voluntario_785	1996-07-03
786	Voluntario_786	1979-01-02
787	Voluntario_787	2000-11-01
788	Voluntario_788	1986-02-12
789	Voluntario_789	1997-10-12
790	Voluntario_790	1980-05-18
791	Voluntario_791	1995-03-09
792	Voluntario_792	1996-11-24
793	Voluntario_793	1971-08-26
794	Voluntario_794	1999-07-30
795	Voluntario_795	2001-08-16
796	Voluntario_796	1993-07-12
797	Voluntario_797	1974-01-28
798	Voluntario_798	1974-06-27
799	Voluntario_799	1980-01-15
800	Voluntario_800	1981-09-12
801	Voluntario_801	1994-06-11
802	Voluntario_802	1972-01-12
803	Voluntario_803	1975-02-04
804	Voluntario_804	1981-07-07
805	Voluntario_805	1977-10-06
806	Voluntario_806	1995-05-19
807	Voluntario_807	1991-02-19
808	Voluntario_808	1979-04-30
809	Voluntario_809	1990-05-29
810	Voluntario_810	1986-09-18
811	Voluntario_811	1988-10-18
812	Voluntario_812	1972-08-02
813	Voluntario_813	1996-11-05
814	Voluntario_814	1974-06-16
815	Voluntario_815	1980-11-09
816	Voluntario_816	1972-07-30
817	Voluntario_817	1977-01-25
818	Voluntario_818	1976-08-08
819	Voluntario_819	1991-05-17
820	Voluntario_820	1994-08-10
821	Voluntario_821	1971-09-04
822	Voluntario_822	1997-09-03
823	Voluntario_823	1989-07-30
824	Voluntario_824	1990-11-26
825	Voluntario_825	1974-03-23
826	Voluntario_826	1984-09-23
827	Voluntario_827	2001-08-12
828	Voluntario_828	1984-01-20
829	Voluntario_829	1974-02-15
830	Voluntario_830	1977-03-15
831	Voluntario_831	1975-06-13
832	Voluntario_832	1996-03-21
833	Voluntario_833	1998-01-23
834	Voluntario_834	1990-08-26
835	Voluntario_835	1985-01-17
836	Voluntario_836	1979-12-14
837	Voluntario_837	1972-05-28
838	Voluntario_838	1982-05-29
839	Voluntario_839	1988-03-27
840	Voluntario_840	1990-10-25
841	Voluntario_841	1977-02-03
842	Voluntario_842	1993-04-07
843	Voluntario_843	1976-10-20
844	Voluntario_844	1992-10-31
845	Voluntario_845	1996-02-10
846	Voluntario_846	2000-05-25
847	Voluntario_847	1988-06-15
848	Voluntario_848	1975-10-01
849	Voluntario_849	1971-11-13
850	Voluntario_850	1992-01-11
851	Voluntario_851	1984-04-07
852	Voluntario_852	1990-12-21
853	Voluntario_853	1987-09-23
854	Voluntario_854	1999-02-15
855	Voluntario_855	1970-07-17
856	Voluntario_856	1982-05-21
857	Voluntario_857	1988-01-28
858	Voluntario_858	1998-11-21
859	Voluntario_859	1976-03-02
860	Voluntario_860	1998-04-02
861	Voluntario_861	1990-08-06
862	Voluntario_862	1998-07-05
863	Voluntario_863	1992-10-24
864	Voluntario_864	2000-10-02
865	Voluntario_865	1983-01-08
866	Voluntario_866	1979-07-28
867	Voluntario_867	1997-07-05
868	Voluntario_868	1981-08-27
869	Voluntario_869	1999-10-06
870	Voluntario_870	1988-07-10
871	Voluntario_871	1982-12-31
872	Voluntario_872	1981-11-16
873	Voluntario_873	1994-01-06
874	Voluntario_874	1980-01-03
875	Voluntario_875	1986-10-16
876	Voluntario_876	1982-04-04
877	Voluntario_877	1974-06-26
878	Voluntario_878	2001-04-05
879	Voluntario_879	1980-06-02
880	Voluntario_880	1979-12-10
881	Voluntario_881	2000-03-13
882	Voluntario_882	1976-08-16
883	Voluntario_883	1977-03-14
884	Voluntario_884	1982-08-11
885	Voluntario_885	1995-10-11
886	Voluntario_886	1984-02-29
887	Voluntario_887	1981-06-09
888	Voluntario_888	1976-02-13
889	Voluntario_889	1982-01-17
890	Voluntario_890	1999-11-09
891	Voluntario_891	1996-12-15
892	Voluntario_892	1997-06-15
893	Voluntario_893	1973-12-31
894	Voluntario_894	1974-09-25
895	Voluntario_895	1991-06-18
896	Voluntario_896	1992-06-24
897	Voluntario_897	1991-06-18
898	Voluntario_898	1999-01-02
899	Voluntario_899	1976-08-27
900	Voluntario_900	1981-08-01
901	Voluntario_901	1979-07-03
902	Voluntario_902	1991-12-08
903	Voluntario_903	1973-05-20
904	Voluntario_904	1993-06-07
905	Voluntario_905	1985-02-10
906	Voluntario_906	1989-05-20
907	Voluntario_907	1984-12-09
908	Voluntario_908	1997-01-18
909	Voluntario_909	1980-07-29
910	Voluntario_910	1980-04-25
911	Voluntario_911	1995-03-23
912	Voluntario_912	1995-10-03
913	Voluntario_913	1999-11-03
914	Voluntario_914	1996-01-19
915	Voluntario_915	1991-01-20
916	Voluntario_916	1974-09-28
917	Voluntario_917	1983-07-28
918	Voluntario_918	1970-01-09
919	Voluntario_919	1979-10-03
920	Voluntario_920	1978-08-03
921	Voluntario_921	1976-05-24
922	Voluntario_922	1972-05-12
923	Voluntario_923	1975-10-05
924	Voluntario_924	2001-05-13
925	Voluntario_925	1980-08-23
926	Voluntario_926	1994-12-18
927	Voluntario_927	1981-12-17
928	Voluntario_928	1992-06-27
929	Voluntario_929	1982-05-14
930	Voluntario_930	1989-03-14
931	Voluntario_931	1983-01-05
932	Voluntario_932	1973-10-06
933	Voluntario_933	1982-05-03
934	Voluntario_934	2001-09-23
935	Voluntario_935	1997-08-09
936	Voluntario_936	1990-06-19
937	Voluntario_937	1975-12-10
938	Voluntario_938	1985-02-16
939	Voluntario_939	1984-06-08
940	Voluntario_940	1982-09-26
941	Voluntario_941	1994-01-30
942	Voluntario_942	1978-11-16
943	Voluntario_943	1988-01-06
944	Voluntario_944	1977-04-24
945	Voluntario_945	1978-04-18
946	Voluntario_946	1976-05-26
947	Voluntario_947	1983-10-08
948	Voluntario_948	1997-04-09
949	Voluntario_949	1989-05-24
950	Voluntario_950	2000-06-28
951	Voluntario_951	1973-01-15
952	Voluntario_952	1970-09-05
953	Voluntario_953	1994-01-11
954	Voluntario_954	1999-09-25
955	Voluntario_955	1976-07-28
956	Voluntario_956	1979-09-22
957	Voluntario_957	1976-12-15
958	Voluntario_958	1974-04-18
959	Voluntario_959	2001-02-18
960	Voluntario_960	2001-12-05
961	Voluntario_961	1999-01-17
962	Voluntario_962	2000-07-11
963	Voluntario_963	1977-08-05
964	Voluntario_964	1975-03-03
965	Voluntario_965	1988-11-29
966	Voluntario_966	1979-04-02
967	Voluntario_967	1971-12-08
968	Voluntario_968	1972-09-22
969	Voluntario_969	1983-08-19
970	Voluntario_970	1995-12-16
971	Voluntario_971	1978-07-27
972	Voluntario_972	1993-05-05
973	Voluntario_973	1987-12-02
974	Voluntario_974	1988-03-25
975	Voluntario_975	1970-10-18
976	Voluntario_976	2000-01-14
977	Voluntario_977	1997-11-25
978	Voluntario_978	1997-01-30
979	Voluntario_979	1982-01-29
980	Voluntario_980	1992-05-08
981	Voluntario_981	1978-10-07
982	Voluntario_982	1986-08-12
983	Voluntario_983	1993-10-01
984	Voluntario_984	1996-11-19
985	Voluntario_985	1970-08-25
986	Voluntario_986	2000-10-23
987	Voluntario_987	1976-07-31
988	Voluntario_988	1993-07-03
989	Voluntario_989	1994-05-03
990	Voluntario_990	1981-10-05
991	Voluntario_991	1994-09-04
992	Voluntario_992	1978-08-08
993	Voluntario_993	1983-12-30
994	Voluntario_994	1976-03-08
995	Voluntario_995	1977-12-08
996	Voluntario_996	1986-03-15
997	Voluntario_997	2000-01-29
998	Voluntario_998	1990-03-27
999	Voluntario_999	1996-03-27
\.


--
-- TOC entry 3669 (class 0 OID 0)
-- Dependencies: 219
-- Name: log_id_seq; Type: SEQUENCE SET; Schema: public; Owner: postgres
--

SELECT pg_catalog.setval('public.log_id_seq', 5, true);


--
-- TOC entry 3475 (class 2606 OID 25566)
-- Name: eme_habilidad eme_habilidad_pkey; Type: CONSTRAINT; Schema: public; Owner: postgres
--

ALTER TABLE ONLY public.eme_habilidad
    ADD CONSTRAINT eme_habilidad_pkey PRIMARY KEY (id);


--
-- TOC entry 3477 (class 2606 OID 25568)
-- Name: emergencia emergencia_pkey; Type: CONSTRAINT; Schema: public; Owner: postgres
--

ALTER TABLE ONLY public.emergencia
    ADD CONSTRAINT emergencia_pkey PRIMARY KEY (id);


--
-- TOC entry 3479 (class 2606 OID 25570)
-- Name: estado_tarea estado_tarea_pkey; Type: CONSTRAINT; Schema: public; Owner: postgres
--

ALTER TABLE ONLY public.estado_tarea
    ADD CONSTRAINT estado_tarea_pkey PRIMARY KEY (id);


--
-- TOC entry 3481 (class 2606 OID 25572)
-- Name: habilidad habilidad_pkey; Type: CONSTRAINT; Schema: public; Owner: postgres
--

ALTER TABLE ONLY public.habilidad
    ADD CONSTRAINT habilidad_pkey PRIMARY KEY (id);


--
-- TOC entry 3495 (class 2606 OID 25645)
-- Name: log id; Type: CONSTRAINT; Schema: public; Owner: postgres
--

ALTER TABLE ONLY public.log
    ADD CONSTRAINT id PRIMARY KEY (id);


--
-- TOC entry 3483 (class 2606 OID 25574)
-- Name: institucion institucion_pkey; Type: CONSTRAINT; Schema: public; Owner: postgres
--

ALTER TABLE ONLY public.institucion
    ADD CONSTRAINT institucion_pkey PRIMARY KEY (id);


--
-- TOC entry 3485 (class 2606 OID 25576)
-- Name: ranking ranking_pkey; Type: CONSTRAINT; Schema: public; Owner: postgres
--

ALTER TABLE ONLY public.ranking
    ADD CONSTRAINT ranking_pkey PRIMARY KEY (id);


--
-- TOC entry 3489 (class 2606 OID 25578)
-- Name: tarea_habilidad tarea_habilidad_pkey; Type: CONSTRAINT; Schema: public; Owner: postgres
--

ALTER TABLE ONLY public.tarea_habilidad
    ADD CONSTRAINT tarea_habilidad_pkey PRIMARY KEY (id);


--
-- TOC entry 3487 (class 2606 OID 25580)
-- Name: tarea tarea_pkey; Type: CONSTRAINT; Schema: public; Owner: postgres
--

ALTER TABLE ONLY public.tarea
    ADD CONSTRAINT tarea_pkey PRIMARY KEY (id);


--
-- TOC entry 3491 (class 2606 OID 25582)
-- Name: vol_habilidad vol_habilidad_pkey; Type: CONSTRAINT; Schema: public; Owner: postgres
--

ALTER TABLE ONLY public.vol_habilidad
    ADD CONSTRAINT vol_habilidad_pkey PRIMARY KEY (id);


--
-- TOC entry 3493 (class 2606 OID 25584)
-- Name: voluntario voluntario_pkey; Type: CONSTRAINT; Schema: public; Owner: postgres
--

ALTER TABLE ONLY public.voluntario
    ADD CONSTRAINT voluntario_pkey PRIMARY KEY (id);


--
-- TOC entry 3510 (class 2620 OID 25710)
-- Name: ranking ranking_update; Type: TRIGGER; Schema: public; Owner: postgres
--

CREATE TRIGGER ranking_update AFTER UPDATE ON public.ranking REFERENCING OLD TABLE AS old_table NEW TABLE AS new_table FOR EACH ROW EXECUTE FUNCTION public.process_log();


--
-- TOC entry 3496 (class 2606 OID 25585)
-- Name: eme_habilidad fk_emehab_emergencia; Type: FK CONSTRAINT; Schema: public; Owner: postgres
--

ALTER TABLE ONLY public.eme_habilidad
    ADD CONSTRAINT fk_emehab_emergencia FOREIGN KEY (id_emergencia) REFERENCES public.emergencia(id);


--
-- TOC entry 3497 (class 2606 OID 25590)
-- Name: eme_habilidad fk_emehab_habilidad; Type: FK CONSTRAINT; Schema: public; Owner: postgres
--

ALTER TABLE ONLY public.eme_habilidad
    ADD CONSTRAINT fk_emehab_habilidad FOREIGN KEY (id_habilidad) REFERENCES public.habilidad(id);


--
-- TOC entry 3498 (class 2606 OID 25595)
-- Name: emergencia fk_emergencia_institucion; Type: FK CONSTRAINT; Schema: public; Owner: postgres
--

ALTER TABLE ONLY public.emergencia
    ADD CONSTRAINT fk_emergencia_institucion FOREIGN KEY (id_institucion) REFERENCES public.institucion(id);


--
-- TOC entry 3508 (class 2606 OID 25651)
-- Name: log fk_log_tarea; Type: FK CONSTRAINT; Schema: public; Owner: postgres
--

ALTER TABLE ONLY public.log
    ADD CONSTRAINT fk_log_tarea FOREIGN KEY (id_tarea) REFERENCES public.tarea(id);


--
-- TOC entry 3507 (class 2606 OID 25646)
-- Name: log fk_log_voluntario; Type: FK CONSTRAINT; Schema: public; Owner: postgres
--

ALTER TABLE ONLY public.log
    ADD CONSTRAINT fk_log_voluntario FOREIGN KEY (id_voluntario) REFERENCES public.voluntario(id);


--
-- TOC entry 3499 (class 2606 OID 25600)
-- Name: ranking fk_ranking_tarea; Type: FK CONSTRAINT; Schema: public; Owner: postgres
--

ALTER TABLE ONLY public.ranking
    ADD CONSTRAINT fk_ranking_tarea FOREIGN KEY (id_tarea) REFERENCES public.tarea(id);


--
-- TOC entry 3500 (class 2606 OID 25605)
-- Name: ranking fk_ranking_voluntario; Type: FK CONSTRAINT; Schema: public; Owner: postgres
--

ALTER TABLE ONLY public.ranking
    ADD CONSTRAINT fk_ranking_voluntario FOREIGN KEY (id_voluntario) REFERENCES public.voluntario(id);


--
-- TOC entry 3501 (class 2606 OID 25610)
-- Name: tarea fk_tarea_emergencia; Type: FK CONSTRAINT; Schema: public; Owner: postgres
--

ALTER TABLE ONLY public.tarea
    ADD CONSTRAINT fk_tarea_emergencia FOREIGN KEY (id_emergencia) REFERENCES public.emergencia(id);


--
-- TOC entry 3502 (class 2606 OID 25615)
-- Name: tarea fk_tarea_estadotarea; Type: FK CONSTRAINT; Schema: public; Owner: postgres
--

ALTER TABLE ONLY public.tarea
    ADD CONSTRAINT fk_tarea_estadotarea FOREIGN KEY (id_estado) REFERENCES public.estado_tarea(id);


--
-- TOC entry 3503 (class 2606 OID 25620)
-- Name: tarea_habilidad fk_tareahab_emehab; Type: FK CONSTRAINT; Schema: public; Owner: postgres
--

ALTER TABLE ONLY public.tarea_habilidad
    ADD CONSTRAINT fk_tareahab_emehab FOREIGN KEY (id_emehab) REFERENCES public.eme_habilidad(id);


--
-- TOC entry 3504 (class 2606 OID 25625)
-- Name: tarea_habilidad fk_tareahab_tarea; Type: FK CONSTRAINT; Schema: public; Owner: postgres
--

ALTER TABLE ONLY public.tarea_habilidad
    ADD CONSTRAINT fk_tareahab_tarea FOREIGN KEY (id_tarea) REFERENCES public.tarea(id);


--
-- TOC entry 3505 (class 2606 OID 25630)
-- Name: vol_habilidad fk_volhab_habilidad; Type: FK CONSTRAINT; Schema: public; Owner: postgres
--

ALTER TABLE ONLY public.vol_habilidad
    ADD CONSTRAINT fk_volhab_habilidad FOREIGN KEY (id_habilidad) REFERENCES public.habilidad(id);


--
-- TOC entry 3506 (class 2606 OID 25635)
-- Name: vol_habilidad fk_volhab_voluntario; Type: FK CONSTRAINT; Schema: public; Owner: postgres
--

ALTER TABLE ONLY public.vol_habilidad
    ADD CONSTRAINT fk_volhab_voluntario FOREIGN KEY (id_voluntario) REFERENCES public.voluntario(id);


-- Completed on 2022-10-08 00:28:05 -03

--
-- PostgreSQL database dump complete
--

